collection_id,product_url,product_handle,product_title,price,source_file
TONES-COL-0001,https://www.tonesfashion.com/collections/above-1000/products/3-t-shirt-combo,3-t-shirt-combo,3 T-shirt Combo,1999.00,01_RAW_DATA\collections_html\TONES-COL-0001.html
TONES-COL-0001,https://www.tonesfashion.com/collections/above-1000/products/acid-wash-muscle-tee,acid-wash-muscle-tee,ACID WASH MUSCLE TEE,1299.00,01_RAW_DATA\collections_html\TONES-COL-0001.html
TONES-COL-0001,https://www.tonesfashion.com/collections/above-1000/products/anti-perfect-tee-cofee-beige,anti-perfect-tee-cofee-beige,ANTI-PERFECT OVERSIZED TEE - COFEE BEIGE,1499.00,01_RAW_DATA\collections_html\TONES-COL-0001.html
TONES-COL-0001,https://www.tonesfashion.com/collections/above-1000/products/double-pocket-black-shirt,double-pocket-black-shirt,Black - Double Pocket Shirt,2000.00,01_RAW_DATA\collections_html\TONES-COL-0001.html
TONES-COL-0001,https://www.tonesfashion.com/collections/above-1000/products/black-flannel-double-pocket-shirt,black-flannel-double-pocket-shirt,BLACK DOUBLE POCKET FLANNEL SHIRT,2499.00,01_RAW_DATA\collections_html\TONES-COL-0001.html
TONES-COL-0001,https://www.tonesfashion.com/collections/above-1000/products/blue-checks-flanel,blue-checks-flanel,Blue Checks Flannel,2999.00,01_RAW_DATA\collections_html\TONES-COL-0001.html
TONES-COL-0001,https://www.tonesfashion.com/collections/above-1000/products/blue-drip-sweatshirt-copy,blue-drip-sweatshirt-copy,Blue Drip Sweatshirt,2299.00,01_RAW_DATA\collections_html\TONES-COL-0001.html
TONES-COL-0001,https://www.tonesfashion.com/collections/above-1000/products/deep-sage-gauze-cotton-shirt-copy,deep-sage-gauze-cotton-shirt-copy,Blue Oxford Shirt,2499.00,01_RAW_DATA\collections_html\TONES-COL-0001.html
TONES-COL-0001,https://www.tonesfashion.com/collections/above-1000/products/rustic-brown-acid-wash-t-shirt,rustic-brown-acid-wash-t-shirt,Brown Acid Wash Ringer T-Shirt,1599.00,01_RAW_DATA\collections_html\TONES-COL-0001.html
TONES-COL-0001,https://www.tonesfashion.com/collections/above-1000/products/brown-checks-flanel,brown-checks-flanel,Brown Checks Flannel,2999.00,01_RAW_DATA\collections_html\TONES-COL-0001.html
TONES-COL-0001,https://www.tonesfashion.com/collections/above-1000/products/brown-double-pocket-shacket,brown-double-pocket-shacket,BROWN DOUBLE POCKET FLANNEL SHACKET,3499.00,01_RAW_DATA\collections_html\TONES-COL-0001.html
TONES-COL-0001,https://www.tonesfashion.com/collections/above-1000/products/burgundy-satin-shirt,burgundy-satin-shirt,Burgundy - Satin Shirt,2499.00,01_RAW_DATA\collections_html\TONES-COL-0001.html
TONES-COL-0002,https://www.tonesfashion.com/collections/accessories/products/tones-embroidery-cap-brown,tones-embroidery-cap-brown,Tones Embroidery Cap - Brown,699.00,01_RAW_DATA\collections_html\TONES-COL-0002.html
TONES-COL-0002,https://www.tonesfashion.com/collections/accessories/products/3-t-shirt-combo,3-t-shirt-combo,3 T-shirt Combo,1999.00,01_RAW_DATA\collections_html\TONES-COL-0002.html
TONES-COL-0002,https://www.tonesfashion.com/collections/accessories/products/acid-wash-muscle-tee,acid-wash-muscle-tee,ACID WASH MUSCLE TEE,1299.00,01_RAW_DATA\collections_html\TONES-COL-0002.html
TONES-COL-0002,https://www.tonesfashion.com/collections/accessories/products/anti-perfect-tee-cofee-beige,anti-perfect-tee-cofee-beige,ANTI-PERFECT OVERSIZED TEE - COFEE BEIGE,1499.00,01_RAW_DATA\collections_html\TONES-COL-0002.html
TONES-COL-0002,https://www.tonesfashion.com/collections/accessories/products/double-pocket-black-shirt,double-pocket-black-shirt,Black - Double Pocket Shirt,2000.00,01_RAW_DATA\collections_html\TONES-COL-0002.html
TONES-COL-0002,https://www.tonesfashion.com/collections/accessories/products/black-flannel-double-pocket-shirt,black-flannel-double-pocket-shirt,BLACK DOUBLE POCKET FLANNEL SHIRT,2499.00,01_RAW_DATA\collections_html\TONES-COL-0002.html
TONES-COL-0002,https://www.tonesfashion.com/collections/accessories/products/blue-checks-flanel,blue-checks-flanel,Blue Checks Flannel,2999.00,01_RAW_DATA\collections_html\TONES-COL-0002.html
TONES-COL-0002,https://www.tonesfashion.com/collections/accessories/products/blue-drip-sweatshirt-copy,blue-drip-sweatshirt-copy,Blue Drip Sweatshirt,2299.00,01_RAW_DATA\collections_html\TONES-COL-0002.html
TONES-COL-0002,https://www.tonesfashion.com/collections/accessories/products/deep-sage-gauze-cotton-shirt-copy,deep-sage-gauze-cotton-shirt-copy,Blue Oxford Shirt,2499.00,01_RAW_DATA\collections_html\TONES-COL-0002.html
TONES-COL-0002,https://www.tonesfashion.com/collections/accessories/products/rustic-brown-acid-wash-t-shirt,rustic-brown-acid-wash-t-shirt,Brown Acid Wash Ringer T-Shirt,1599.00,01_RAW_DATA\collections_html\TONES-COL-0002.html
TONES-COL-0002,https://www.tonesfashion.com/collections/accessories/products/brown-checks-flanel,brown-checks-flanel,Brown Checks Flannel,2999.00,01_RAW_DATA\collections_html\TONES-COL-0002.html
TONES-COL-0002,https://www.tonesfashion.com/collections/accessories/products/brown-double-pocket-shacket,brown-double-pocket-shacket,BROWN DOUBLE POCKET FLANNEL SHACKET,3499.00,01_RAW_DATA\collections_html\TONES-COL-0002.html
TONES-COL-0002,https://www.tonesfashion.com/collections/accessories/products/burgundy-satin-shirt,burgundy-satin-shirt,Burgundy - Satin Shirt,2499.00,01_RAW_DATA\collections_html\TONES-COL-0002.html
TONES-COL-0003,https://www.tonesfashion.com/collections/acid-wash-collection/products/navy-blue-acid-wash-t-shirt-2,navy-blue-acid-wash-t-shirt-2,Navy Blue Acid Wash Ringer T-Shirt,1599.00,01_RAW_DATA\collections_html\TONES-COL-0003.html
TONES-COL-0003,https://www.tonesfashion.com/collections/acid-wash-collection/products/navy-blue-acid-wash-t-shirt-1,navy-blue-acid-wash-t-shirt-1,Red Acid Wash Ringer T-Shirt,1599.00,01_RAW_DATA\collections_html\TONES-COL-0003.html
TONES-COL-0003,https://www.tonesfashion.com/collections/acid-wash-collection/products/rustic-brown-acid-wash-t-shirt,rustic-brown-acid-wash-t-shirt,Brown Acid Wash Ringer T-Shirt,1599.00,01_RAW_DATA\collections_html\TONES-COL-0003.html
TONES-COL-0003,https://www.tonesfashion.com/collections/acid-wash-collection/products/3-t-shirt-combo,3-t-shirt-combo,3 T-shirt Combo,1999.00,01_RAW_DATA\collections_html\TONES-COL-0003.html
TONES-COL-0003,https://www.tonesfashion.com/collections/acid-wash-collection/products/acid-wash-muscle-tee,acid-wash-muscle-tee,ACID WASH MUSCLE TEE,1299.00,01_RAW_DATA\collections_html\TONES-COL-0003.html
TONES-COL-0003,https://www.tonesfashion.com/collections/acid-wash-collection/products/anti-perfect-tee-cofee-beige,anti-perfect-tee-cofee-beige,ANTI-PERFECT OVERSIZED TEE - COFEE BEIGE,1499.00,01_RAW_DATA\collections_html\TONES-COL-0003.html
TONES-COL-0003,https://www.tonesfashion.com/collections/acid-wash-collection/products/double-pocket-black-shirt,double-pocket-black-shirt,Black - Double Pocket Shirt,2000.00,01_RAW_DATA\collections_html\TONES-COL-0003.html
TONES-COL-0003,https://www.tonesfashion.com/collections/acid-wash-collection/products/black-flannel-double-pocket-shirt,black-flannel-double-pocket-shirt,BLACK DOUBLE POCKET FLANNEL SHIRT,2499.00,01_RAW_DATA\collections_html\TONES-COL-0003.html
TONES-COL-0003,https://www.tonesfashion.com/collections/acid-wash-collection/products/blue-checks-flanel,blue-checks-flanel,Blue Checks Flannel,2999.00,01_RAW_DATA\collections_html\TONES-COL-0003.html
TONES-COL-0003,https://www.tonesfashion.com/collections/acid-wash-collection/products/blue-drip-sweatshirt-copy,blue-drip-sweatshirt-copy,Blue Drip Sweatshirt,2299.00,01_RAW_DATA\collections_html\TONES-COL-0003.html
TONES-COL-0003,https://www.tonesfashion.com/collections/acid-wash-collection/products/deep-sage-gauze-cotton-shirt-copy,deep-sage-gauze-cotton-shirt-copy,Blue Oxford Shirt,2499.00,01_RAW_DATA\collections_html\TONES-COL-0003.html
TONES-COL-0003,https://www.tonesfashion.com/collections/acid-wash-collection/products/brown-checks-flanel,brown-checks-flanel,Brown Checks Flannel,2999.00,01_RAW_DATA\collections_html\TONES-COL-0003.html
TONES-COL-0003,https://www.tonesfashion.com/collections/acid-wash-collection/products/brown-double-pocket-shacket,brown-double-pocket-shacket,BROWN DOUBLE POCKET FLANNEL SHACKET,3499.00,01_RAW_DATA\collections_html\TONES-COL-0003.html
TONES-COL-0003,https://www.tonesfashion.com/collections/acid-wash-collection/products/burgundy-satin-shirt,burgundy-satin-shirt,Burgundy - Satin Shirt,2499.00,01_RAW_DATA\collections_html\TONES-COL-0003.html
TONES-COL-0004,https://www.tonesfashion.com/collections/anniversary-sale/products/chaotic-good-pink-1,chaotic-good-pink-1,Chaotic Good - Pink - C5,1999.00,01_RAW_DATA\collections_html\TONES-COL-0004.html
TONES-COL-0004,https://www.tonesfashion.com/collections/anniversary-sale/products/round-neck-slim-fit-tee-white-copy,round-neck-slim-fit-tee-white-copy,Round Neck Slim Fit Tee – Grey,699.00,01_RAW_DATA\collections_html\TONES-COL-0004.html
TONES-COL-0004,https://www.tonesfashion.com/collections/anniversary-sale/products/round-neck-slim-fit-tee-navy-blue-copy,round-neck-slim-fit-tee-navy-blue-copy,Round Neck Slim Fit Tee - White,699.00,01_RAW_DATA\collections_html\TONES-COL-0004.html
TONES-COL-0004,https://www.tonesfashion.com/collections/anniversary-sale/products/daily-tees-orange,daily-tees-orange,Daily Tees - orange,399.00,01_RAW_DATA\collections_html\TONES-COL-0004.html
TONES-COL-0004,https://www.tonesfashion.com/collections/anniversary-sale/products/3-t-shirt-combo,3-t-shirt-combo,3 T-shirt Combo,1999.00,01_RAW_DATA\collections_html\TONES-COL-0004.html
TONES-COL-0004,https://www.tonesfashion.com/collections/anniversary-sale/products/acid-wash-muscle-tee,acid-wash-muscle-tee,ACID WASH MUSCLE TEE,1299.00,01_RAW_DATA\collections_html\TONES-COL-0004.html
TONES-COL-0004,https://www.tonesfashion.com/collections/anniversary-sale/products/anti-perfect-tee-cofee-beige,anti-perfect-tee-cofee-beige,ANTI-PERFECT OVERSIZED TEE - COFEE BEIGE,1499.00,01_RAW_DATA\collections_html\TONES-COL-0004.html
TONES-COL-0004,https://www.tonesfashion.com/collections/anniversary-sale/products/double-pocket-black-shirt,double-pocket-black-shirt,Black - Double Pocket Shirt,2000.00,01_RAW_DATA\collections_html\TONES-COL-0004.html
TONES-COL-0004,https://www.tonesfashion.com/collections/anniversary-sale/products/black-flannel-double-pocket-shirt,black-flannel-double-pocket-shirt,BLACK DOUBLE POCKET FLANNEL SHIRT,2499.00,01_RAW_DATA\collections_html\TONES-COL-0004.html
TONES-COL-0004,https://www.tonesfashion.com/collections/anniversary-sale/products/blue-checks-flanel,blue-checks-flanel,Blue Checks Flannel,2999.00,01_RAW_DATA\collections_html\TONES-COL-0004.html
TONES-COL-0004,https://www.tonesfashion.com/collections/anniversary-sale/products/blue-drip-sweatshirt-copy,blue-drip-sweatshirt-copy,Blue Drip Sweatshirt,2299.00,01_RAW_DATA\collections_html\TONES-COL-0004.html
TONES-COL-0004,https://www.tonesfashion.com/collections/anniversary-sale/products/deep-sage-gauze-cotton-shirt-copy,deep-sage-gauze-cotton-shirt-copy,Blue Oxford Shirt,2499.00,01_RAW_DATA\collections_html\TONES-COL-0004.html
TONES-COL-0004,https://www.tonesfashion.com/collections/anniversary-sale/products/rustic-brown-acid-wash-t-shirt,rustic-brown-acid-wash-t-shirt,Brown Acid Wash Ringer T-Shirt,1599.00,01_RAW_DATA\collections_html\TONES-COL-0004.html
TONES-COL-0004,https://www.tonesfashion.com/collections/anniversary-sale/products/brown-checks-flanel,brown-checks-flanel,Brown Checks Flannel,2999.00,01_RAW_DATA\collections_html\TONES-COL-0004.html
TONES-COL-0004,https://www.tonesfashion.com/collections/anniversary-sale/products/brown-double-pocket-shacket,brown-double-pocket-shacket,BROWN DOUBLE POCKET FLANNEL SHACKET,3499.00,01_RAW_DATA\collections_html\TONES-COL-0004.html
TONES-COL-0004,https://www.tonesfashion.com/collections/anniversary-sale/products/burgundy-satin-shirt,burgundy-satin-shirt,Burgundy - Satin Shirt,2499.00,01_RAW_DATA\collections_html\TONES-COL-0004.html
TONES-COL-0005,https://www.tonesfashion.com/collections/august-lenins/products/3-t-shirt-combo,3-t-shirt-combo,3 T-shirt Combo,1999.00,01_RAW_DATA\collections_html\TONES-COL-0005.html
TONES-COL-0005,https://www.tonesfashion.com/collections/august-lenins/products/acid-wash-muscle-tee,acid-wash-muscle-tee,ACID WASH MUSCLE TEE,1299.00,01_RAW_DATA\collections_html\TONES-COL-0005.html
TONES-COL-0005,https://www.tonesfashion.com/collections/august-lenins/products/anti-perfect-tee-cofee-beige,anti-perfect-tee-cofee-beige,ANTI-PERFECT OVERSIZED TEE - COFEE BEIGE,1499.00,01_RAW_DATA\collections_html\TONES-COL-0005.html
TONES-COL-0005,https://www.tonesfashion.com/collections/august-lenins/products/double-pocket-black-shirt,double-pocket-black-shirt,Black - Double Pocket Shirt,2000.00,01_RAW_DATA\collections_html\TONES-COL-0005.html
TONES-COL-0005,https://www.tonesfashion.com/collections/august-lenins/products/black-flannel-double-pocket-shirt,black-flannel-double-pocket-shirt,BLACK DOUBLE POCKET FLANNEL SHIRT,2499.00,01_RAW_DATA\collections_html\TONES-COL-0005.html
TONES-COL-0005,https://www.tonesfashion.com/collections/august-lenins/products/blue-checks-flanel,blue-checks-flanel,Blue Checks Flannel,2999.00,01_RAW_DATA\collections_html\TONES-COL-0005.html
TONES-COL-0005,https://www.tonesfashion.com/collections/august-lenins/products/blue-drip-sweatshirt-copy,blue-drip-sweatshirt-copy,Blue Drip Sweatshirt,2299.00,01_RAW_DATA\collections_html\TONES-COL-0005.html
TONES-COL-0005,https://www.tonesfashion.com/collections/august-lenins/products/deep-sage-gauze-cotton-shirt-copy,deep-sage-gauze-cotton-shirt-copy,Blue Oxford Shirt,2499.00,01_RAW_DATA\collections_html\TONES-COL-0005.html
TONES-COL-0005,https://www.tonesfashion.com/collections/august-lenins/products/rustic-brown-acid-wash-t-shirt,rustic-brown-acid-wash-t-shirt,Brown Acid Wash Ringer T-Shirt,1599.00,01_RAW_DATA\collections_html\TONES-COL-0005.html
TONES-COL-0005,https://www.tonesfashion.com/collections/august-lenins/products/brown-checks-flanel,brown-checks-flanel,Brown Checks Flannel,2999.00,01_RAW_DATA\collections_html\TONES-COL-0005.html
TONES-COL-0005,https://www.tonesfashion.com/collections/august-lenins/products/brown-double-pocket-shacket,brown-double-pocket-shacket,BROWN DOUBLE POCKET FLANNEL SHACKET,3499.00,01_RAW_DATA\collections_html\TONES-COL-0005.html
TONES-COL-0005,https://www.tonesfashion.com/collections/august-lenins/products/burgundy-satin-shirt,burgundy-satin-shirt,Burgundy - Satin Shirt,2499.00,01_RAW_DATA\collections_html\TONES-COL-0005.html
TONES-COL-0006,https://www.tonesfashion.com/collections/below-1000/products/3-t-shirt-combo,3-t-shirt-combo,3 T-shirt Combo,1999.00,01_RAW_DATA\collections_html\TONES-COL-0006.html
TONES-COL-0006,https://www.tonesfashion.com/collections/below-1000/products/acid-wash-muscle-tee,acid-wash-muscle-tee,ACID WASH MUSCLE TEE,1299.00,01_RAW_DATA\collections_html\TONES-COL-0006.html
TONES-COL-0006,https://www.tonesfashion.com/collections/below-1000/products/anti-perfect-tee-cofee-beige,anti-perfect-tee-cofee-beige,ANTI-PERFECT OVERSIZED TEE - COFEE BEIGE,1499.00,01_RAW_DATA\collections_html\TONES-COL-0006.html
TONES-COL-0006,https://www.tonesfashion.com/collections/below-1000/products/double-pocket-black-shirt,double-pocket-black-shirt,Black - Double Pocket Shirt,2000.00,01_RAW_DATA\collections_html\TONES-COL-0006.html
TONES-COL-0006,https://www.tonesfashion.com/collections/below-1000/products/black-flannel-double-pocket-shirt,black-flannel-double-pocket-shirt,BLACK DOUBLE POCKET FLANNEL SHIRT,2499.00,01_RAW_DATA\collections_html\TONES-COL-0006.html
TONES-COL-0006,https://www.tonesfashion.com/collections/below-1000/products/blue-checks-flanel,blue-checks-flanel,Blue Checks Flannel,2999.00,01_RAW_DATA\collections_html\TONES-COL-0006.html
TONES-COL-0006,https://www.tonesfashion.com/collections/below-1000/products/blue-drip-sweatshirt-copy,blue-drip-sweatshirt-copy,Blue Drip Sweatshirt,2299.00,01_RAW_DATA\collections_html\TONES-COL-0006.html
TONES-COL-0006,https://www.tonesfashion.com/collections/below-1000/products/deep-sage-gauze-cotton-shirt-copy,deep-sage-gauze-cotton-shirt-copy,Blue Oxford Shirt,2499.00,01_RAW_DATA\collections_html\TONES-COL-0006.html
TONES-COL-0006,https://www.tonesfashion.com/collections/below-1000/products/rustic-brown-acid-wash-t-shirt,rustic-brown-acid-wash-t-shirt,Brown Acid Wash Ringer T-Shirt,1599.00,01_RAW_DATA\collections_html\TONES-COL-0006.html
TONES-COL-0006,https://www.tonesfashion.com/collections/below-1000/products/brown-checks-flanel,brown-checks-flanel,Brown Checks Flannel,2999.00,01_RAW_DATA\collections_html\TONES-COL-0006.html
TONES-COL-0006,https://www.tonesfashion.com/collections/below-1000/products/brown-double-pocket-shacket,brown-double-pocket-shacket,BROWN DOUBLE POCKET FLANNEL SHACKET,3499.00,01_RAW_DATA\collections_html\TONES-COL-0006.html
TONES-COL-0006,https://www.tonesfashion.com/collections/below-1000/products/burgundy-satin-shirt,burgundy-satin-shirt,Burgundy - Satin Shirt,2499.00,01_RAW_DATA\collections_html\TONES-COL-0006.html
TONES-COL-0007,https://www.tonesfashion.com/collections/best-sellers/products/brown-double-pocket-shacket,brown-double-pocket-shacket,BROWN DOUBLE POCKET FLANNEL SHACKET,3499.00,01_RAW_DATA\collections_html\TONES-COL-0007.html
TONES-COL-0007,https://www.tonesfashion.com/collections/best-sellers/products/grey-double-pocket-shacket,grey-double-pocket-shacket,GREY DOUBLE POCKET FLANNEL SHACKET,3499.00,01_RAW_DATA\collections_html\TONES-COL-0007.html
TONES-COL-0007,https://www.tonesfashion.com/collections/best-sellers/products/charcoal-grey-flannel-double-pocket-shirt,charcoal-grey-flannel-double-pocket-shirt,CHARCOAL GREY DOUBLE POCKET FLANNEL SHIRT,2499.00,01_RAW_DATA\collections_html\TONES-COL-0007.html
TONES-COL-0007,https://www.tonesfashion.com/collections/best-sellers/products/black-flannel-double-pocket-shirt,black-flannel-double-pocket-shirt,BLACK DOUBLE POCKET FLANNEL SHIRT,2499.00,01_RAW_DATA\collections_html\TONES-COL-0007.html
TONES-COL-0007,https://www.tonesfashion.com/collections/best-sellers/products/navy-blue-courdury-shacket,navy-blue-courdury-shacket,Navy Blue Corduroy Shacket,1999.00,01_RAW_DATA\collections_html\TONES-COL-0007.html
TONES-COL-0007,https://www.tonesfashion.com/collections/best-sellers/products/maroon-courdry-shacket-copy,maroon-courdry-shacket-copy,Mustard Corduroy Shacket,1999.00,01_RAW_DATA\collections_html\TONES-COL-0007.html
TONES-COL-0007,https://www.tonesfashion.com/collections/best-sellers/products/3-t-shirt-combo,3-t-shirt-combo,3 T-shirt Combo,1999.00,01_RAW_DATA\collections_html\TONES-COL-0007.html
TONES-COL-0007,https://www.tonesfashion.com/collections/best-sellers/products/acid-wash-muscle-tee,acid-wash-muscle-tee,ACID WASH MUSCLE TEE,1299.00,01_RAW_DATA\collections_html\TONES-COL-0007.html
TONES-COL-0007,https://www.tonesfashion.com/collections/best-sellers/products/anti-perfect-tee-cofee-beige,anti-perfect-tee-cofee-beige,ANTI-PERFECT OVERSIZED TEE - COFEE BEIGE,1499.00,01_RAW_DATA\collections_html\TONES-COL-0007.html
TONES-COL-0007,https://www.tonesfashion.com/collections/best-sellers/products/double-pocket-black-shirt,double-pocket-black-shirt,Black - Double Pocket Shirt,2000.00,01_RAW_DATA\collections_html\TONES-COL-0007.html
TONES-COL-0007,https://www.tonesfashion.com/collections/best-sellers/products/blue-checks-flanel,blue-checks-flanel,Blue Checks Flannel,2999.00,01_RAW_DATA\collections_html\TONES-COL-0007.html
TONES-COL-0007,https://www.tonesfashion.com/collections/best-sellers/products/blue-drip-sweatshirt-copy,blue-drip-sweatshirt-copy,Blue Drip Sweatshirt,2299.00,01_RAW_DATA\collections_html\TONES-COL-0007.html
TONES-COL-0007,https://www.tonesfashion.com/collections/best-sellers/products/deep-sage-gauze-cotton-shirt-copy,deep-sage-gauze-cotton-shirt-copy,Blue Oxford Shirt,2499.00,01_RAW_DATA\collections_html\TONES-COL-0007.html
TONES-COL-0007,https://www.tonesfashion.com/collections/best-sellers/products/rustic-brown-acid-wash-t-shirt,rustic-brown-acid-wash-t-shirt,Brown Acid Wash Ringer T-Shirt,1599.00,01_RAW_DATA\collections_html\TONES-COL-0007.html
TONES-COL-0007,https://www.tonesfashion.com/collections/best-sellers/products/brown-checks-flanel,brown-checks-flanel,Brown Checks Flannel,2999.00,01_RAW_DATA\collections_html\TONES-COL-0007.html
TONES-COL-0007,https://www.tonesfashion.com/collections/best-sellers/products/burgundy-satin-shirt,burgundy-satin-shirt,Burgundy - Satin Shirt,2499.00,01_RAW_DATA\collections_html\TONES-COL-0007.html
TONES-COL-0008,https://www.tonesfashion.com/collections/black-friday-sale-deals/products/tones-original-black,tones-original-black,Tones Original - Black,1499.00,01_RAW_DATA\collections_html\TONES-COL-0008.html
TONES-COL-0008,https://www.tonesfashion.com/collections/black-friday-sale-deals/products/3-t-shirt-combo,3-t-shirt-combo,3 T-shirt Combo,1999.00,01_RAW_DATA\collections_html\TONES-COL-0008.html
TONES-COL-0008,https://www.tonesfashion.com/collections/black-friday-sale-deals/products/acid-wash-muscle-tee,acid-wash-muscle-tee,ACID WASH MUSCLE TEE,1299.00,01_RAW_DATA\collections_html\TONES-COL-0008.html
TONES-COL-0008,https://www.tonesfashion.com/collections/black-friday-sale-deals/products/anti-perfect-tee-cofee-beige,anti-perfect-tee-cofee-beige,ANTI-PERFECT OVERSIZED TEE - COFEE BEIGE,1499.00,01_RAW_DATA\collections_html\TONES-COL-0008.html
TONES-COL-0008,https://www.tonesfashion.com/collections/black-friday-sale-deals/products/double-pocket-black-shirt,double-pocket-black-shirt,Black - Double Pocket Shirt,2000.00,01_RAW_DATA\collections_html\TONES-COL-0008.html
TONES-COL-0008,https://www.tonesfashion.com/collections/black-friday-sale-deals/products/black-flannel-double-pocket-shirt,black-flannel-double-pocket-shirt,BLACK DOUBLE POCKET FLANNEL SHIRT,2499.00,01_RAW_DATA\collections_html\TONES-COL-0008.html
TONES-COL-0008,https://www.tonesfashion.com/collections/black-friday-sale-deals/products/blue-checks-flanel,blue-checks-flanel,Blue Checks Flannel,2999.00,01_RAW_DATA\collections_html\TONES-COL-0008.html
TONES-COL-0008,https://www.tonesfashion.com/collections/black-friday-sale-deals/products/blue-drip-sweatshirt-copy,blue-drip-sweatshirt-copy,Blue Drip Sweatshirt,2299.00,01_RAW_DATA\collections_html\TONES-COL-0008.html
TONES-COL-0008,https://www.tonesfashion.com/collections/black-friday-sale-deals/products/deep-sage-gauze-cotton-shirt-copy,deep-sage-gauze-cotton-shirt-copy,Blue Oxford Shirt,2499.00,01_RAW_DATA\collections_html\TONES-COL-0008.html
TONES-COL-0008,https://www.tonesfashion.com/collections/black-friday-sale-deals/products/rustic-brown-acid-wash-t-shirt,rustic-brown-acid-wash-t-shirt,Brown Acid Wash Ringer T-Shirt,1599.00,01_RAW_DATA\collections_html\TONES-COL-0008.html
TONES-COL-0008,https://www.tonesfashion.com/collections/black-friday-sale-deals/products/brown-checks-flanel,brown-checks-flanel,Brown Checks Flannel,2999.00,01_RAW_DATA\collections_html\TONES-COL-0008.html
TONES-COL-0008,https://www.tonesfashion.com/collections/black-friday-sale-deals/products/brown-double-pocket-shacket,brown-double-pocket-shacket,BROWN DOUBLE POCKET FLANNEL SHACKET,3499.00,01_RAW_DATA\collections_html\TONES-COL-0008.html
TONES-COL-0008,https://www.tonesfashion.com/collections/black-friday-sale-deals/products/burgundy-satin-shirt,burgundy-satin-shirt,Burgundy - Satin Shirt,2499.00,01_RAW_DATA\collections_html\TONES-COL-0008.html
TONES-COL-0009,https://www.tonesfashion.com/collections/bottom-wear/products/olive-green-cargos,olive-green-cargos,Olive Green Cargo,3499.00,01_RAW_DATA\collections_html\TONES-COL-0009.html
TONES-COL-0009,https://www.tonesfashion.com/collections/bottom-wear/products/grey-cargo,grey-cargo,Grey Cargo,3499.00,01_RAW_DATA\collections_html\TONES-COL-0009.html
TONES-COL-0009,https://www.tonesfashion.com/collections/bottom-wear/products/olive-green-chions,olive-green-chions,OLIVE GREEN CHINOS,3499.00,01_RAW_DATA\collections_html\TONES-COL-0009.html
TONES-COL-0009,https://www.tonesfashion.com/collections/bottom-wear/products/dark-brown-chions,dark-brown-chions,DARK BROWN CHINOS,3499.00,01_RAW_DATA\collections_html\TONES-COL-0009.html
TONES-COL-0009,https://www.tonesfashion.com/collections/bottom-wear/products/grey-chions,grey-chions,GREY CHINOS,3499.00,01_RAW_DATA\collections_html\TONES-COL-0009.html
TONES-COL-0009,https://www.tonesfashion.com/collections/bottom-wear/products/cream-chinos,cream-chinos,Cream Chinos,3499.00,01_RAW_DATA\collections_html\TONES-COL-0009.html
TONES-COL-0009,https://www.tonesfashion.com/collections/bottom-wear/products/3-t-shirt-combo,3-t-shirt-combo,3 T-shirt Combo,1999.00,01_RAW_DATA\collections_html\TONES-COL-0009.html
TONES-COL-0009,https://www.tonesfashion.com/collections/bottom-wear/products/acid-wash-muscle-tee,acid-wash-muscle-tee,ACID WASH MUSCLE TEE,1299.00,01_RAW_DATA\collections_html\TONES-COL-0009.html
TONES-COL-0009,https://www.tonesfashion.com/collections/bottom-wear/products/anti-perfect-tee-cofee-beige,anti-perfect-tee-cofee-beige,ANTI-PERFECT OVERSIZED TEE - COFEE BEIGE,1499.00,01_RAW_DATA\collections_html\TONES-COL-0009.html
TONES-COL-0009,https://www.tonesfashion.com/collections/bottom-wear/products/double-pocket-black-shirt,double-pocket-black-shirt,Black - Double Pocket Shirt,2000.00,01_RAW_DATA\collections_html\TONES-COL-0009.html
TONES-COL-0009,https://www.tonesfashion.com/collections/bottom-wear/products/black-flannel-double-pocket-shirt,black-flannel-double-pocket-shirt,BLACK DOUBLE POCKET FLANNEL SHIRT,2499.00,01_RAW_DATA\collections_html\TONES-COL-0009.html
TONES-COL-0009,https://www.tonesfashion.com/collections/bottom-wear/products/blue-checks-flanel,blue-checks-flanel,Blue Checks Flannel,2999.00,01_RAW_DATA\collections_html\TONES-COL-0009.html
TONES-COL-0009,https://www.tonesfashion.com/collections/bottom-wear/products/blue-drip-sweatshirt-copy,blue-drip-sweatshirt-copy,Blue Drip Sweatshirt,2299.00,01_RAW_DATA\collections_html\TONES-COL-0009.html
TONES-COL-0009,https://www.tonesfashion.com/collections/bottom-wear/products/deep-sage-gauze-cotton-shirt-copy,deep-sage-gauze-cotton-shirt-copy,Blue Oxford Shirt,2499.00,01_RAW_DATA\collections_html\TONES-COL-0009.html
TONES-COL-0009,https://www.tonesfashion.com/collections/bottom-wear/products/rustic-brown-acid-wash-t-shirt,rustic-brown-acid-wash-t-shirt,Brown Acid Wash Ringer T-Shirt,1599.00,01_RAW_DATA\collections_html\TONES-COL-0009.html
TONES-COL-0009,https://www.tonesfashion.com/collections/bottom-wear/products/brown-checks-flanel,brown-checks-flanel,Brown Checks Flannel,2999.00,01_RAW_DATA\collections_html\TONES-COL-0009.html
TONES-COL-0009,https://www.tonesfashion.com/collections/bottom-wear/products/brown-double-pocket-shacket,brown-double-pocket-shacket,BROWN DOUBLE POCKET FLANNEL SHACKET,3499.00,01_RAW_DATA\collections_html\TONES-COL-0009.html
TONES-COL-0009,https://www.tonesfashion.com/collections/bottom-wear/products/burgundy-satin-shirt,burgundy-satin-shirt,Burgundy - Satin Shirt,2499.00,01_RAW_DATA\collections_html\TONES-COL-0009.html
TONES-COL-0010,https://www.tonesfashion.com/collections/box-fit-shirts/products/3-t-shirt-combo,3-t-shirt-combo,3 T-shirt Combo,1999.00,01_RAW_DATA\collections_html\TONES-COL-0010.html
TONES-COL-0010,https://www.tonesfashion.com/collections/box-fit-shirts/products/acid-wash-muscle-tee,acid-wash-muscle-tee,ACID WASH MUSCLE TEE,1299.00,01_RAW_DATA\collections_html\TONES-COL-0010.html
TONES-COL-0010,https://www.tonesfashion.com/collections/box-fit-shirts/products/anti-perfect-tee-cofee-beige,anti-perfect-tee-cofee-beige,ANTI-PERFECT OVERSIZED TEE - COFEE BEIGE,1499.00,01_RAW_DATA\collections_html\TONES-COL-0010.html
TONES-COL-0010,https://www.tonesfashion.com/collections/box-fit-shirts/products/double-pocket-black-shirt,double-pocket-black-shirt,Black - Double Pocket Shirt,2000.00,01_RAW_DATA\collections_html\TONES-COL-0010.html
TONES-COL-0010,https://www.tonesfashion.com/collections/box-fit-shirts/products/black-flannel-double-pocket-shirt,black-flannel-double-pocket-shirt,BLACK DOUBLE POCKET FLANNEL SHIRT,2499.00,01_RAW_DATA\collections_html\TONES-COL-0010.html
TONES-COL-0010,https://www.tonesfashion.com/collections/box-fit-shirts/products/blue-checks-flanel,blue-checks-flanel,Blue Checks Flannel,2999.00,01_RAW_DATA\collections_html\TONES-COL-0010.html
TONES-COL-0010,https://www.tonesfashion.com/collections/box-fit-shirts/products/blue-drip-sweatshirt-copy,blue-drip-sweatshirt-copy,Blue Drip Sweatshirt,2299.00,01_RAW_DATA\collections_html\TONES-COL-0010.html
TONES-COL-0010,https://www.tonesfashion.com/collections/box-fit-shirts/products/deep-sage-gauze-cotton-shirt-copy,deep-sage-gauze-cotton-shirt-copy,Blue Oxford Shirt,2499.00,01_RAW_DATA\collections_html\TONES-COL-0010.html
TONES-COL-0010,https://www.tonesfashion.com/collections/box-fit-shirts/products/rustic-brown-acid-wash-t-shirt,rustic-brown-acid-wash-t-shirt,Brown Acid Wash Ringer T-Shirt,1599.00,01_RAW_DATA\collections_html\TONES-COL-0010.html
TONES-COL-0010,https://www.tonesfashion.com/collections/box-fit-shirts/products/brown-checks-flanel,brown-checks-flanel,Brown Checks Flannel,2999.00,01_RAW_DATA\collections_html\TONES-COL-0010.html
TONES-COL-0010,https://www.tonesfashion.com/collections/box-fit-shirts/products/brown-double-pocket-shacket,brown-double-pocket-shacket,BROWN DOUBLE POCKET FLANNEL SHACKET,3499.00,01_RAW_DATA\collections_html\TONES-COL-0010.html
TONES-COL-0010,https://www.tonesfashion.com/collections/box-fit-shirts/products/burgundy-satin-shirt,burgundy-satin-shirt,Burgundy - Satin Shirt,2499.00,01_RAW_DATA\collections_html\TONES-COL-0010.html
TONES-COL-0011,https://www.tonesfashion.com/collections/breeze-and-ease-1/products/3-t-shirt-combo,3-t-shirt-combo,3 T-shirt Combo,1999.00,01_RAW_DATA\collections_html\TONES-COL-0011.html
TONES-COL-0011,https://www.tonesfashion.com/collections/breeze-and-ease-1/products/acid-wash-muscle-tee,acid-wash-muscle-tee,ACID WASH MUSCLE TEE,1299.00,01_RAW_DATA\collections_html\TONES-COL-0011.html
TONES-COL-0011,https://www.tonesfashion.com/collections/breeze-and-ease-1/products/anti-perfect-tee-cofee-beige,anti-perfect-tee-cofee-beige,ANTI-PERFECT OVERSIZED TEE - COFEE BEIGE,1499.00,01_RAW_DATA\collections_html\TONES-COL-0011.html
TONES-COL-0011,https://www.tonesfashion.com/collections/breeze-and-ease-1/products/double-pocket-black-shirt,double-pocket-black-shirt,Black - Double Pocket Shirt,2000.00,01_RAW_DATA\collections_html\TONES-COL-0011.html
TONES-COL-0011,https://www.tonesfashion.com/collections/breeze-and-ease-1/products/black-flannel-double-pocket-shirt,black-flannel-double-pocket-shirt,BLACK DOUBLE POCKET FLANNEL SHIRT,2499.00,01_RAW_DATA\collections_html\TONES-COL-0011.html
TONES-COL-0011,https://www.tonesfashion.com/collections/breeze-and-ease-1/products/blue-checks-flanel,blue-checks-flanel,Blue Checks Flannel,2999.00,01_RAW_DATA\collections_html\TONES-COL-0011.html
TONES-COL-0011,https://www.tonesfashion.com/collections/breeze-and-ease-1/products/blue-drip-sweatshirt-copy,blue-drip-sweatshirt-copy,Blue Drip Sweatshirt,2299.00,01_RAW_DATA\collections_html\TONES-COL-0011.html
TONES-COL-0011,https://www.tonesfashion.com/collections/breeze-and-ease-1/products/deep-sage-gauze-cotton-shirt-copy,deep-sage-gauze-cotton-shirt-copy,Blue Oxford Shirt,2499.00,01_RAW_DATA\collections_html\TONES-COL-0011.html
TONES-COL-0011,https://www.tonesfashion.com/collections/breeze-and-ease-1/products/rustic-brown-acid-wash-t-shirt,rustic-brown-acid-wash-t-shirt,Brown Acid Wash Ringer T-Shirt,1599.00,01_RAW_DATA\collections_html\TONES-COL-0011.html
TONES-COL-0011,https://www.tonesfashion.com/collections/breeze-and-ease-1/products/brown-checks-flanel,brown-checks-flanel,Brown Checks Flannel,2999.00,01_RAW_DATA\collections_html\TONES-COL-0011.html
TONES-COL-0011,https://www.tonesfashion.com/collections/breeze-and-ease-1/products/brown-double-pocket-shacket,brown-double-pocket-shacket,BROWN DOUBLE POCKET FLANNEL SHACKET,3499.00,01_RAW_DATA\collections_html\TONES-COL-0011.html
TONES-COL-0011,https://www.tonesfashion.com/collections/breeze-and-ease-1/products/burgundy-satin-shirt,burgundy-satin-shirt,Burgundy - Satin Shirt,2499.00,01_RAW_DATA\collections_html\TONES-COL-0011.html
TONES-COL-0012,https://www.tonesfashion.com/collections/cargos/products/olive-green-cargos,olive-green-cargos,Olive Green Cargo,3499.00,01_RAW_DATA\collections_html\TONES-COL-0012.html
TONES-COL-0012,https://www.tonesfashion.com/collections/cargos/products/grey-cargo,grey-cargo,Grey Cargo,3499.00,01_RAW_DATA\collections_html\TONES-COL-0012.html
TONES-COL-0012,https://www.tonesfashion.com/collections/cargos/products/3-t-shirt-combo,3-t-shirt-combo,3 T-shirt Combo,1999.00,01_RAW_DATA\collections_html\TONES-COL-0012.html
TONES-COL-0012,https://www.tonesfashion.com/collections/cargos/products/acid-wash-muscle-tee,acid-wash-muscle-tee,ACID WASH MUSCLE TEE,1299.00,01_RAW_DATA\collections_html\TONES-COL-0012.html
TONES-COL-0012,https://www.tonesfashion.com/collections/cargos/products/anti-perfect-tee-cofee-beige,anti-perfect-tee-cofee-beige,ANTI-PERFECT OVERSIZED TEE - COFEE BEIGE,1499.00,01_RAW_DATA\collections_html\TONES-COL-0012.html
TONES-COL-0012,https://www.tonesfashion.com/collections/cargos/products/double-pocket-black-shirt,double-pocket-black-shirt,Black - Double Pocket Shirt,2000.00,01_RAW_DATA\collections_html\TONES-COL-0012.html
TONES-COL-0012,https://www.tonesfashion.com/collections/cargos/products/black-flannel-double-pocket-shirt,black-flannel-double-pocket-shirt,BLACK DOUBLE POCKET FLANNEL SHIRT,2499.00,01_RAW_DATA\collections_html\TONES-COL-0012.html
TONES-COL-0012,https://www.tonesfashion.com/collections/cargos/products/blue-checks-flanel,blue-checks-flanel,Blue Checks Flannel,2999.00,01_RAW_DATA\collections_html\TONES-COL-0012.html
TONES-COL-0012,https://www.tonesfashion.com/collections/cargos/products/blue-drip-sweatshirt-copy,blue-drip-sweatshirt-copy,Blue Drip Sweatshirt,2299.00,01_RAW_DATA\collections_html\TONES-COL-0012.html
TONES-COL-0012,https://www.tonesfashion.com/collections/cargos/products/deep-sage-gauze-cotton-shirt-copy,deep-sage-gauze-cotton-shirt-copy,Blue Oxford Shirt,2499.00,01_RAW_DATA\collections_html\TONES-COL-0012.html
TONES-COL-0012,https://www.tonesfashion.com/collections/cargos/products/rustic-brown-acid-wash-t-shirt,rustic-brown-acid-wash-t-shirt,Brown Acid Wash Ringer T-Shirt,1599.00,01_RAW_DATA\collections_html\TONES-COL-0012.html
TONES-COL-0012,https://www.tonesfashion.com/collections/cargos/products/brown-checks-flanel,brown-checks-flanel,Brown Checks Flannel,2999.00,01_RAW_DATA\collections_html\TONES-COL-0012.html
TONES-COL-0012,https://www.tonesfashion.com/collections/cargos/products/brown-double-pocket-shacket,brown-double-pocket-shacket,BROWN DOUBLE POCKET FLANNEL SHACKET,3499.00,01_RAW_DATA\collections_html\TONES-COL-0012.html
TONES-COL-0012,https://www.tonesfashion.com/collections/cargos/products/burgundy-satin-shirt,burgundy-satin-shirt,Burgundy - Satin Shirt,2499.00,01_RAW_DATA\collections_html\TONES-COL-0012.html
TONES-COL-0013,https://www.tonesfashion.com/collections/casuals/products/burgundy-satin-shirt,burgundy-satin-shirt,Burgundy - Satin Shirt,2499.00,01_RAW_DATA\collections_html\TONES-COL-0013.html
TONES-COL-0013,https://www.tonesfashion.com/collections/casuals/products/soft-white-satin-shirt,soft-white-satin-shirt,Soft White - Satin Shirt,2499.00,01_RAW_DATA\collections_html\TONES-COL-0013.html
TONES-COL-0013,https://www.tonesfashion.com/collections/casuals/products/soft-white-satin-shirt-copy,soft-white-satin-shirt-copy,Light Blue - Satin Shirt,2499.00,01_RAW_DATA\collections_html\TONES-COL-0013.html
TONES-COL-0013,https://www.tonesfashion.com/collections/casuals/products/navy-blue-shirt,navy-blue-shirt,Navy Blue - Satin Shirt,2499.00,01_RAW_DATA\collections_html\TONES-COL-0013.html
TONES-COL-0013,https://www.tonesfashion.com/collections/casuals/products/jet-black-shirt,jet-black-shirt,Jet Black - Satin Shirt,2499.00,01_RAW_DATA\collections_html\TONES-COL-0013.html
TONES-COL-0013,https://www.tonesfashion.com/collections/casuals/products/3-t-shirt-combo,3-t-shirt-combo,3 T-shirt Combo,1999.00,01_RAW_DATA\collections_html\TONES-COL-0013.html
TONES-COL-0013,https://www.tonesfashion.com/collections/casuals/products/acid-wash-muscle-tee,acid-wash-muscle-tee,ACID WASH MUSCLE TEE,1299.00,01_RAW_DATA\collections_html\TONES-COL-0013.html
TONES-COL-0013,https://www.tonesfashion.com/collections/casuals/products/anti-perfect-tee-cofee-beige,anti-perfect-tee-cofee-beige,ANTI-PERFECT OVERSIZED TEE - COFEE BEIGE,1499.00,01_RAW_DATA\collections_html\TONES-COL-0013.html
TONES-COL-0013,https://www.tonesfashion.com/collections/casuals/products/double-pocket-black-shirt,double-pocket-black-shirt,Black - Double Pocket Shirt,2000.00,01_RAW_DATA\collections_html\TONES-COL-0013.html
TONES-COL-0013,https://www.tonesfashion.com/collections/casuals/products/black-flannel-double-pocket-shirt,black-flannel-double-pocket-shirt,BLACK DOUBLE POCKET FLANNEL SHIRT,2499.00,01_RAW_DATA\collections_html\TONES-COL-0013.html
TONES-COL-0013,https://www.tonesfashion.com/collections/casuals/products/blue-checks-flanel,blue-checks-flanel,Blue Checks Flannel,2999.00,01_RAW_DATA\collections_html\TONES-COL-0013.html
TONES-COL-0013,https://www.tonesfashion.com/collections/casuals/products/blue-drip-sweatshirt-copy,blue-drip-sweatshirt-copy,Blue Drip Sweatshirt,2299.00,01_RAW_DATA\collections_html\TONES-COL-0013.html
TONES-COL-0013,https://www.tonesfashion.com/collections/casuals/products/deep-sage-gauze-cotton-shirt-copy,deep-sage-gauze-cotton-shirt-copy,Blue Oxford Shirt,2499.00,01_RAW_DATA\collections_html\TONES-COL-0013.html
TONES-COL-0013,https://www.tonesfashion.com/collections/casuals/products/rustic-brown-acid-wash-t-shirt,rustic-brown-acid-wash-t-shirt,Brown Acid Wash Ringer T-Shirt,1599.00,01_RAW_DATA\collections_html\TONES-COL-0013.html
TONES-COL-0013,https://www.tonesfashion.com/collections/casuals/products/brown-checks-flanel,brown-checks-flanel,Brown Checks Flannel,2999.00,01_RAW_DATA\collections_html\TONES-COL-0013.html
TONES-COL-0013,https://www.tonesfashion.com/collections/casuals/products/brown-double-pocket-shacket,brown-double-pocket-shacket,BROWN DOUBLE POCKET FLANNEL SHACKET,3499.00,01_RAW_DATA\collections_html\TONES-COL-0013.html
TONES-COL-0014,https://www.tonesfashion.com/collections/checks-style/products/3-t-shirt-combo,3-t-shirt-combo,3 T-shirt Combo,1999.00,01_RAW_DATA\collections_html\TONES-COL-0014.html
TONES-COL-0014,https://www.tonesfashion.com/collections/checks-style/products/acid-wash-muscle-tee,acid-wash-muscle-tee,ACID WASH MUSCLE TEE,1299.00,01_RAW_DATA\collections_html\TONES-COL-0014.html
TONES-COL-0014,https://www.tonesfashion.com/collections/checks-style/products/anti-perfect-tee-cofee-beige,anti-perfect-tee-cofee-beige,ANTI-PERFECT OVERSIZED TEE - COFEE BEIGE,1499.00,01_RAW_DATA\collections_html\TONES-COL-0014.html
TONES-COL-0014,https://www.tonesfashion.com/collections/checks-style/products/double-pocket-black-shirt,double-pocket-black-shirt,Black - Double Pocket Shirt,2000.00,01_RAW_DATA\collections_html\TONES-COL-0014.html
TONES-COL-0014,https://www.tonesfashion.com/collections/checks-style/products/black-flannel-double-pocket-shirt,black-flannel-double-pocket-shirt,BLACK DOUBLE POCKET FLANNEL SHIRT,2499.00,01_RAW_DATA\collections_html\TONES-COL-0014.html
TONES-COL-0014,https://www.tonesfashion.com/collections/checks-style/products/blue-checks-flanel,blue-checks-flanel,Blue Checks Flannel,2999.00,01_RAW_DATA\collections_html\TONES-COL-0014.html
TONES-COL-0014,https://www.tonesfashion.com/collections/checks-style/products/blue-drip-sweatshirt-copy,blue-drip-sweatshirt-copy,Blue Drip Sweatshirt,2299.00,01_RAW_DATA\collections_html\TONES-COL-0014.html
TONES-COL-0014,https://www.tonesfashion.com/collections/checks-style/products/deep-sage-gauze-cotton-shirt-copy,deep-sage-gauze-cotton-shirt-copy,Blue Oxford Shirt,2499.00,01_RAW_DATA\collections_html\TONES-COL-0014.html
TONES-COL-0014,https://www.tonesfashion.com/collections/checks-style/products/rustic-brown-acid-wash-t-shirt,rustic-brown-acid-wash-t-shirt,Brown Acid Wash Ringer T-Shirt,1599.00,01_RAW_DATA\collections_html\TONES-COL-0014.html
TONES-COL-0014,https://www.tonesfashion.com/collections/checks-style/products/brown-checks-flanel,brown-checks-flanel,Brown Checks Flannel,2999.00,01_RAW_DATA\collections_html\TONES-COL-0014.html
TONES-COL-0014,https://www.tonesfashion.com/collections/checks-style/products/brown-double-pocket-shacket,brown-double-pocket-shacket,BROWN DOUBLE POCKET FLANNEL SHACKET,3499.00,01_RAW_DATA\collections_html\TONES-COL-0014.html
TONES-COL-0014,https://www.tonesfashion.com/collections/checks-style/products/burgundy-satin-shirt,burgundy-satin-shirt,Burgundy - Satin Shirt,2499.00,01_RAW_DATA\collections_html\TONES-COL-0014.html
TONES-COL-0015,https://www.tonesfashion.com/collections/chinos/products/3-t-shirt-combo,3-t-shirt-combo,3 T-shirt Combo,1999.00,01_RAW_DATA\collections_html\TONES-COL-0015.html
TONES-COL-0015,https://www.tonesfashion.com/collections/chinos/products/acid-wash-muscle-tee,acid-wash-muscle-tee,ACID WASH MUSCLE TEE,1299.00,01_RAW_DATA\collections_html\TONES-COL-0015.html
TONES-COL-0015,https://www.tonesfashion.com/collections/chinos/products/anti-perfect-tee-cofee-beige,anti-perfect-tee-cofee-beige,ANTI-PERFECT OVERSIZED TEE - COFEE BEIGE,1499.00,01_RAW_DATA\collections_html\TONES-COL-0015.html
TONES-COL-0015,https://www.tonesfashion.com/collections/chinos/products/double-pocket-black-shirt,double-pocket-black-shirt,Black - Double Pocket Shirt,2000.00,01_RAW_DATA\collections_html\TONES-COL-0015.html
TONES-COL-0015,https://www.tonesfashion.com/collections/chinos/products/black-flannel-double-pocket-shirt,black-flannel-double-pocket-shirt,BLACK DOUBLE POCKET FLANNEL SHIRT,2499.00,01_RAW_DATA\collections_html\TONES-COL-0015.html
TONES-COL-0015,https://www.tonesfashion.com/collections/chinos/products/blue-checks-flanel,blue-checks-flanel,Blue Checks Flannel,2999.00,01_RAW_DATA\collections_html\TONES-COL-0015.html
TONES-COL-0015,https://www.tonesfashion.com/collections/chinos/products/blue-drip-sweatshirt-copy,blue-drip-sweatshirt-copy,Blue Drip Sweatshirt,2299.00,01_RAW_DATA\collections_html\TONES-COL-0015.html
TONES-COL-0015,https://www.tonesfashion.com/collections/chinos/products/deep-sage-gauze-cotton-shirt-copy,deep-sage-gauze-cotton-shirt-copy,Blue Oxford Shirt,2499.00,01_RAW_DATA\collections_html\TONES-COL-0015.html
TONES-COL-0015,https://www.tonesfashion.com/collections/chinos/products/rustic-brown-acid-wash-t-shirt,rustic-brown-acid-wash-t-shirt,Brown Acid Wash Ringer T-Shirt,1599.00,01_RAW_DATA\collections_html\TONES-COL-0015.html
TONES-COL-0015,https://www.tonesfashion.com/collections/chinos/products/brown-checks-flanel,brown-checks-flanel,Brown Checks Flannel,2999.00,01_RAW_DATA\collections_html\TONES-COL-0015.html
TONES-COL-0015,https://www.tonesfashion.com/collections/chinos/products/brown-double-pocket-shacket,brown-double-pocket-shacket,BROWN DOUBLE POCKET FLANNEL SHACKET,3499.00,01_RAW_DATA\collections_html\TONES-COL-0015.html
TONES-COL-0015,https://www.tonesfashion.com/collections/chinos/products/burgundy-satin-shirt,burgundy-satin-shirt,Burgundy - Satin Shirt,2499.00,01_RAW_DATA\collections_html\TONES-COL-0015.html
TONES-COL-0016,https://www.tonesfashion.com/collections/christmas-sale/products/3-t-shirt-combo,3-t-shirt-combo,3 T-shirt Combo,1999.00,01_RAW_DATA\collections_html\TONES-COL-0016.html
TONES-COL-0016,https://www.tonesfashion.com/collections/christmas-sale/products/acid-wash-muscle-tee,acid-wash-muscle-tee,ACID WASH MUSCLE TEE,1299.00,01_RAW_DATA\collections_html\TONES-COL-0016.html
TONES-COL-0016,https://www.tonesfashion.com/collections/christmas-sale/products/anti-perfect-tee-cofee-beige,anti-perfect-tee-cofee-beige,ANTI-PERFECT OVERSIZED TEE - COFEE BEIGE,1499.00,01_RAW_DATA\collections_html\TONES-COL-0016.html
TONES-COL-0016,https://www.tonesfashion.com/collections/christmas-sale/products/double-pocket-black-shirt,double-pocket-black-shirt,Black - Double Pocket Shirt,2000.00,01_RAW_DATA\collections_html\TONES-COL-0016.html
TONES-COL-0016,https://www.tonesfashion.com/collections/christmas-sale/products/black-flannel-double-pocket-shirt,black-flannel-double-pocket-shirt,BLACK DOUBLE POCKET FLANNEL SHIRT,2499.00,01_RAW_DATA\collections_html\TONES-COL-0016.html
TONES-COL-0016,https://www.tonesfashion.com/collections/christmas-sale/products/blue-checks-flanel,blue-checks-flanel,Blue Checks Flannel,2999.00,01_RAW_DATA\collections_html\TONES-COL-0016.html
TONES-COL-0016,https://www.tonesfashion.com/collections/christmas-sale/products/blue-drip-sweatshirt-copy,blue-drip-sweatshirt-copy,Blue Drip Sweatshirt,2299.00,01_RAW_DATA\collections_html\TONES-COL-0016.html
TONES-COL-0016,https://www.tonesfashion.com/collections/christmas-sale/products/deep-sage-gauze-cotton-shirt-copy,deep-sage-gauze-cotton-shirt-copy,Blue Oxford Shirt,2499.00,01_RAW_DATA\collections_html\TONES-COL-0016.html
TONES-COL-0016,https://www.tonesfashion.com/collections/christmas-sale/products/rustic-brown-acid-wash-t-shirt,rustic-brown-acid-wash-t-shirt,Brown Acid Wash Ringer T-Shirt,1599.00,01_RAW_DATA\collections_html\TONES-COL-0016.html
TONES-COL-0016,https://www.tonesfashion.com/collections/christmas-sale/products/brown-checks-flanel,brown-checks-flanel,Brown Checks Flannel,2999.00,01_RAW_DATA\collections_html\TONES-COL-0016.html
TONES-COL-0016,https://www.tonesfashion.com/collections/christmas-sale/products/brown-double-pocket-shacket,brown-double-pocket-shacket,BROWN DOUBLE POCKET FLANNEL SHACKET,3499.00,01_RAW_DATA\collections_html\TONES-COL-0016.html
TONES-COL-0016,https://www.tonesfashion.com/collections/christmas-sale/products/burgundy-satin-shirt,burgundy-satin-shirt,Burgundy - Satin Shirt,2499.00,01_RAW_DATA\collections_html\TONES-COL-0016.html
TONES-COL-0017,https://www.tonesfashion.com/collections/combo-offer/products/3-t-shirt-combo,3-t-shirt-combo,3 T-shirt Combo,1999.00,01_RAW_DATA\collections_html\TONES-COL-0017.html
TONES-COL-0017,https://www.tonesfashion.com/collections/combo-offer/products/acid-wash-muscle-tee,acid-wash-muscle-tee,ACID WASH MUSCLE TEE,1299.00,01_RAW_DATA\collections_html\TONES-COL-0017.html
TONES-COL-0017,https://www.tonesfashion.com/collections/combo-offer/products/anti-perfect-tee-cofee-beige,anti-perfect-tee-cofee-beige,ANTI-PERFECT OVERSIZED TEE - COFEE BEIGE,1499.00,01_RAW_DATA\collections_html\TONES-COL-0017.html
TONES-COL-0017,https://www.tonesfashion.com/collections/combo-offer/products/double-pocket-black-shirt,double-pocket-black-shirt,Black - Double Pocket Shirt,2000.00,01_RAW_DATA\collections_html\TONES-COL-0017.html
TONES-COL-0017,https://www.tonesfashion.com/collections/combo-offer/products/black-flannel-double-pocket-shirt,black-flannel-double-pocket-shirt,BLACK DOUBLE POCKET FLANNEL SHIRT,2499.00,01_RAW_DATA\collections_html\TONES-COL-0017.html
TONES-COL-0017,https://www.tonesfashion.com/collections/combo-offer/products/blue-checks-flanel,blue-checks-flanel,Blue Checks Flannel,2999.00,01_RAW_DATA\collections_html\TONES-COL-0017.html
TONES-COL-0017,https://www.tonesfashion.com/collections/combo-offer/products/blue-drip-sweatshirt-copy,blue-drip-sweatshirt-copy,Blue Drip Sweatshirt,2299.00,01_RAW_DATA\collections_html\TONES-COL-0017.html
TONES-COL-0017,https://www.tonesfashion.com/collections/combo-offer/products/deep-sage-gauze-cotton-shirt-copy,deep-sage-gauze-cotton-shirt-copy,Blue Oxford Shirt,2499.00,01_RAW_DATA\collections_html\TONES-COL-0017.html
TONES-COL-0017,https://www.tonesfashion.com/collections/combo-offer/products/rustic-brown-acid-wash-t-shirt,rustic-brown-acid-wash-t-shirt,Brown Acid Wash Ringer T-Shirt,1599.00,01_RAW_DATA\collections_html\TONES-COL-0017.html
TONES-COL-0017,https://www.tonesfashion.com/collections/combo-offer/products/brown-checks-flanel,brown-checks-flanel,Brown Checks Flannel,2999.00,01_RAW_DATA\collections_html\TONES-COL-0017.html
TONES-COL-0017,https://www.tonesfashion.com/collections/combo-offer/products/brown-double-pocket-shacket,brown-double-pocket-shacket,BROWN DOUBLE POCKET FLANNEL SHACKET,3499.00,01_RAW_DATA\collections_html\TONES-COL-0017.html
TONES-COL-0017,https://www.tonesfashion.com/collections/combo-offer/products/burgundy-satin-shirt,burgundy-satin-shirt,Burgundy - Satin Shirt,2499.00,01_RAW_DATA\collections_html\TONES-COL-0017.html
TONES-COL-0018,https://www.tonesfashion.com/collections/combo-tshirts/products/acid-wash-muscle-tee,acid-wash-muscle-tee,ACID WASH MUSCLE TEE,1299.00,01_RAW_DATA\collections_html\TONES-COL-0018.html
TONES-COL-0018,https://www.tonesfashion.com/collections/combo-tshirts/products/anti-perfect-tee-cofee-beige,anti-perfect-tee-cofee-beige,ANTI-PERFECT OVERSIZED TEE - COFEE BEIGE,1499.00,01_RAW_DATA\collections_html\TONES-COL-0018.html
TONES-COL-0018,https://www.tonesfashion.com/collections/combo-tshirts/products/storm-weaver-relaxed-fit-coffee-beige,storm-weaver-relaxed-fit-coffee-beige,STORM WEAVER OVERSIZED TEE - COFEE BEIGE,1499.00,01_RAW_DATA\collections_html\TONES-COL-0018.html
TONES-COL-0018,https://www.tonesfashion.com/collections/combo-tshirts/products/3-t-shirt-combo,3-t-shirt-combo,3 T-shirt Combo,1999.00,01_RAW_DATA\collections_html\TONES-COL-0018.html
TONES-COL-0018,https://www.tonesfashion.com/collections/combo-tshirts/products/round-neck-slim-fit-tee-brown,round-neck-slim-fit-tee-brown,Round Neck Slim Fit Tee - Brown,1299.00,01_RAW_DATA\collections_html\TONES-COL-0018.html
TONES-COL-0018,https://www.tonesfashion.com/collections/combo-tshirts/products/round-neck-slim-fit-tee-charcoal-copy,round-neck-slim-fit-tee-charcoal-copy,Round Neck Slim Fit Tee - Green,1299.00,01_RAW_DATA\collections_html\TONES-COL-0018.html
TONES-COL-0018,https://www.tonesfashion.com/collections/combo-tshirts/products/round-neck-slim-fit-tee-charcoal,round-neck-slim-fit-tee-charcoal,Round Neck Slim Fit Tee - Charcoal Black,1299.00,01_RAW_DATA\collections_html\TONES-COL-0018.html
TONES-COL-0018,https://www.tonesfashion.com/collections/combo-tshirts/products/gods-master-piece-white-copy,gods-master-piece-white-copy,GOD'S MASTER PIECE GREEN,1200.00,01_RAW_DATA\collections_html\TONES-COL-0018.html
TONES-COL-0018,https://www.tonesfashion.com/collections/combo-tshirts/products/predator-tee-relaxed-fit-green,predator-tee-relaxed-fit-green,PREDATOR OVERSIZED TEE - GREEN,1499.00,01_RAW_DATA\collections_html\TONES-COL-0018.html
TONES-COL-0018,https://www.tonesfashion.com/collections/combo-tshirts/products/elevated-basics-oversized-copy-copy,elevated-basics-oversized-copy-copy,Elevated Basics - Relaxed - White Color,499.00,01_RAW_DATA\collections_html\TONES-COL-0018.html
TONES-COL-0018,https://www.tonesfashion.com/collections/combo-tshirts/products/elevated-basics-oversized-copy,elevated-basics-oversized-copy,Elevated Basics - Relaxed - Black Color,499.00,01_RAW_DATA\collections_html\TONES-COL-0018.html
TONES-COL-0018,https://www.tonesfashion.com/collections/combo-tshirts/products/elivated-basics-oversized,elivated-basics-oversized,Elevated Basics - Relaxed - Beige Color,499.00,01_RAW_DATA\collections_html\TONES-COL-0018.html
TONES-COL-0018,https://www.tonesfashion.com/collections/combo-tshirts/products/round-neck-slim-fit-tee-white-copy,round-neck-slim-fit-tee-white-copy,Round Neck Slim Fit Tee – Grey,699.00,01_RAW_DATA\collections_html\TONES-COL-0018.html
TONES-COL-0018,https://www.tonesfashion.com/collections/combo-tshirts/products/round-neck-slim-fit-tee-navy-blue-copy,round-neck-slim-fit-tee-navy-blue-copy,Round Neck Slim Fit Tee - White,699.00,01_RAW_DATA\collections_html\TONES-COL-0018.html
TONES-COL-0018,https://www.tonesfashion.com/collections/combo-tshirts/products/chaotic-good-pink-1,chaotic-good-pink-1,Chaotic Good - Pink - C5,1999.00,01_RAW_DATA\collections_html\TONES-COL-0018.html
TONES-COL-0018,https://www.tonesfashion.com/collections/combo-tshirts/products/tones-original-black,tones-original-black,Tones Original - Black,1499.00,01_RAW_DATA\collections_html\TONES-COL-0018.html
TONES-COL-0018,https://www.tonesfashion.com/collections/combo-tshirts/products/daily-tees-orange,daily-tees-orange,Daily Tees - orange,399.00,01_RAW_DATA\collections_html\TONES-COL-0018.html
TONES-COL-0018,https://www.tonesfashion.com/collections/combo-tshirts/products/daily-tees-black-copy,daily-tees-black-copy,Daily Tees - black,399.00,01_RAW_DATA\collections_html\TONES-COL-0018.html
TONES-COL-0018,https://www.tonesfashion.com/collections/combo-tshirts/products/the-alpha-oversized-tee,the-alpha-oversized-tee,The Alpha - Oversized Tee,1599.00,01_RAW_DATA\collections_html\TONES-COL-0018.html
TONES-COL-0018,https://www.tonesfashion.com/collections/combo-tshirts/products/the-alpha-oversized-tee-copy,the-alpha-oversized-tee-copy,The Final Act - Oversized Tee,1599.00,01_RAW_DATA\collections_html\TONES-COL-0018.html
TONES-COL-0018,https://www.tonesfashion.com/collections/combo-tshirts/products/the-final-act-oversized-tee-copy,the-final-act-oversized-tee-copy,Created To Create - Oversized Tee,1599.00,01_RAW_DATA\collections_html\TONES-COL-0018.html
TONES-COL-0018,https://www.tonesfashion.com/collections/combo-tshirts/products/double-pocket-black-shirt,double-pocket-black-shirt,Black - Double Pocket Shirt,2000.00,01_RAW_DATA\collections_html\TONES-COL-0018.html
TONES-COL-0018,https://www.tonesfashion.com/collections/combo-tshirts/products/black-flannel-double-pocket-shirt,black-flannel-double-pocket-shirt,BLACK DOUBLE POCKET FLANNEL SHIRT,2499.00,01_RAW_DATA\collections_html\TONES-COL-0018.html
TONES-COL-0018,https://www.tonesfashion.com/collections/combo-tshirts/products/blue-checks-flanel,blue-checks-flanel,Blue Checks Flannel,2999.00,01_RAW_DATA\collections_html\TONES-COL-0018.html
TONES-COL-0018,https://www.tonesfashion.com/collections/combo-tshirts/products/blue-drip-sweatshirt-copy,blue-drip-sweatshirt-copy,Blue Drip Sweatshirt,2299.00,01_RAW_DATA\collections_html\TONES-COL-0018.html
TONES-COL-0018,https://www.tonesfashion.com/collections/combo-tshirts/products/deep-sage-gauze-cotton-shirt-copy,deep-sage-gauze-cotton-shirt-copy,Blue Oxford Shirt,2499.00,01_RAW_DATA\collections_html\TONES-COL-0018.html
TONES-COL-0018,https://www.tonesfashion.com/collections/combo-tshirts/products/rustic-brown-acid-wash-t-shirt,rustic-brown-acid-wash-t-shirt,Brown Acid Wash Ringer T-Shirt,1599.00,01_RAW_DATA\collections_html\TONES-COL-0018.html
TONES-COL-0018,https://www.tonesfashion.com/collections/combo-tshirts/products/brown-checks-flanel,brown-checks-flanel,Brown Checks Flannel,2999.00,01_RAW_DATA\collections_html\TONES-COL-0018.html
TONES-COL-0018,https://www.tonesfashion.com/collections/combo-tshirts/products/brown-double-pocket-shacket,brown-double-pocket-shacket,BROWN DOUBLE POCKET FLANNEL SHACKET,3499.00,01_RAW_DATA\collections_html\TONES-COL-0018.html
TONES-COL-0018,https://www.tonesfashion.com/collections/combo-tshirts/products/burgundy-satin-shirt,burgundy-satin-shirt,Burgundy - Satin Shirt,2499.00,01_RAW_DATA\collections_html\TONES-COL-0018.html
TONES-COL-0019,https://www.tonesfashion.com/collections/combos/products/3-t-shirt-combo,3-t-shirt-combo,3 T-shirt Combo,1999.00,01_RAW_DATA\collections_html\TONES-COL-0019.html
TONES-COL-0019,https://www.tonesfashion.com/collections/combos/products/acid-wash-muscle-tee,acid-wash-muscle-tee,ACID WASH MUSCLE TEE,1299.00,01_RAW_DATA\collections_html\TONES-COL-0019.html
TONES-COL-0019,https://www.tonesfashion.com/collections/combos/products/anti-perfect-tee-cofee-beige,anti-perfect-tee-cofee-beige,ANTI-PERFECT OVERSIZED TEE - COFEE BEIGE,1499.00,01_RAW_DATA\collections_html\TONES-COL-0019.html
TONES-COL-0019,https://www.tonesfashion.com/collections/combos/products/double-pocket-black-shirt,double-pocket-black-shirt,Black - Double Pocket Shirt,2000.00,01_RAW_DATA\collections_html\TONES-COL-0019.html
TONES-COL-0019,https://www.tonesfashion.com/collections/combos/products/black-flannel-double-pocket-shirt,black-flannel-double-pocket-shirt,BLACK DOUBLE POCKET FLANNEL SHIRT,2499.00,01_RAW_DATA\collections_html\TONES-COL-0019.html
TONES-COL-0019,https://www.tonesfashion.com/collections/combos/products/blue-checks-flanel,blue-checks-flanel,Blue Checks Flannel,2999.00,01_RAW_DATA\collections_html\TONES-COL-0019.html
TONES-COL-0019,https://www.tonesfashion.com/collections/combos/products/blue-drip-sweatshirt-copy,blue-drip-sweatshirt-copy,Blue Drip Sweatshirt,2299.00,01_RAW_DATA\collections_html\TONES-COL-0019.html
TONES-COL-0019,https://www.tonesfashion.com/collections/combos/products/deep-sage-gauze-cotton-shirt-copy,deep-sage-gauze-cotton-shirt-copy,Blue Oxford Shirt,2499.00,01_RAW_DATA\collections_html\TONES-COL-0019.html
TONES-COL-0019,https://www.tonesfashion.com/collections/combos/products/rustic-brown-acid-wash-t-shirt,rustic-brown-acid-wash-t-shirt,Brown Acid Wash Ringer T-Shirt,1599.00,01_RAW_DATA\collections_html\TONES-COL-0019.html
TONES-COL-0019,https://www.tonesfashion.com/collections/combos/products/brown-checks-flanel,brown-checks-flanel,Brown Checks Flannel,2999.00,01_RAW_DATA\collections_html\TONES-COL-0019.html
TONES-COL-0019,https://www.tonesfashion.com/collections/combos/products/brown-double-pocket-shacket,brown-double-pocket-shacket,BROWN DOUBLE POCKET FLANNEL SHACKET,3499.00,01_RAW_DATA\collections_html\TONES-COL-0019.html
TONES-COL-0019,https://www.tonesfashion.com/collections/combos/products/burgundy-satin-shirt,burgundy-satin-shirt,Burgundy - Satin Shirt,2499.00,01_RAW_DATA\collections_html\TONES-COL-0019.html
TONES-COL-0020,https://www.tonesfashion.com/collections/corduroy-check-shirts/products/3-t-shirt-combo,3-t-shirt-combo,3 T-shirt Combo,1999.00,01_RAW_DATA\collections_html\TONES-COL-0020.html
TONES-COL-0020,https://www.tonesfashion.com/collections/corduroy-check-shirts/products/acid-wash-muscle-tee,acid-wash-muscle-tee,ACID WASH MUSCLE TEE,1299.00,01_RAW_DATA\collections_html\TONES-COL-0020.html
TONES-COL-0020,https://www.tonesfashion.com/collections/corduroy-check-shirts/products/anti-perfect-tee-cofee-beige,anti-perfect-tee-cofee-beige,ANTI-PERFECT OVERSIZED TEE - COFEE BEIGE,1499.00,01_RAW_DATA\collections_html\TONES-COL-0020.html
TONES-COL-0020,https://www.tonesfashion.com/collections/corduroy-check-shirts/products/double-pocket-black-shirt,double-pocket-black-shirt,Black - Double Pocket Shirt,2000.00,01_RAW_DATA\collections_html\TONES-COL-0020.html
TONES-COL-0020,https://www.tonesfashion.com/collections/corduroy-check-shirts/products/black-flannel-double-pocket-shirt,black-flannel-double-pocket-shirt,BLACK DOUBLE POCKET FLANNEL SHIRT,2499.00,01_RAW_DATA\collections_html\TONES-COL-0020.html
TONES-COL-0020,https://www.tonesfashion.com/collections/corduroy-check-shirts/products/blue-checks-flanel,blue-checks-flanel,Blue Checks Flannel,2999.00,01_RAW_DATA\collections_html\TONES-COL-0020.html
TONES-COL-0020,https://www.tonesfashion.com/collections/corduroy-check-shirts/products/blue-drip-sweatshirt-copy,blue-drip-sweatshirt-copy,Blue Drip Sweatshirt,2299.00,01_RAW_DATA\collections_html\TONES-COL-0020.html
TONES-COL-0020,https://www.tonesfashion.com/collections/corduroy-check-shirts/products/deep-sage-gauze-cotton-shirt-copy,deep-sage-gauze-cotton-shirt-copy,Blue Oxford Shirt,2499.00,01_RAW_DATA\collections_html\TONES-COL-0020.html
TONES-COL-0020,https://www.tonesfashion.com/collections/corduroy-check-shirts/products/rustic-brown-acid-wash-t-shirt,rustic-brown-acid-wash-t-shirt,Brown Acid Wash Ringer T-Shirt,1599.00,01_RAW_DATA\collections_html\TONES-COL-0020.html
TONES-COL-0020,https://www.tonesfashion.com/collections/corduroy-check-shirts/products/brown-checks-flanel,brown-checks-flanel,Brown Checks Flannel,2999.00,01_RAW_DATA\collections_html\TONES-COL-0020.html
TONES-COL-0020,https://www.tonesfashion.com/collections/corduroy-check-shirts/products/brown-double-pocket-shacket,brown-double-pocket-shacket,BROWN DOUBLE POCKET FLANNEL SHACKET,3499.00,01_RAW_DATA\collections_html\TONES-COL-0020.html
TONES-COL-0020,https://www.tonesfashion.com/collections/corduroy-check-shirts/products/burgundy-satin-shirt,burgundy-satin-shirt,Burgundy - Satin Shirt,2499.00,01_RAW_DATA\collections_html\TONES-COL-0020.html
TONES-COL-0021,https://www.tonesfashion.com/collections/courage/products/3-t-shirt-combo,3-t-shirt-combo,3 T-shirt Combo,1999.00,01_RAW_DATA\collections_html\TONES-COL-0021.html
TONES-COL-0021,https://www.tonesfashion.com/collections/courage/products/acid-wash-muscle-tee,acid-wash-muscle-tee,ACID WASH MUSCLE TEE,1299.00,01_RAW_DATA\collections_html\TONES-COL-0021.html
TONES-COL-0021,https://www.tonesfashion.com/collections/courage/products/anti-perfect-tee-cofee-beige,anti-perfect-tee-cofee-beige,ANTI-PERFECT OVERSIZED TEE - COFEE BEIGE,1499.00,01_RAW_DATA\collections_html\TONES-COL-0021.html
TONES-COL-0021,https://www.tonesfashion.com/collections/courage/products/double-pocket-black-shirt,double-pocket-black-shirt,Black - Double Pocket Shirt,2000.00,01_RAW_DATA\collections_html\TONES-COL-0021.html
TONES-COL-0021,https://www.tonesfashion.com/collections/courage/products/black-flannel-double-pocket-shirt,black-flannel-double-pocket-shirt,BLACK DOUBLE POCKET FLANNEL SHIRT,2499.00,01_RAW_DATA\collections_html\TONES-COL-0021.html
TONES-COL-0021,https://www.tonesfashion.com/collections/courage/products/blue-checks-flanel,blue-checks-flanel,Blue Checks Flannel,2999.00,01_RAW_DATA\collections_html\TONES-COL-0021.html
TONES-COL-0021,https://www.tonesfashion.com/collections/courage/products/blue-drip-sweatshirt-copy,blue-drip-sweatshirt-copy,Blue Drip Sweatshirt,2299.00,01_RAW_DATA\collections_html\TONES-COL-0021.html
TONES-COL-0021,https://www.tonesfashion.com/collections/courage/products/deep-sage-gauze-cotton-shirt-copy,deep-sage-gauze-cotton-shirt-copy,Blue Oxford Shirt,2499.00,01_RAW_DATA\collections_html\TONES-COL-0021.html
TONES-COL-0021,https://www.tonesfashion.com/collections/courage/products/rustic-brown-acid-wash-t-shirt,rustic-brown-acid-wash-t-shirt,Brown Acid Wash Ringer T-Shirt,1599.00,01_RAW_DATA\collections_html\TONES-COL-0021.html
TONES-COL-0021,https://www.tonesfashion.com/collections/courage/products/brown-checks-flanel,brown-checks-flanel,Brown Checks Flannel,2999.00,01_RAW_DATA\collections_html\TONES-COL-0021.html
TONES-COL-0021,https://www.tonesfashion.com/collections/courage/products/brown-double-pocket-shacket,brown-double-pocket-shacket,BROWN DOUBLE POCKET FLANNEL SHACKET,3499.00,01_RAW_DATA\collections_html\TONES-COL-0021.html
TONES-COL-0021,https://www.tonesfashion.com/collections/courage/products/burgundy-satin-shirt,burgundy-satin-shirt,Burgundy - Satin Shirt,2499.00,01_RAW_DATA\collections_html\TONES-COL-0021.html
TONES-COL-0022,https://www.tonesfashion.com/collections/crochet-stripes-shirt/products/3-t-shirt-combo,3-t-shirt-combo,3 T-shirt Combo,1999.00,01_RAW_DATA\collections_html\TONES-COL-0022.html
TONES-COL-0022,https://www.tonesfashion.com/collections/crochet-stripes-shirt/products/acid-wash-muscle-tee,acid-wash-muscle-tee,ACID WASH MUSCLE TEE,1299.00,01_RAW_DATA\collections_html\TONES-COL-0022.html
TONES-COL-0022,https://www.tonesfashion.com/collections/crochet-stripes-shirt/products/anti-perfect-tee-cofee-beige,anti-perfect-tee-cofee-beige,ANTI-PERFECT OVERSIZED TEE - COFEE BEIGE,1499.00,01_RAW_DATA\collections_html\TONES-COL-0022.html
TONES-COL-0022,https://www.tonesfashion.com/collections/crochet-stripes-shirt/products/double-pocket-black-shirt,double-pocket-black-shirt,Black - Double Pocket Shirt,2000.00,01_RAW_DATA\collections_html\TONES-COL-0022.html
TONES-COL-0022,https://www.tonesfashion.com/collections/crochet-stripes-shirt/products/black-flannel-double-pocket-shirt,black-flannel-double-pocket-shirt,BLACK DOUBLE POCKET FLANNEL SHIRT,2499.00,01_RAW_DATA\collections_html\TONES-COL-0022.html
TONES-COL-0022,https://www.tonesfashion.com/collections/crochet-stripes-shirt/products/blue-checks-flanel,blue-checks-flanel,Blue Checks Flannel,2999.00,01_RAW_DATA\collections_html\TONES-COL-0022.html
TONES-COL-0022,https://www.tonesfashion.com/collections/crochet-stripes-shirt/products/blue-drip-sweatshirt-copy,blue-drip-sweatshirt-copy,Blue Drip Sweatshirt,2299.00,01_RAW_DATA\collections_html\TONES-COL-0022.html
TONES-COL-0022,https://www.tonesfashion.com/collections/crochet-stripes-shirt/products/deep-sage-gauze-cotton-shirt-copy,deep-sage-gauze-cotton-shirt-copy,Blue Oxford Shirt,2499.00,01_RAW_DATA\collections_html\TONES-COL-0022.html
TONES-COL-0022,https://www.tonesfashion.com/collections/crochet-stripes-shirt/products/rustic-brown-acid-wash-t-shirt,rustic-brown-acid-wash-t-shirt,Brown Acid Wash Ringer T-Shirt,1599.00,01_RAW_DATA\collections_html\TONES-COL-0022.html
TONES-COL-0022,https://www.tonesfashion.com/collections/crochet-stripes-shirt/products/brown-checks-flanel,brown-checks-flanel,Brown Checks Flannel,2999.00,01_RAW_DATA\collections_html\TONES-COL-0022.html
TONES-COL-0022,https://www.tonesfashion.com/collections/crochet-stripes-shirt/products/brown-double-pocket-shacket,brown-double-pocket-shacket,BROWN DOUBLE POCKET FLANNEL SHACKET,3499.00,01_RAW_DATA\collections_html\TONES-COL-0022.html
TONES-COL-0022,https://www.tonesfashion.com/collections/crochet-stripes-shirt/products/burgundy-satin-shirt,burgundy-satin-shirt,Burgundy - Satin Shirt,2499.00,01_RAW_DATA\collections_html\TONES-COL-0022.html
TONES-COL-0023,https://www.tonesfashion.com/collections/daily-home-tees/products/daily-tees-orange,daily-tees-orange,Daily Tees - orange,399.00,01_RAW_DATA\collections_html\TONES-COL-0023.html
TONES-COL-0023,https://www.tonesfashion.com/collections/daily-home-tees/products/the-final-act-oversized-tee-copy,the-final-act-oversized-tee-copy,Created To Create - Oversized Tee,1599.00,01_RAW_DATA\collections_html\TONES-COL-0023.html
TONES-COL-0023,https://www.tonesfashion.com/collections/daily-home-tees/products/daily-tees-black-copy,daily-tees-black-copy,Daily Tees - black,399.00,01_RAW_DATA\collections_html\TONES-COL-0023.html
TONES-COL-0023,https://www.tonesfashion.com/collections/daily-home-tees/products/the-alpha-oversized-tee,the-alpha-oversized-tee,The Alpha - Oversized Tee,1599.00,01_RAW_DATA\collections_html\TONES-COL-0023.html
TONES-COL-0023,https://www.tonesfashion.com/collections/daily-home-tees/products/the-alpha-oversized-tee-copy,the-alpha-oversized-tee-copy,The Final Act - Oversized Tee,1599.00,01_RAW_DATA\collections_html\TONES-COL-0023.html
TONES-COL-0023,https://www.tonesfashion.com/collections/daily-home-tees/products/navy-blue-acid-wash-t-shirt-2,navy-blue-acid-wash-t-shirt-2,Navy Blue Acid Wash Ringer T-Shirt,1599.00,01_RAW_DATA\collections_html\TONES-COL-0023.html
TONES-COL-0023,https://www.tonesfashion.com/collections/daily-home-tees/products/navy-blue-acid-wash-t-shirt-1,navy-blue-acid-wash-t-shirt-1,Red Acid Wash Ringer T-Shirt,1599.00,01_RAW_DATA\collections_html\TONES-COL-0023.html
TONES-COL-0023,https://www.tonesfashion.com/collections/daily-home-tees/products/rustic-brown-acid-wash-t-shirt,rustic-brown-acid-wash-t-shirt,Brown Acid Wash Ringer T-Shirt,1599.00,01_RAW_DATA\collections_html\TONES-COL-0023.html
TONES-COL-0023,https://www.tonesfashion.com/collections/daily-home-tees/products/3-t-shirt-combo,3-t-shirt-combo,3 T-shirt Combo,1999.00,01_RAW_DATA\collections_html\TONES-COL-0023.html
TONES-COL-0023,https://www.tonesfashion.com/collections/daily-home-tees/products/acid-wash-muscle-tee,acid-wash-muscle-tee,ACID WASH MUSCLE TEE,1299.00,01_RAW_DATA\collections_html\TONES-COL-0023.html
TONES-COL-0023,https://www.tonesfashion.com/collections/daily-home-tees/products/anti-perfect-tee-cofee-beige,anti-perfect-tee-cofee-beige,ANTI-PERFECT OVERSIZED TEE - COFEE BEIGE,1499.00,01_RAW_DATA\collections_html\TONES-COL-0023.html
TONES-COL-0023,https://www.tonesfashion.com/collections/daily-home-tees/products/double-pocket-black-shirt,double-pocket-black-shirt,Black - Double Pocket Shirt,2000.00,01_RAW_DATA\collections_html\TONES-COL-0023.html
TONES-COL-0023,https://www.tonesfashion.com/collections/daily-home-tees/products/black-flannel-double-pocket-shirt,black-flannel-double-pocket-shirt,BLACK DOUBLE POCKET FLANNEL SHIRT,2499.00,01_RAW_DATA\collections_html\TONES-COL-0023.html
TONES-COL-0023,https://www.tonesfashion.com/collections/daily-home-tees/products/blue-checks-flanel,blue-checks-flanel,Blue Checks Flannel,2999.00,01_RAW_DATA\collections_html\TONES-COL-0023.html
TONES-COL-0023,https://www.tonesfashion.com/collections/daily-home-tees/products/blue-drip-sweatshirt-copy,blue-drip-sweatshirt-copy,Blue Drip Sweatshirt,2299.00,01_RAW_DATA\collections_html\TONES-COL-0023.html
TONES-COL-0023,https://www.tonesfashion.com/collections/daily-home-tees/products/deep-sage-gauze-cotton-shirt-copy,deep-sage-gauze-cotton-shirt-copy,Blue Oxford Shirt,2499.00,01_RAW_DATA\collections_html\TONES-COL-0023.html
TONES-COL-0023,https://www.tonesfashion.com/collections/daily-home-tees/products/brown-checks-flanel,brown-checks-flanel,Brown Checks Flannel,2999.00,01_RAW_DATA\collections_html\TONES-COL-0023.html
TONES-COL-0023,https://www.tonesfashion.com/collections/daily-home-tees/products/brown-double-pocket-shacket,brown-double-pocket-shacket,BROWN DOUBLE POCKET FLANNEL SHACKET,3499.00,01_RAW_DATA\collections_html\TONES-COL-0023.html
TONES-COL-0023,https://www.tonesfashion.com/collections/daily-home-tees/products/burgundy-satin-shirt,burgundy-satin-shirt,Burgundy - Satin Shirt,2499.00,01_RAW_DATA\collections_html\TONES-COL-0023.html
TONES-COL-0024,https://www.tonesfashion.com/collections/daily-tees/products/rustic-brown-acid-wash-t-shirt,rustic-brown-acid-wash-t-shirt,Brown Acid Wash Ringer T-Shirt,1599.00,01_RAW_DATA\collections_html\TONES-COL-0024.html
TONES-COL-0024,https://www.tonesfashion.com/collections/daily-tees/products/navy-blue-acid-wash-t-shirt-1,navy-blue-acid-wash-t-shirt-1,Red Acid Wash Ringer T-Shirt,1599.00,01_RAW_DATA\collections_html\TONES-COL-0024.html
TONES-COL-0024,https://www.tonesfashion.com/collections/daily-tees/products/navy-blue-acid-wash-t-shirt-2,navy-blue-acid-wash-t-shirt-2,Navy Blue Acid Wash Ringer T-Shirt,1599.00,01_RAW_DATA\collections_html\TONES-COL-0024.html
TONES-COL-0024,https://www.tonesfashion.com/collections/daily-tees/products/the-alpha-oversized-tee,the-alpha-oversized-tee,The Alpha - Oversized Tee,1599.00,01_RAW_DATA\collections_html\TONES-COL-0024.html
TONES-COL-0024,https://www.tonesfashion.com/collections/daily-tees/products/the-alpha-oversized-tee-copy,the-alpha-oversized-tee-copy,The Final Act - Oversized Tee,1599.00,01_RAW_DATA\collections_html\TONES-COL-0024.html
TONES-COL-0024,https://www.tonesfashion.com/collections/daily-tees/products/the-final-act-oversized-tee-copy,the-final-act-oversized-tee-copy,Created To Create - Oversized Tee,1599.00,01_RAW_DATA\collections_html\TONES-COL-0024.html
TONES-COL-0024,https://www.tonesfashion.com/collections/daily-tees/products/3-t-shirt-combo,3-t-shirt-combo,3 T-shirt Combo,1999.00,01_RAW_DATA\collections_html\TONES-COL-0024.html
TONES-COL-0024,https://www.tonesfashion.com/collections/daily-tees/products/acid-wash-muscle-tee,acid-wash-muscle-tee,ACID WASH MUSCLE TEE,1299.00,01_RAW_DATA\collections_html\TONES-COL-0024.html
TONES-COL-0024,https://www.tonesfashion.com/collections/daily-tees/products/anti-perfect-tee-cofee-beige,anti-perfect-tee-cofee-beige,ANTI-PERFECT OVERSIZED TEE - COFEE BEIGE,1499.00,01_RAW_DATA\collections_html\TONES-COL-0024.html
TONES-COL-0024,https://www.tonesfashion.com/collections/daily-tees/products/double-pocket-black-shirt,double-pocket-black-shirt,Black - Double Pocket Shirt,2000.00,01_RAW_DATA\collections_html\TONES-COL-0024.html
TONES-COL-0024,https://www.tonesfashion.com/collections/daily-tees/products/black-flannel-double-pocket-shirt,black-flannel-double-pocket-shirt,BLACK DOUBLE POCKET FLANNEL SHIRT,2499.00,01_RAW_DATA\collections_html\TONES-COL-0024.html
TONES-COL-0024,https://www.tonesfashion.com/collections/daily-tees/products/blue-checks-flanel,blue-checks-flanel,Blue Checks Flannel,2999.00,01_RAW_DATA\collections_html\TONES-COL-0024.html
TONES-COL-0024,https://www.tonesfashion.com/collections/daily-tees/products/blue-drip-sweatshirt-copy,blue-drip-sweatshirt-copy,Blue Drip Sweatshirt,2299.00,01_RAW_DATA\collections_html\TONES-COL-0024.html
TONES-COL-0024,https://www.tonesfashion.com/collections/daily-tees/products/deep-sage-gauze-cotton-shirt-copy,deep-sage-gauze-cotton-shirt-copy,Blue Oxford Shirt,2499.00,01_RAW_DATA\collections_html\TONES-COL-0024.html
TONES-COL-0024,https://www.tonesfashion.com/collections/daily-tees/products/brown-checks-flanel,brown-checks-flanel,Brown Checks Flannel,2999.00,01_RAW_DATA\collections_html\TONES-COL-0024.html
TONES-COL-0024,https://www.tonesfashion.com/collections/daily-tees/products/brown-double-pocket-shacket,brown-double-pocket-shacket,BROWN DOUBLE POCKET FLANNEL SHACKET,3499.00,01_RAW_DATA\collections_html\TONES-COL-0024.html
TONES-COL-0024,https://www.tonesfashion.com/collections/daily-tees/products/burgundy-satin-shirt,burgundy-satin-shirt,Burgundy - Satin Shirt,2499.00,01_RAW_DATA\collections_html\TONES-COL-0024.html
TONES-COL-0025,https://www.tonesfashion.com/collections/denim-jeans/products/3-t-shirt-combo,3-t-shirt-combo,3 T-shirt Combo,1999.00,01_RAW_DATA\collections_html\TONES-COL-0025.html
TONES-COL-0025,https://www.tonesfashion.com/collections/denim-jeans/products/acid-wash-muscle-tee,acid-wash-muscle-tee,ACID WASH MUSCLE TEE,1299.00,01_RAW_DATA\collections_html\TONES-COL-0025.html
TONES-COL-0025,https://www.tonesfashion.com/collections/denim-jeans/products/anti-perfect-tee-cofee-beige,anti-perfect-tee-cofee-beige,ANTI-PERFECT OVERSIZED TEE - COFEE BEIGE,1499.00,01_RAW_DATA\collections_html\TONES-COL-0025.html
TONES-COL-0025,https://www.tonesfashion.com/collections/denim-jeans/products/double-pocket-black-shirt,double-pocket-black-shirt,Black - Double Pocket Shirt,2000.00,01_RAW_DATA\collections_html\TONES-COL-0025.html
TONES-COL-0025,https://www.tonesfashion.com/collections/denim-jeans/products/black-flannel-double-pocket-shirt,black-flannel-double-pocket-shirt,BLACK DOUBLE POCKET FLANNEL SHIRT,2499.00,01_RAW_DATA\collections_html\TONES-COL-0025.html
TONES-COL-0025,https://www.tonesfashion.com/collections/denim-jeans/products/blue-checks-flanel,blue-checks-flanel,Blue Checks Flannel,2999.00,01_RAW_DATA\collections_html\TONES-COL-0025.html
TONES-COL-0025,https://www.tonesfashion.com/collections/denim-jeans/products/blue-drip-sweatshirt-copy,blue-drip-sweatshirt-copy,Blue Drip Sweatshirt,2299.00,01_RAW_DATA\collections_html\TONES-COL-0025.html
TONES-COL-0025,https://www.tonesfashion.com/collections/denim-jeans/products/deep-sage-gauze-cotton-shirt-copy,deep-sage-gauze-cotton-shirt-copy,Blue Oxford Shirt,2499.00,01_RAW_DATA\collections_html\TONES-COL-0025.html
TONES-COL-0025,https://www.tonesfashion.com/collections/denim-jeans/products/rustic-brown-acid-wash-t-shirt,rustic-brown-acid-wash-t-shirt,Brown Acid Wash Ringer T-Shirt,1599.00,01_RAW_DATA\collections_html\TONES-COL-0025.html
TONES-COL-0025,https://www.tonesfashion.com/collections/denim-jeans/products/brown-checks-flanel,brown-checks-flanel,Brown Checks Flannel,2999.00,01_RAW_DATA\collections_html\TONES-COL-0025.html
TONES-COL-0025,https://www.tonesfashion.com/collections/denim-jeans/products/brown-double-pocket-shacket,brown-double-pocket-shacket,BROWN DOUBLE POCKET FLANNEL SHACKET,3499.00,01_RAW_DATA\collections_html\TONES-COL-0025.html
TONES-COL-0025,https://www.tonesfashion.com/collections/denim-jeans/products/burgundy-satin-shirt,burgundy-satin-shirt,Burgundy - Satin Shirt,2499.00,01_RAW_DATA\collections_html\TONES-COL-0025.html
TONES-COL-0026,https://www.tonesfashion.com/collections/denim-shirts/products/3-t-shirt-combo,3-t-shirt-combo,3 T-shirt Combo,1999.00,01_RAW_DATA\collections_html\TONES-COL-0026.html
TONES-COL-0026,https://www.tonesfashion.com/collections/denim-shirts/products/acid-wash-muscle-tee,acid-wash-muscle-tee,ACID WASH MUSCLE TEE,1299.00,01_RAW_DATA\collections_html\TONES-COL-0026.html
TONES-COL-0026,https://www.tonesfashion.com/collections/denim-shirts/products/anti-perfect-tee-cofee-beige,anti-perfect-tee-cofee-beige,ANTI-PERFECT OVERSIZED TEE - COFEE BEIGE,1499.00,01_RAW_DATA\collections_html\TONES-COL-0026.html
TONES-COL-0026,https://www.tonesfashion.com/collections/denim-shirts/products/double-pocket-black-shirt,double-pocket-black-shirt,Black - Double Pocket Shirt,2000.00,01_RAW_DATA\collections_html\TONES-COL-0026.html
TONES-COL-0026,https://www.tonesfashion.com/collections/denim-shirts/products/black-flannel-double-pocket-shirt,black-flannel-double-pocket-shirt,BLACK DOUBLE POCKET FLANNEL SHIRT,2499.00,01_RAW_DATA\collections_html\TONES-COL-0026.html
TONES-COL-0026,https://www.tonesfashion.com/collections/denim-shirts/products/blue-checks-flanel,blue-checks-flanel,Blue Checks Flannel,2999.00,01_RAW_DATA\collections_html\TONES-COL-0026.html
TONES-COL-0026,https://www.tonesfashion.com/collections/denim-shirts/products/blue-drip-sweatshirt-copy,blue-drip-sweatshirt-copy,Blue Drip Sweatshirt,2299.00,01_RAW_DATA\collections_html\TONES-COL-0026.html
TONES-COL-0026,https://www.tonesfashion.com/collections/denim-shirts/products/deep-sage-gauze-cotton-shirt-copy,deep-sage-gauze-cotton-shirt-copy,Blue Oxford Shirt,2499.00,01_RAW_DATA\collections_html\TONES-COL-0026.html
TONES-COL-0026,https://www.tonesfashion.com/collections/denim-shirts/products/rustic-brown-acid-wash-t-shirt,rustic-brown-acid-wash-t-shirt,Brown Acid Wash Ringer T-Shirt,1599.00,01_RAW_DATA\collections_html\TONES-COL-0026.html
TONES-COL-0026,https://www.tonesfashion.com/collections/denim-shirts/products/brown-checks-flanel,brown-checks-flanel,Brown Checks Flannel,2999.00,01_RAW_DATA\collections_html\TONES-COL-0026.html
TONES-COL-0026,https://www.tonesfashion.com/collections/denim-shirts/products/brown-double-pocket-shacket,brown-double-pocket-shacket,BROWN DOUBLE POCKET FLANNEL SHACKET,3499.00,01_RAW_DATA\collections_html\TONES-COL-0026.html
TONES-COL-0026,https://www.tonesfashion.com/collections/denim-shirts/products/burgundy-satin-shirt,burgundy-satin-shirt,Burgundy - Satin Shirt,2499.00,01_RAW_DATA\collections_html\TONES-COL-0026.html
TONES-COL-0027,https://www.tonesfashion.com/collections/designer-wear/products/scenic-still-ness-sage-green-1,scenic-still-ness-sage-green-1,Scenic Stillness Sage Green Short Kurta,2499.00,01_RAW_DATA\collections_html\TONES-COL-0027.html
TONES-COL-0027,https://www.tonesfashion.com/collections/designer-wear/products/petal-trays-charcoal-green-short-kurta,petal-trays-charcoal-green-short-kurta,Petal Trace Charcoal Green Short Kurta,2499.00,01_RAW_DATA\collections_html\TONES-COL-0027.html
TONES-COL-0027,https://www.tonesfashion.com/collections/designer-wear/products/petal-trays-teal-blue-short-kurta,petal-trays-teal-blue-short-kurta,Petal Trace Teal Blue Short Kurta,2499.00,01_RAW_DATA\collections_html\TONES-COL-0027.html
TONES-COL-0027,https://www.tonesfashion.com/collections/designer-wear/products/scenic-still-ness-butter-yellow-short-kurta,scenic-still-ness-butter-yellow-short-kurta,Scenic Stillness Butter Yellow Short Kurta,2499.00,01_RAW_DATA\collections_html\TONES-COL-0027.html
TONES-COL-0027,https://www.tonesfashion.com/collections/designer-wear/products/tusker-tails-soft-cream-short-kurta,tusker-tails-soft-cream-short-kurta,Tusker Trails Soft Cream Short Kurta,2499.00,01_RAW_DATA\collections_html\TONES-COL-0027.html
TONES-COL-0027,https://www.tonesfashion.com/collections/designer-wear/products/cream-short-kurta-copy,cream-short-kurta-copy,Tusker Trails Powder Blue Short Kurta,1500.00,01_RAW_DATA\collections_html\TONES-COL-0027.html
TONES-COL-0027,https://www.tonesfashion.com/collections/designer-wear/products/karma-white-shirt,karma-white-shirt,Karma - White shirt,3499.00,01_RAW_DATA\collections_html\TONES-COL-0027.html
TONES-COL-0027,https://www.tonesfashion.com/collections/designer-wear/products/karma-jet-black-shirt,karma-jet-black-shirt,Karma - Jet Black shirt,3499.00,01_RAW_DATA\collections_html\TONES-COL-0027.html
TONES-COL-0027,https://www.tonesfashion.com/collections/designer-wear/products/white-bloom-shirt,white-bloom-shirt,WHITE - BLOOM SHIRT,2000.00,01_RAW_DATA\collections_html\TONES-COL-0027.html
TONES-COL-0027,https://www.tonesfashion.com/collections/designer-wear/products/blue-drip-sweatshirt-copy,blue-drip-sweatshirt-copy,Blue Drip Sweatshirt,2299.00,01_RAW_DATA\collections_html\TONES-COL-0027.html
TONES-COL-0027,https://www.tonesfashion.com/collections/designer-wear/products/red-drip-sweatshirt,red-drip-sweatshirt,Red Drip Sweatshirt,2299.00,01_RAW_DATA\collections_html\TONES-COL-0027.html
TONES-COL-0027,https://www.tonesfashion.com/collections/designer-wear/products/the-alpha-oversized-tee,the-alpha-oversized-tee,The Alpha - Oversized Tee,1599.00,01_RAW_DATA\collections_html\TONES-COL-0027.html
TONES-COL-0027,https://www.tonesfashion.com/collections/designer-wear/products/the-alpha-oversized-tee-copy,the-alpha-oversized-tee-copy,The Final Act - Oversized Tee,1599.00,01_RAW_DATA\collections_html\TONES-COL-0027.html
TONES-COL-0027,https://www.tonesfashion.com/collections/designer-wear/products/the-final-act-oversized-tee-copy,the-final-act-oversized-tee-copy,Created To Create - Oversized Tee,1599.00,01_RAW_DATA\collections_html\TONES-COL-0027.html
TONES-COL-0027,https://www.tonesfashion.com/collections/designer-wear/products/3-t-shirt-combo,3-t-shirt-combo,3 T-shirt Combo,1999.00,01_RAW_DATA\collections_html\TONES-COL-0027.html
TONES-COL-0027,https://www.tonesfashion.com/collections/designer-wear/products/acid-wash-muscle-tee,acid-wash-muscle-tee,ACID WASH MUSCLE TEE,1299.00,01_RAW_DATA\collections_html\TONES-COL-0027.html
TONES-COL-0027,https://www.tonesfashion.com/collections/designer-wear/products/anti-perfect-tee-cofee-beige,anti-perfect-tee-cofee-beige,ANTI-PERFECT OVERSIZED TEE - COFEE BEIGE,1499.00,01_RAW_DATA\collections_html\TONES-COL-0027.html
TONES-COL-0027,https://www.tonesfashion.com/collections/designer-wear/products/double-pocket-black-shirt,double-pocket-black-shirt,Black - Double Pocket Shirt,2000.00,01_RAW_DATA\collections_html\TONES-COL-0027.html
TONES-COL-0027,https://www.tonesfashion.com/collections/designer-wear/products/black-flannel-double-pocket-shirt,black-flannel-double-pocket-shirt,BLACK DOUBLE POCKET FLANNEL SHIRT,2499.00,01_RAW_DATA\collections_html\TONES-COL-0027.html
TONES-COL-0027,https://www.tonesfashion.com/collections/designer-wear/products/blue-checks-flanel,blue-checks-flanel,Blue Checks Flannel,2999.00,01_RAW_DATA\collections_html\TONES-COL-0027.html
TONES-COL-0027,https://www.tonesfashion.com/collections/designer-wear/products/deep-sage-gauze-cotton-shirt-copy,deep-sage-gauze-cotton-shirt-copy,Blue Oxford Shirt,2499.00,01_RAW_DATA\collections_html\TONES-COL-0027.html
TONES-COL-0027,https://www.tonesfashion.com/collections/designer-wear/products/rustic-brown-acid-wash-t-shirt,rustic-brown-acid-wash-t-shirt,Brown Acid Wash Ringer T-Shirt,1599.00,01_RAW_DATA\collections_html\TONES-COL-0027.html
TONES-COL-0027,https://www.tonesfashion.com/collections/designer-wear/products/brown-checks-flanel,brown-checks-flanel,Brown Checks Flannel,2999.00,01_RAW_DATA\collections_html\TONES-COL-0027.html
TONES-COL-0027,https://www.tonesfashion.com/collections/designer-wear/products/brown-double-pocket-shacket,brown-double-pocket-shacket,BROWN DOUBLE POCKET FLANNEL SHACKET,3499.00,01_RAW_DATA\collections_html\TONES-COL-0027.html
TONES-COL-0027,https://www.tonesfashion.com/collections/designer-wear/products/burgundy-satin-shirt,burgundy-satin-shirt,Burgundy - Satin Shirt,2499.00,01_RAW_DATA\collections_html\TONES-COL-0027.html
TONES-COL-0028,https://www.tonesfashion.com/collections/diwali-sale/products/chaotic-good-pink-1,chaotic-good-pink-1,Chaotic Good - Pink - C5,1999.00,01_RAW_DATA\collections_html\TONES-COL-0028.html
TONES-COL-0028,https://www.tonesfashion.com/collections/diwali-sale/products/3-t-shirt-combo,3-t-shirt-combo,3 T-shirt Combo,1999.00,01_RAW_DATA\collections_html\TONES-COL-0028.html
TONES-COL-0028,https://www.tonesfashion.com/collections/diwali-sale/products/acid-wash-muscle-tee,acid-wash-muscle-tee,ACID WASH MUSCLE TEE,1299.00,01_RAW_DATA\collections_html\TONES-COL-0028.html
TONES-COL-0028,https://www.tonesfashion.com/collections/diwali-sale/products/anti-perfect-tee-cofee-beige,anti-perfect-tee-cofee-beige,ANTI-PERFECT OVERSIZED TEE - COFEE BEIGE,1499.00,01_RAW_DATA\collections_html\TONES-COL-0028.html
TONES-COL-0028,https://www.tonesfashion.com/collections/diwali-sale/products/double-pocket-black-shirt,double-pocket-black-shirt,Black - Double Pocket Shirt,2000.00,01_RAW_DATA\collections_html\TONES-COL-0028.html
TONES-COL-0028,https://www.tonesfashion.com/collections/diwali-sale/products/black-flannel-double-pocket-shirt,black-flannel-double-pocket-shirt,BLACK DOUBLE POCKET FLANNEL SHIRT,2499.00,01_RAW_DATA\collections_html\TONES-COL-0028.html
TONES-COL-0028,https://www.tonesfashion.com/collections/diwali-sale/products/blue-checks-flanel,blue-checks-flanel,Blue Checks Flannel,2999.00,01_RAW_DATA\collections_html\TONES-COL-0028.html
TONES-COL-0028,https://www.tonesfashion.com/collections/diwali-sale/products/blue-drip-sweatshirt-copy,blue-drip-sweatshirt-copy,Blue Drip Sweatshirt,2299.00,01_RAW_DATA\collections_html\TONES-COL-0028.html
TONES-COL-0028,https://www.tonesfashion.com/collections/diwali-sale/products/deep-sage-gauze-cotton-shirt-copy,deep-sage-gauze-cotton-shirt-copy,Blue Oxford Shirt,2499.00,01_RAW_DATA\collections_html\TONES-COL-0028.html
TONES-COL-0028,https://www.tonesfashion.com/collections/diwali-sale/products/rustic-brown-acid-wash-t-shirt,rustic-brown-acid-wash-t-shirt,Brown Acid Wash Ringer T-Shirt,1599.00,01_RAW_DATA\collections_html\TONES-COL-0028.html
TONES-COL-0028,https://www.tonesfashion.com/collections/diwali-sale/products/brown-checks-flanel,brown-checks-flanel,Brown Checks Flannel,2999.00,01_RAW_DATA\collections_html\TONES-COL-0028.html
TONES-COL-0028,https://www.tonesfashion.com/collections/diwali-sale/products/brown-double-pocket-shacket,brown-double-pocket-shacket,BROWN DOUBLE POCKET FLANNEL SHACKET,3499.00,01_RAW_DATA\collections_html\TONES-COL-0028.html
TONES-COL-0028,https://www.tonesfashion.com/collections/diwali-sale/products/burgundy-satin-shirt,burgundy-satin-shirt,Burgundy - Satin Shirt,2499.00,01_RAW_DATA\collections_html\TONES-COL-0028.html
TONES-COL-0029,https://www.tonesfashion.com/collections/double-pocket-flannels/products/navy-blue-courdury-shacket,navy-blue-courdury-shacket,Navy Blue Corduroy Shacket,1999.00,01_RAW_DATA\collections_html\TONES-COL-0029.html
TONES-COL-0029,https://www.tonesfashion.com/collections/double-pocket-flannels/products/maroon-courdry-shacket-copy,maroon-courdry-shacket-copy,Mustard Corduroy Shacket,1999.00,01_RAW_DATA\collections_html\TONES-COL-0029.html
TONES-COL-0029,https://www.tonesfashion.com/collections/double-pocket-flannels/products/blue-checks-flanel,blue-checks-flanel,Blue Checks Flannel,2999.00,01_RAW_DATA\collections_html\TONES-COL-0029.html
TONES-COL-0029,https://www.tonesfashion.com/collections/double-pocket-flannels/products/dark-blue-checks-flanel,dark-blue-checks-flanel,Dark Blue Checks Flannel,2999.00,01_RAW_DATA\collections_html\TONES-COL-0029.html
TONES-COL-0029,https://www.tonesfashion.com/collections/double-pocket-flannels/products/brown-double-pocket-shacket,brown-double-pocket-shacket,BROWN DOUBLE POCKET FLANNEL SHACKET,3499.00,01_RAW_DATA\collections_html\TONES-COL-0029.html
TONES-COL-0029,https://www.tonesfashion.com/collections/double-pocket-flannels/products/charcoal-grey-flannel-double-pocket-shirt,charcoal-grey-flannel-double-pocket-shirt,CHARCOAL GREY DOUBLE POCKET FLANNEL SHIRT,2499.00,01_RAW_DATA\collections_html\TONES-COL-0029.html
TONES-COL-0029,https://www.tonesfashion.com/collections/double-pocket-flannels/products/black-flannel-double-pocket-shirt,black-flannel-double-pocket-shirt,BLACK DOUBLE POCKET FLANNEL SHIRT,2499.00,01_RAW_DATA\collections_html\TONES-COL-0029.html
TONES-COL-0029,https://www.tonesfashion.com/collections/double-pocket-flannels/products/grey-double-pocket-shacket,grey-double-pocket-shacket,GREY DOUBLE POCKET FLANNEL SHACKET,3499.00,01_RAW_DATA\collections_html\TONES-COL-0029.html
TONES-COL-0029,https://www.tonesfashion.com/collections/double-pocket-flannels/products/3-t-shirt-combo,3-t-shirt-combo,3 T-shirt Combo,1999.00,01_RAW_DATA\collections_html\TONES-COL-0029.html
TONES-COL-0029,https://www.tonesfashion.com/collections/double-pocket-flannels/products/acid-wash-muscle-tee,acid-wash-muscle-tee,ACID WASH MUSCLE TEE,1299.00,01_RAW_DATA\collections_html\TONES-COL-0029.html
TONES-COL-0029,https://www.tonesfashion.com/collections/double-pocket-flannels/products/anti-perfect-tee-cofee-beige,anti-perfect-tee-cofee-beige,ANTI-PERFECT OVERSIZED TEE - COFEE BEIGE,1499.00,01_RAW_DATA\collections_html\TONES-COL-0029.html
TONES-COL-0029,https://www.tonesfashion.com/collections/double-pocket-flannels/products/double-pocket-black-shirt,double-pocket-black-shirt,Black - Double Pocket Shirt,2000.00,01_RAW_DATA\collections_html\TONES-COL-0029.html
TONES-COL-0029,https://www.tonesfashion.com/collections/double-pocket-flannels/products/blue-drip-sweatshirt-copy,blue-drip-sweatshirt-copy,Blue Drip Sweatshirt,2299.00,01_RAW_DATA\collections_html\TONES-COL-0029.html
TONES-COL-0029,https://www.tonesfashion.com/collections/double-pocket-flannels/products/deep-sage-gauze-cotton-shirt-copy,deep-sage-gauze-cotton-shirt-copy,Blue Oxford Shirt,2499.00,01_RAW_DATA\collections_html\TONES-COL-0029.html
TONES-COL-0029,https://www.tonesfashion.com/collections/double-pocket-flannels/products/rustic-brown-acid-wash-t-shirt,rustic-brown-acid-wash-t-shirt,Brown Acid Wash Ringer T-Shirt,1599.00,01_RAW_DATA\collections_html\TONES-COL-0029.html
TONES-COL-0029,https://www.tonesfashion.com/collections/double-pocket-flannels/products/brown-checks-flanel,brown-checks-flanel,Brown Checks Flannel,2999.00,01_RAW_DATA\collections_html\TONES-COL-0029.html
TONES-COL-0029,https://www.tonesfashion.com/collections/double-pocket-flannels/products/burgundy-satin-shirt,burgundy-satin-shirt,Burgundy - Satin Shirt,2499.00,01_RAW_DATA\collections_html\TONES-COL-0029.html
TONES-COL-0030,https://www.tonesfashion.com/collections/drip-sweatshirts/products/red-drip-sweatshirt,red-drip-sweatshirt,Red Drip Sweatshirt,2299.00,01_RAW_DATA\collections_html\TONES-COL-0030.html
TONES-COL-0030,https://www.tonesfashion.com/collections/drip-sweatshirts/products/blue-drip-sweatshirt-copy,blue-drip-sweatshirt-copy,Blue Drip Sweatshirt,2299.00,01_RAW_DATA\collections_html\TONES-COL-0030.html
TONES-COL-0030,https://www.tonesfashion.com/collections/drip-sweatshirts/products/3-t-shirt-combo,3-t-shirt-combo,3 T-shirt Combo,1999.00,01_RAW_DATA\collections_html\TONES-COL-0030.html
TONES-COL-0030,https://www.tonesfashion.com/collections/drip-sweatshirts/products/acid-wash-muscle-tee,acid-wash-muscle-tee,ACID WASH MUSCLE TEE,1299.00,01_RAW_DATA\collections_html\TONES-COL-0030.html
TONES-COL-0030,https://www.tonesfashion.com/collections/drip-sweatshirts/products/anti-perfect-tee-cofee-beige,anti-perfect-tee-cofee-beige,ANTI-PERFECT OVERSIZED TEE - COFEE BEIGE,1499.00,01_RAW_DATA\collections_html\TONES-COL-0030.html
TONES-COL-0030,https://www.tonesfashion.com/collections/drip-sweatshirts/products/double-pocket-black-shirt,double-pocket-black-shirt,Black - Double Pocket Shirt,2000.00,01_RAW_DATA\collections_html\TONES-COL-0030.html
TONES-COL-0030,https://www.tonesfashion.com/collections/drip-sweatshirts/products/black-flannel-double-pocket-shirt,black-flannel-double-pocket-shirt,BLACK DOUBLE POCKET FLANNEL SHIRT,2499.00,01_RAW_DATA\collections_html\TONES-COL-0030.html
TONES-COL-0030,https://www.tonesfashion.com/collections/drip-sweatshirts/products/blue-checks-flanel,blue-checks-flanel,Blue Checks Flannel,2999.00,01_RAW_DATA\collections_html\TONES-COL-0030.html
TONES-COL-0030,https://www.tonesfashion.com/collections/drip-sweatshirts/products/deep-sage-gauze-cotton-shirt-copy,deep-sage-gauze-cotton-shirt-copy,Blue Oxford Shirt,2499.00,01_RAW_DATA\collections_html\TONES-COL-0030.html
TONES-COL-0030,https://www.tonesfashion.com/collections/drip-sweatshirts/products/rustic-brown-acid-wash-t-shirt,rustic-brown-acid-wash-t-shirt,Brown Acid Wash Ringer T-Shirt,1599.00,01_RAW_DATA\collections_html\TONES-COL-0030.html
TONES-COL-0030,https://www.tonesfashion.com/collections/drip-sweatshirts/products/brown-checks-flanel,brown-checks-flanel,Brown Checks Flannel,2999.00,01_RAW_DATA\collections_html\TONES-COL-0030.html
TONES-COL-0030,https://www.tonesfashion.com/collections/drip-sweatshirts/products/brown-double-pocket-shacket,brown-double-pocket-shacket,BROWN DOUBLE POCKET FLANNEL SHACKET,3499.00,01_RAW_DATA\collections_html\TONES-COL-0030.html
TONES-COL-0030,https://www.tonesfashion.com/collections/drip-sweatshirts/products/burgundy-satin-shirt,burgundy-satin-shirt,Burgundy - Satin Shirt,2499.00,01_RAW_DATA\collections_html\TONES-COL-0030.html
TONES-COL-0031,https://www.tonesfashion.com/collections/dussehra-collection/products/3-t-shirt-combo,3-t-shirt-combo,3 T-shirt Combo,1999.00,01_RAW_DATA\collections_html\TONES-COL-0031.html
TONES-COL-0031,https://www.tonesfashion.com/collections/dussehra-collection/products/acid-wash-muscle-tee,acid-wash-muscle-tee,ACID WASH MUSCLE TEE,1299.00,01_RAW_DATA\collections_html\TONES-COL-0031.html
TONES-COL-0031,https://www.tonesfashion.com/collections/dussehra-collection/products/anti-perfect-tee-cofee-beige,anti-perfect-tee-cofee-beige,ANTI-PERFECT OVERSIZED TEE - COFEE BEIGE,1499.00,01_RAW_DATA\collections_html\TONES-COL-0031.html
TONES-COL-0031,https://www.tonesfashion.com/collections/dussehra-collection/products/double-pocket-black-shirt,double-pocket-black-shirt,Black - Double Pocket Shirt,2000.00,01_RAW_DATA\collections_html\TONES-COL-0031.html
TONES-COL-0031,https://www.tonesfashion.com/collections/dussehra-collection/products/black-flannel-double-pocket-shirt,black-flannel-double-pocket-shirt,BLACK DOUBLE POCKET FLANNEL SHIRT,2499.00,01_RAW_DATA\collections_html\TONES-COL-0031.html
TONES-COL-0031,https://www.tonesfashion.com/collections/dussehra-collection/products/blue-checks-flanel,blue-checks-flanel,Blue Checks Flannel,2999.00,01_RAW_DATA\collections_html\TONES-COL-0031.html
TONES-COL-0031,https://www.tonesfashion.com/collections/dussehra-collection/products/blue-drip-sweatshirt-copy,blue-drip-sweatshirt-copy,Blue Drip Sweatshirt,2299.00,01_RAW_DATA\collections_html\TONES-COL-0031.html
TONES-COL-0031,https://www.tonesfashion.com/collections/dussehra-collection/products/deep-sage-gauze-cotton-shirt-copy,deep-sage-gauze-cotton-shirt-copy,Blue Oxford Shirt,2499.00,01_RAW_DATA\collections_html\TONES-COL-0031.html
TONES-COL-0031,https://www.tonesfashion.com/collections/dussehra-collection/products/rustic-brown-acid-wash-t-shirt,rustic-brown-acid-wash-t-shirt,Brown Acid Wash Ringer T-Shirt,1599.00,01_RAW_DATA\collections_html\TONES-COL-0031.html
TONES-COL-0031,https://www.tonesfashion.com/collections/dussehra-collection/products/brown-checks-flanel,brown-checks-flanel,Brown Checks Flannel,2999.00,01_RAW_DATA\collections_html\TONES-COL-0031.html
TONES-COL-0031,https://www.tonesfashion.com/collections/dussehra-collection/products/brown-double-pocket-shacket,brown-double-pocket-shacket,BROWN DOUBLE POCKET FLANNEL SHACKET,3499.00,01_RAW_DATA\collections_html\TONES-COL-0031.html
TONES-COL-0031,https://www.tonesfashion.com/collections/dussehra-collection/products/burgundy-satin-shirt,burgundy-satin-shirt,Burgundy - Satin Shirt,2499.00,01_RAW_DATA\collections_html\TONES-COL-0031.html
TONES-COL-0032,https://www.tonesfashion.com/collections/dussehra24/products/chaotic-good-pink-1,chaotic-good-pink-1,Chaotic Good - Pink - C5,1999.00,01_RAW_DATA\collections_html\TONES-COL-0032.html
TONES-COL-0032,https://www.tonesfashion.com/collections/dussehra24/products/3-t-shirt-combo,3-t-shirt-combo,3 T-shirt Combo,1999.00,01_RAW_DATA\collections_html\TONES-COL-0032.html
TONES-COL-0032,https://www.tonesfashion.com/collections/dussehra24/products/acid-wash-muscle-tee,acid-wash-muscle-tee,ACID WASH MUSCLE TEE,1299.00,01_RAW_DATA\collections_html\TONES-COL-0032.html
TONES-COL-0032,https://www.tonesfashion.com/collections/dussehra24/products/anti-perfect-tee-cofee-beige,anti-perfect-tee-cofee-beige,ANTI-PERFECT OVERSIZED TEE - COFEE BEIGE,1499.00,01_RAW_DATA\collections_html\TONES-COL-0032.html
TONES-COL-0032,https://www.tonesfashion.com/collections/dussehra24/products/double-pocket-black-shirt,double-pocket-black-shirt,Black - Double Pocket Shirt,2000.00,01_RAW_DATA\collections_html\TONES-COL-0032.html
TONES-COL-0032,https://www.tonesfashion.com/collections/dussehra24/products/black-flannel-double-pocket-shirt,black-flannel-double-pocket-shirt,BLACK DOUBLE POCKET FLANNEL SHIRT,2499.00,01_RAW_DATA\collections_html\TONES-COL-0032.html
TONES-COL-0032,https://www.tonesfashion.com/collections/dussehra24/products/blue-checks-flanel,blue-checks-flanel,Blue Checks Flannel,2999.00,01_RAW_DATA\collections_html\TONES-COL-0032.html
TONES-COL-0032,https://www.tonesfashion.com/collections/dussehra24/products/blue-drip-sweatshirt-copy,blue-drip-sweatshirt-copy,Blue Drip Sweatshirt,2299.00,01_RAW_DATA\collections_html\TONES-COL-0032.html
TONES-COL-0032,https://www.tonesfashion.com/collections/dussehra24/products/deep-sage-gauze-cotton-shirt-copy,deep-sage-gauze-cotton-shirt-copy,Blue Oxford Shirt,2499.00,01_RAW_DATA\collections_html\TONES-COL-0032.html
TONES-COL-0032,https://www.tonesfashion.com/collections/dussehra24/products/rustic-brown-acid-wash-t-shirt,rustic-brown-acid-wash-t-shirt,Brown Acid Wash Ringer T-Shirt,1599.00,01_RAW_DATA\collections_html\TONES-COL-0032.html
TONES-COL-0032,https://www.tonesfashion.com/collections/dussehra24/products/brown-checks-flanel,brown-checks-flanel,Brown Checks Flannel,2999.00,01_RAW_DATA\collections_html\TONES-COL-0032.html
TONES-COL-0032,https://www.tonesfashion.com/collections/dussehra24/products/brown-double-pocket-shacket,brown-double-pocket-shacket,BROWN DOUBLE POCKET FLANNEL SHACKET,3499.00,01_RAW_DATA\collections_html\TONES-COL-0032.html
TONES-COL-0032,https://www.tonesfashion.com/collections/dussehra24/products/burgundy-satin-shirt,burgundy-satin-shirt,Burgundy - Satin Shirt,2499.00,01_RAW_DATA\collections_html\TONES-COL-0032.html
TONES-COL-0033,https://www.tonesfashion.com/collections/dusshera23/products/3-t-shirt-combo,3-t-shirt-combo,3 T-shirt Combo,1999.00,01_RAW_DATA\collections_html\TONES-COL-0033.html
TONES-COL-0033,https://www.tonesfashion.com/collections/dusshera23/products/acid-wash-muscle-tee,acid-wash-muscle-tee,ACID WASH MUSCLE TEE,1299.00,01_RAW_DATA\collections_html\TONES-COL-0033.html
TONES-COL-0033,https://www.tonesfashion.com/collections/dusshera23/products/anti-perfect-tee-cofee-beige,anti-perfect-tee-cofee-beige,ANTI-PERFECT OVERSIZED TEE - COFEE BEIGE,1499.00,01_RAW_DATA\collections_html\TONES-COL-0033.html
TONES-COL-0033,https://www.tonesfashion.com/collections/dusshera23/products/double-pocket-black-shirt,double-pocket-black-shirt,Black - Double Pocket Shirt,2000.00,01_RAW_DATA\collections_html\TONES-COL-0033.html
TONES-COL-0033,https://www.tonesfashion.com/collections/dusshera23/products/black-flannel-double-pocket-shirt,black-flannel-double-pocket-shirt,BLACK DOUBLE POCKET FLANNEL SHIRT,2499.00,01_RAW_DATA\collections_html\TONES-COL-0033.html
TONES-COL-0033,https://www.tonesfashion.com/collections/dusshera23/products/blue-checks-flanel,blue-checks-flanel,Blue Checks Flannel,2999.00,01_RAW_DATA\collections_html\TONES-COL-0033.html
TONES-COL-0033,https://www.tonesfashion.com/collections/dusshera23/products/blue-drip-sweatshirt-copy,blue-drip-sweatshirt-copy,Blue Drip Sweatshirt,2299.00,01_RAW_DATA\collections_html\TONES-COL-0033.html
TONES-COL-0033,https://www.tonesfashion.com/collections/dusshera23/products/deep-sage-gauze-cotton-shirt-copy,deep-sage-gauze-cotton-shirt-copy,Blue Oxford Shirt,2499.00,01_RAW_DATA\collections_html\TONES-COL-0033.html
TONES-COL-0033,https://www.tonesfashion.com/collections/dusshera23/products/rustic-brown-acid-wash-t-shirt,rustic-brown-acid-wash-t-shirt,Brown Acid Wash Ringer T-Shirt,1599.00,01_RAW_DATA\collections_html\TONES-COL-0033.html
TONES-COL-0033,https://www.tonesfashion.com/collections/dusshera23/products/brown-checks-flanel,brown-checks-flanel,Brown Checks Flannel,2999.00,01_RAW_DATA\collections_html\TONES-COL-0033.html
TONES-COL-0033,https://www.tonesfashion.com/collections/dusshera23/products/brown-double-pocket-shacket,brown-double-pocket-shacket,BROWN DOUBLE POCKET FLANNEL SHACKET,3499.00,01_RAW_DATA\collections_html\TONES-COL-0033.html
TONES-COL-0033,https://www.tonesfashion.com/collections/dusshera23/products/burgundy-satin-shirt,burgundy-satin-shirt,Burgundy - Satin Shirt,2499.00,01_RAW_DATA\collections_html\TONES-COL-0033.html
TONES-COL-0034,https://www.tonesfashion.com/collections/fast-moving/products/round-neck-slim-fit-tee-navy-blue-copy,round-neck-slim-fit-tee-navy-blue-copy,Round Neck Slim Fit Tee - White,699.00,01_RAW_DATA\collections_html\TONES-COL-0034.html
TONES-COL-0034,https://www.tonesfashion.com/collections/fast-moving/products/round-neck-slim-fit-tee-white-copy,round-neck-slim-fit-tee-white-copy,Round Neck Slim Fit Tee – Grey,699.00,01_RAW_DATA\collections_html\TONES-COL-0034.html
TONES-COL-0034,https://www.tonesfashion.com/collections/fast-moving/products/3-t-shirt-combo,3-t-shirt-combo,3 T-shirt Combo,1999.00,01_RAW_DATA\collections_html\TONES-COL-0034.html
TONES-COL-0034,https://www.tonesfashion.com/collections/fast-moving/products/acid-wash-muscle-tee,acid-wash-muscle-tee,ACID WASH MUSCLE TEE,1299.00,01_RAW_DATA\collections_html\TONES-COL-0034.html
TONES-COL-0034,https://www.tonesfashion.com/collections/fast-moving/products/anti-perfect-tee-cofee-beige,anti-perfect-tee-cofee-beige,ANTI-PERFECT OVERSIZED TEE - COFEE BEIGE,1499.00,01_RAW_DATA\collections_html\TONES-COL-0034.html
TONES-COL-0034,https://www.tonesfashion.com/collections/fast-moving/products/double-pocket-black-shirt,double-pocket-black-shirt,Black - Double Pocket Shirt,2000.00,01_RAW_DATA\collections_html\TONES-COL-0034.html
TONES-COL-0034,https://www.tonesfashion.com/collections/fast-moving/products/black-flannel-double-pocket-shirt,black-flannel-double-pocket-shirt,BLACK DOUBLE POCKET FLANNEL SHIRT,2499.00,01_RAW_DATA\collections_html\TONES-COL-0034.html
TONES-COL-0034,https://www.tonesfashion.com/collections/fast-moving/products/blue-checks-flanel,blue-checks-flanel,Blue Checks Flannel,2999.00,01_RAW_DATA\collections_html\TONES-COL-0034.html
TONES-COL-0034,https://www.tonesfashion.com/collections/fast-moving/products/blue-drip-sweatshirt-copy,blue-drip-sweatshirt-copy,Blue Drip Sweatshirt,2299.00,01_RAW_DATA\collections_html\TONES-COL-0034.html
TONES-COL-0034,https://www.tonesfashion.com/collections/fast-moving/products/deep-sage-gauze-cotton-shirt-copy,deep-sage-gauze-cotton-shirt-copy,Blue Oxford Shirt,2499.00,01_RAW_DATA\collections_html\TONES-COL-0034.html
TONES-COL-0034,https://www.tonesfashion.com/collections/fast-moving/products/rustic-brown-acid-wash-t-shirt,rustic-brown-acid-wash-t-shirt,Brown Acid Wash Ringer T-Shirt,1599.00,01_RAW_DATA\collections_html\TONES-COL-0034.html
TONES-COL-0034,https://www.tonesfashion.com/collections/fast-moving/products/brown-checks-flanel,brown-checks-flanel,Brown Checks Flannel,2999.00,01_RAW_DATA\collections_html\TONES-COL-0034.html
TONES-COL-0034,https://www.tonesfashion.com/collections/fast-moving/products/brown-double-pocket-shacket,brown-double-pocket-shacket,BROWN DOUBLE POCKET FLANNEL SHACKET,3499.00,01_RAW_DATA\collections_html\TONES-COL-0034.html
TONES-COL-0034,https://www.tonesfashion.com/collections/fast-moving/products/burgundy-satin-shirt,burgundy-satin-shirt,Burgundy - Satin Shirt,2499.00,01_RAW_DATA\collections_html\TONES-COL-0034.html
TONES-COL-0035,https://www.tonesfashion.com/collections/festive-patterns/products/3-t-shirt-combo,3-t-shirt-combo,3 T-shirt Combo,1999.00,01_RAW_DATA\collections_html\TONES-COL-0035.html
TONES-COL-0035,https://www.tonesfashion.com/collections/festive-patterns/products/acid-wash-muscle-tee,acid-wash-muscle-tee,ACID WASH MUSCLE TEE,1299.00,01_RAW_DATA\collections_html\TONES-COL-0035.html
TONES-COL-0035,https://www.tonesfashion.com/collections/festive-patterns/products/anti-perfect-tee-cofee-beige,anti-perfect-tee-cofee-beige,ANTI-PERFECT OVERSIZED TEE - COFEE BEIGE,1499.00,01_RAW_DATA\collections_html\TONES-COL-0035.html
TONES-COL-0035,https://www.tonesfashion.com/collections/festive-patterns/products/double-pocket-black-shirt,double-pocket-black-shirt,Black - Double Pocket Shirt,2000.00,01_RAW_DATA\collections_html\TONES-COL-0035.html
TONES-COL-0035,https://www.tonesfashion.com/collections/festive-patterns/products/black-flannel-double-pocket-shirt,black-flannel-double-pocket-shirt,BLACK DOUBLE POCKET FLANNEL SHIRT,2499.00,01_RAW_DATA\collections_html\TONES-COL-0035.html
TONES-COL-0035,https://www.tonesfashion.com/collections/festive-patterns/products/blue-checks-flanel,blue-checks-flanel,Blue Checks Flannel,2999.00,01_RAW_DATA\collections_html\TONES-COL-0035.html
TONES-COL-0035,https://www.tonesfashion.com/collections/festive-patterns/products/blue-drip-sweatshirt-copy,blue-drip-sweatshirt-copy,Blue Drip Sweatshirt,2299.00,01_RAW_DATA\collections_html\TONES-COL-0035.html
TONES-COL-0035,https://www.tonesfashion.com/collections/festive-patterns/products/deep-sage-gauze-cotton-shirt-copy,deep-sage-gauze-cotton-shirt-copy,Blue Oxford Shirt,2499.00,01_RAW_DATA\collections_html\TONES-COL-0035.html
TONES-COL-0035,https://www.tonesfashion.com/collections/festive-patterns/products/rustic-brown-acid-wash-t-shirt,rustic-brown-acid-wash-t-shirt,Brown Acid Wash Ringer T-Shirt,1599.00,01_RAW_DATA\collections_html\TONES-COL-0035.html
TONES-COL-0035,https://www.tonesfashion.com/collections/festive-patterns/products/brown-checks-flanel,brown-checks-flanel,Brown Checks Flannel,2999.00,01_RAW_DATA\collections_html\TONES-COL-0035.html
TONES-COL-0035,https://www.tonesfashion.com/collections/festive-patterns/products/brown-double-pocket-shacket,brown-double-pocket-shacket,BROWN DOUBLE POCKET FLANNEL SHACKET,3499.00,01_RAW_DATA\collections_html\TONES-COL-0035.html
TONES-COL-0035,https://www.tonesfashion.com/collections/festive-patterns/products/burgundy-satin-shirt,burgundy-satin-shirt,Burgundy - Satin Shirt,2499.00,01_RAW_DATA\collections_html\TONES-COL-0035.html
TONES-COL-0036,https://www.tonesfashion.com/collections/flash-sale/products/chaotic-good-pink-1,chaotic-good-pink-1,Chaotic Good - Pink - C5,1999.00,01_RAW_DATA\collections_html\TONES-COL-0036.html
TONES-COL-0036,https://www.tonesfashion.com/collections/flash-sale/products/tones-original-black,tones-original-black,Tones Original - Black,1499.00,01_RAW_DATA\collections_html\TONES-COL-0036.html
TONES-COL-0036,https://www.tonesfashion.com/collections/flash-sale/products/3-t-shirt-combo,3-t-shirt-combo,3 T-shirt Combo,1999.00,01_RAW_DATA\collections_html\TONES-COL-0036.html
TONES-COL-0036,https://www.tonesfashion.com/collections/flash-sale/products/acid-wash-muscle-tee,acid-wash-muscle-tee,ACID WASH MUSCLE TEE,1299.00,01_RAW_DATA\collections_html\TONES-COL-0036.html
TONES-COL-0036,https://www.tonesfashion.com/collections/flash-sale/products/anti-perfect-tee-cofee-beige,anti-perfect-tee-cofee-beige,ANTI-PERFECT OVERSIZED TEE - COFEE BEIGE,1499.00,01_RAW_DATA\collections_html\TONES-COL-0036.html
TONES-COL-0036,https://www.tonesfashion.com/collections/flash-sale/products/double-pocket-black-shirt,double-pocket-black-shirt,Black - Double Pocket Shirt,2000.00,01_RAW_DATA\collections_html\TONES-COL-0036.html
TONES-COL-0036,https://www.tonesfashion.com/collections/flash-sale/products/black-flannel-double-pocket-shirt,black-flannel-double-pocket-shirt,BLACK DOUBLE POCKET FLANNEL SHIRT,2499.00,01_RAW_DATA\collections_html\TONES-COL-0036.html
TONES-COL-0036,https://www.tonesfashion.com/collections/flash-sale/products/blue-checks-flanel,blue-checks-flanel,Blue Checks Flannel,2999.00,01_RAW_DATA\collections_html\TONES-COL-0036.html
TONES-COL-0036,https://www.tonesfashion.com/collections/flash-sale/products/blue-drip-sweatshirt-copy,blue-drip-sweatshirt-copy,Blue Drip Sweatshirt,2299.00,01_RAW_DATA\collections_html\TONES-COL-0036.html
TONES-COL-0036,https://www.tonesfashion.com/collections/flash-sale/products/deep-sage-gauze-cotton-shirt-copy,deep-sage-gauze-cotton-shirt-copy,Blue Oxford Shirt,2499.00,01_RAW_DATA\collections_html\TONES-COL-0036.html
TONES-COL-0036,https://www.tonesfashion.com/collections/flash-sale/products/rustic-brown-acid-wash-t-shirt,rustic-brown-acid-wash-t-shirt,Brown Acid Wash Ringer T-Shirt,1599.00,01_RAW_DATA\collections_html\TONES-COL-0036.html
TONES-COL-0036,https://www.tonesfashion.com/collections/flash-sale/products/brown-checks-flanel,brown-checks-flanel,Brown Checks Flannel,2999.00,01_RAW_DATA\collections_html\TONES-COL-0036.html
TONES-COL-0036,https://www.tonesfashion.com/collections/flash-sale/products/brown-double-pocket-shacket,brown-double-pocket-shacket,BROWN DOUBLE POCKET FLANNEL SHACKET,3499.00,01_RAW_DATA\collections_html\TONES-COL-0036.html
TONES-COL-0036,https://www.tonesfashion.com/collections/flash-sale/products/burgundy-satin-shirt,burgundy-satin-shirt,Burgundy - Satin Shirt,2499.00,01_RAW_DATA\collections_html\TONES-COL-0036.html
TONES-COL-0037,https://www.tonesfashion.com/collections/frontpage/products/3-t-shirt-combo,3-t-shirt-combo,3 T-shirt Combo,1999.00,01_RAW_DATA\collections_html\TONES-COL-0037.html
TONES-COL-0037,https://www.tonesfashion.com/collections/frontpage/products/acid-wash-muscle-tee,acid-wash-muscle-tee,ACID WASH MUSCLE TEE,1299.00,01_RAW_DATA\collections_html\TONES-COL-0037.html
TONES-COL-0037,https://www.tonesfashion.com/collections/frontpage/products/anti-perfect-tee-cofee-beige,anti-perfect-tee-cofee-beige,ANTI-PERFECT OVERSIZED TEE - COFEE BEIGE,1499.00,01_RAW_DATA\collections_html\TONES-COL-0037.html
TONES-COL-0037,https://www.tonesfashion.com/collections/frontpage/products/double-pocket-black-shirt,double-pocket-black-shirt,Black - Double Pocket Shirt,2000.00,01_RAW_DATA\collections_html\TONES-COL-0037.html
TONES-COL-0037,https://www.tonesfashion.com/collections/frontpage/products/black-flannel-double-pocket-shirt,black-flannel-double-pocket-shirt,BLACK DOUBLE POCKET FLANNEL SHIRT,2499.00,01_RAW_DATA\collections_html\TONES-COL-0037.html
TONES-COL-0037,https://www.tonesfashion.com/collections/frontpage/products/blue-checks-flanel,blue-checks-flanel,Blue Checks Flannel,2999.00,01_RAW_DATA\collections_html\TONES-COL-0037.html
TONES-COL-0037,https://www.tonesfashion.com/collections/frontpage/products/blue-drip-sweatshirt-copy,blue-drip-sweatshirt-copy,Blue Drip Sweatshirt,2299.00,01_RAW_DATA\collections_html\TONES-COL-0037.html
TONES-COL-0037,https://www.tonesfashion.com/collections/frontpage/products/deep-sage-gauze-cotton-shirt-copy,deep-sage-gauze-cotton-shirt-copy,Blue Oxford Shirt,2499.00,01_RAW_DATA\collections_html\TONES-COL-0037.html
TONES-COL-0037,https://www.tonesfashion.com/collections/frontpage/products/rustic-brown-acid-wash-t-shirt,rustic-brown-acid-wash-t-shirt,Brown Acid Wash Ringer T-Shirt,1599.00,01_RAW_DATA\collections_html\TONES-COL-0037.html
TONES-COL-0037,https://www.tonesfashion.com/collections/frontpage/products/brown-checks-flanel,brown-checks-flanel,Brown Checks Flannel,2999.00,01_RAW_DATA\collections_html\TONES-COL-0037.html
TONES-COL-0037,https://www.tonesfashion.com/collections/frontpage/products/brown-double-pocket-shacket,brown-double-pocket-shacket,BROWN DOUBLE POCKET FLANNEL SHACKET,3499.00,01_RAW_DATA\collections_html\TONES-COL-0037.html
TONES-COL-0037,https://www.tonesfashion.com/collections/frontpage/products/burgundy-satin-shirt,burgundy-satin-shirt,Burgundy - Satin Shirt,2499.00,01_RAW_DATA\collections_html\TONES-COL-0037.html
TONES-COL-0038,https://www.tonesfashion.com/collections/henley/products/3-t-shirt-combo,3-t-shirt-combo,3 T-shirt Combo,1999.00,01_RAW_DATA\collections_html\TONES-COL-0038.html
TONES-COL-0038,https://www.tonesfashion.com/collections/henley/products/acid-wash-muscle-tee,acid-wash-muscle-tee,ACID WASH MUSCLE TEE,1299.00,01_RAW_DATA\collections_html\TONES-COL-0038.html
TONES-COL-0038,https://www.tonesfashion.com/collections/henley/products/anti-perfect-tee-cofee-beige,anti-perfect-tee-cofee-beige,ANTI-PERFECT OVERSIZED TEE - COFEE BEIGE,1499.00,01_RAW_DATA\collections_html\TONES-COL-0038.html
TONES-COL-0038,https://www.tonesfashion.com/collections/henley/products/double-pocket-black-shirt,double-pocket-black-shirt,Black - Double Pocket Shirt,2000.00,01_RAW_DATA\collections_html\TONES-COL-0038.html
TONES-COL-0038,https://www.tonesfashion.com/collections/henley/products/black-flannel-double-pocket-shirt,black-flannel-double-pocket-shirt,BLACK DOUBLE POCKET FLANNEL SHIRT,2499.00,01_RAW_DATA\collections_html\TONES-COL-0038.html
TONES-COL-0038,https://www.tonesfashion.com/collections/henley/products/blue-checks-flanel,blue-checks-flanel,Blue Checks Flannel,2999.00,01_RAW_DATA\collections_html\TONES-COL-0038.html
TONES-COL-0038,https://www.tonesfashion.com/collections/henley/products/blue-drip-sweatshirt-copy,blue-drip-sweatshirt-copy,Blue Drip Sweatshirt,2299.00,01_RAW_DATA\collections_html\TONES-COL-0038.html
TONES-COL-0038,https://www.tonesfashion.com/collections/henley/products/deep-sage-gauze-cotton-shirt-copy,deep-sage-gauze-cotton-shirt-copy,Blue Oxford Shirt,2499.00,01_RAW_DATA\collections_html\TONES-COL-0038.html
TONES-COL-0038,https://www.tonesfashion.com/collections/henley/products/rustic-brown-acid-wash-t-shirt,rustic-brown-acid-wash-t-shirt,Brown Acid Wash Ringer T-Shirt,1599.00,01_RAW_DATA\collections_html\TONES-COL-0038.html
TONES-COL-0038,https://www.tonesfashion.com/collections/henley/products/brown-checks-flanel,brown-checks-flanel,Brown Checks Flannel,2999.00,01_RAW_DATA\collections_html\TONES-COL-0038.html
TONES-COL-0038,https://www.tonesfashion.com/collections/henley/products/brown-double-pocket-shacket,brown-double-pocket-shacket,BROWN DOUBLE POCKET FLANNEL SHACKET,3499.00,01_RAW_DATA\collections_html\TONES-COL-0038.html
TONES-COL-0038,https://www.tonesfashion.com/collections/henley/products/burgundy-satin-shirt,burgundy-satin-shirt,Burgundy - Satin Shirt,2499.00,01_RAW_DATA\collections_html\TONES-COL-0038.html
TONES-COL-0039,https://www.tonesfashion.com/collections/hoodies/products/3-t-shirt-combo,3-t-shirt-combo,3 T-shirt Combo,1999.00,01_RAW_DATA\collections_html\TONES-COL-0039.html
TONES-COL-0039,https://www.tonesfashion.com/collections/hoodies/products/acid-wash-muscle-tee,acid-wash-muscle-tee,ACID WASH MUSCLE TEE,1299.00,01_RAW_DATA\collections_html\TONES-COL-0039.html
TONES-COL-0039,https://www.tonesfashion.com/collections/hoodies/products/anti-perfect-tee-cofee-beige,anti-perfect-tee-cofee-beige,ANTI-PERFECT OVERSIZED TEE - COFEE BEIGE,1499.00,01_RAW_DATA\collections_html\TONES-COL-0039.html
TONES-COL-0039,https://www.tonesfashion.com/collections/hoodies/products/double-pocket-black-shirt,double-pocket-black-shirt,Black - Double Pocket Shirt,2000.00,01_RAW_DATA\collections_html\TONES-COL-0039.html
TONES-COL-0039,https://www.tonesfashion.com/collections/hoodies/products/black-flannel-double-pocket-shirt,black-flannel-double-pocket-shirt,BLACK DOUBLE POCKET FLANNEL SHIRT,2499.00,01_RAW_DATA\collections_html\TONES-COL-0039.html
TONES-COL-0039,https://www.tonesfashion.com/collections/hoodies/products/blue-checks-flanel,blue-checks-flanel,Blue Checks Flannel,2999.00,01_RAW_DATA\collections_html\TONES-COL-0039.html
TONES-COL-0039,https://www.tonesfashion.com/collections/hoodies/products/blue-drip-sweatshirt-copy,blue-drip-sweatshirt-copy,Blue Drip Sweatshirt,2299.00,01_RAW_DATA\collections_html\TONES-COL-0039.html
TONES-COL-0039,https://www.tonesfashion.com/collections/hoodies/products/deep-sage-gauze-cotton-shirt-copy,deep-sage-gauze-cotton-shirt-copy,Blue Oxford Shirt,2499.00,01_RAW_DATA\collections_html\TONES-COL-0039.html
TONES-COL-0039,https://www.tonesfashion.com/collections/hoodies/products/rustic-brown-acid-wash-t-shirt,rustic-brown-acid-wash-t-shirt,Brown Acid Wash Ringer T-Shirt,1599.00,01_RAW_DATA\collections_html\TONES-COL-0039.html
TONES-COL-0039,https://www.tonesfashion.com/collections/hoodies/products/brown-checks-flanel,brown-checks-flanel,Brown Checks Flannel,2999.00,01_RAW_DATA\collections_html\TONES-COL-0039.html
TONES-COL-0039,https://www.tonesfashion.com/collections/hoodies/products/brown-double-pocket-shacket,brown-double-pocket-shacket,BROWN DOUBLE POCKET FLANNEL SHACKET,3499.00,01_RAW_DATA\collections_html\TONES-COL-0039.html
TONES-COL-0039,https://www.tonesfashion.com/collections/hoodies/products/burgundy-satin-shirt,burgundy-satin-shirt,Burgundy - Satin Shirt,2499.00,01_RAW_DATA\collections_html\TONES-COL-0039.html
TONES-COL-0040,https://www.tonesfashion.com/collections/in-stock/products/3-t-shirt-combo,3-t-shirt-combo,3 T-shirt Combo,1999.00,01_RAW_DATA\collections_html\TONES-COL-0040.html
TONES-COL-0040,https://www.tonesfashion.com/collections/in-stock/products/acid-wash-muscle-tee,acid-wash-muscle-tee,ACID WASH MUSCLE TEE,1299.00,01_RAW_DATA\collections_html\TONES-COL-0040.html
TONES-COL-0040,https://www.tonesfashion.com/collections/in-stock/products/anti-perfect-tee-cofee-beige,anti-perfect-tee-cofee-beige,ANTI-PERFECT OVERSIZED TEE - COFEE BEIGE,1499.00,01_RAW_DATA\collections_html\TONES-COL-0040.html
TONES-COL-0040,https://www.tonesfashion.com/collections/in-stock/products/double-pocket-black-shirt,double-pocket-black-shirt,Black - Double Pocket Shirt,2000.00,01_RAW_DATA\collections_html\TONES-COL-0040.html
TONES-COL-0040,https://www.tonesfashion.com/collections/in-stock/products/black-flannel-double-pocket-shirt,black-flannel-double-pocket-shirt,BLACK DOUBLE POCKET FLANNEL SHIRT,2499.00,01_RAW_DATA\collections_html\TONES-COL-0040.html
TONES-COL-0040,https://www.tonesfashion.com/collections/in-stock/products/blue-checks-flanel,blue-checks-flanel,Blue Checks Flannel,2999.00,01_RAW_DATA\collections_html\TONES-COL-0040.html
TONES-COL-0040,https://www.tonesfashion.com/collections/in-stock/products/blue-drip-sweatshirt-copy,blue-drip-sweatshirt-copy,Blue Drip Sweatshirt,2299.00,01_RAW_DATA\collections_html\TONES-COL-0040.html
TONES-COL-0040,https://www.tonesfashion.com/collections/in-stock/products/deep-sage-gauze-cotton-shirt-copy,deep-sage-gauze-cotton-shirt-copy,Blue Oxford Shirt,2499.00,01_RAW_DATA\collections_html\TONES-COL-0040.html
TONES-COL-0040,https://www.tonesfashion.com/collections/in-stock/products/rustic-brown-acid-wash-t-shirt,rustic-brown-acid-wash-t-shirt,Brown Acid Wash Ringer T-Shirt,1599.00,01_RAW_DATA\collections_html\TONES-COL-0040.html
TONES-COL-0040,https://www.tonesfashion.com/collections/in-stock/products/brown-checks-flanel,brown-checks-flanel,Brown Checks Flannel,2999.00,01_RAW_DATA\collections_html\TONES-COL-0040.html
TONES-COL-0040,https://www.tonesfashion.com/collections/in-stock/products/brown-double-pocket-shacket,brown-double-pocket-shacket,BROWN DOUBLE POCKET FLANNEL SHACKET,3499.00,01_RAW_DATA\collections_html\TONES-COL-0040.html
TONES-COL-0040,https://www.tonesfashion.com/collections/in-stock/products/burgundy-satin-shirt,burgundy-satin-shirt,Burgundy - Satin Shirt,2499.00,01_RAW_DATA\collections_html\TONES-COL-0040.html
TONES-COL-0041,https://www.tonesfashion.com/collections/jeans/products/3-t-shirt-combo,3-t-shirt-combo,3 T-shirt Combo,1999.00,01_RAW_DATA\collections_html\TONES-COL-0041.html
TONES-COL-0041,https://www.tonesfashion.com/collections/jeans/products/acid-wash-muscle-tee,acid-wash-muscle-tee,ACID WASH MUSCLE TEE,1299.00,01_RAW_DATA\collections_html\TONES-COL-0041.html
TONES-COL-0041,https://www.tonesfashion.com/collections/jeans/products/anti-perfect-tee-cofee-beige,anti-perfect-tee-cofee-beige,ANTI-PERFECT OVERSIZED TEE - COFEE BEIGE,1499.00,01_RAW_DATA\collections_html\TONES-COL-0041.html
TONES-COL-0041,https://www.tonesfashion.com/collections/jeans/products/double-pocket-black-shirt,double-pocket-black-shirt,Black - Double Pocket Shirt,2000.00,01_RAW_DATA\collections_html\TONES-COL-0041.html
TONES-COL-0041,https://www.tonesfashion.com/collections/jeans/products/black-flannel-double-pocket-shirt,black-flannel-double-pocket-shirt,BLACK DOUBLE POCKET FLANNEL SHIRT,2499.00,01_RAW_DATA\collections_html\TONES-COL-0041.html
TONES-COL-0041,https://www.tonesfashion.com/collections/jeans/products/blue-checks-flanel,blue-checks-flanel,Blue Checks Flannel,2999.00,01_RAW_DATA\collections_html\TONES-COL-0041.html
TONES-COL-0041,https://www.tonesfashion.com/collections/jeans/products/blue-drip-sweatshirt-copy,blue-drip-sweatshirt-copy,Blue Drip Sweatshirt,2299.00,01_RAW_DATA\collections_html\TONES-COL-0041.html
TONES-COL-0041,https://www.tonesfashion.com/collections/jeans/products/deep-sage-gauze-cotton-shirt-copy,deep-sage-gauze-cotton-shirt-copy,Blue Oxford Shirt,2499.00,01_RAW_DATA\collections_html\TONES-COL-0041.html
TONES-COL-0041,https://www.tonesfashion.com/collections/jeans/products/rustic-brown-acid-wash-t-shirt,rustic-brown-acid-wash-t-shirt,Brown Acid Wash Ringer T-Shirt,1599.00,01_RAW_DATA\collections_html\TONES-COL-0041.html
TONES-COL-0041,https://www.tonesfashion.com/collections/jeans/products/brown-checks-flanel,brown-checks-flanel,Brown Checks Flannel,2999.00,01_RAW_DATA\collections_html\TONES-COL-0041.html
TONES-COL-0041,https://www.tonesfashion.com/collections/jeans/products/brown-double-pocket-shacket,brown-double-pocket-shacket,BROWN DOUBLE POCKET FLANNEL SHACKET,3499.00,01_RAW_DATA\collections_html\TONES-COL-0041.html
TONES-COL-0041,https://www.tonesfashion.com/collections/jeans/products/burgundy-satin-shirt,burgundy-satin-shirt,Burgundy - Satin Shirt,2499.00,01_RAW_DATA\collections_html\TONES-COL-0041.html
TONES-COL-0042,https://www.tonesfashion.com/collections/key-chain/products/3-t-shirt-combo,3-t-shirt-combo,3 T-shirt Combo,1999.00,01_RAW_DATA\collections_html\TONES-COL-0042.html
TONES-COL-0042,https://www.tonesfashion.com/collections/key-chain/products/acid-wash-muscle-tee,acid-wash-muscle-tee,ACID WASH MUSCLE TEE,1299.00,01_RAW_DATA\collections_html\TONES-COL-0042.html
TONES-COL-0042,https://www.tonesfashion.com/collections/key-chain/products/anti-perfect-tee-cofee-beige,anti-perfect-tee-cofee-beige,ANTI-PERFECT OVERSIZED TEE - COFEE BEIGE,1499.00,01_RAW_DATA\collections_html\TONES-COL-0042.html
TONES-COL-0042,https://www.tonesfashion.com/collections/key-chain/products/double-pocket-black-shirt,double-pocket-black-shirt,Black - Double Pocket Shirt,2000.00,01_RAW_DATA\collections_html\TONES-COL-0042.html
TONES-COL-0042,https://www.tonesfashion.com/collections/key-chain/products/black-flannel-double-pocket-shirt,black-flannel-double-pocket-shirt,BLACK DOUBLE POCKET FLANNEL SHIRT,2499.00,01_RAW_DATA\collections_html\TONES-COL-0042.html
TONES-COL-0042,https://www.tonesfashion.com/collections/key-chain/products/blue-checks-flanel,blue-checks-flanel,Blue Checks Flannel,2999.00,01_RAW_DATA\collections_html\TONES-COL-0042.html
TONES-COL-0042,https://www.tonesfashion.com/collections/key-chain/products/blue-drip-sweatshirt-copy,blue-drip-sweatshirt-copy,Blue Drip Sweatshirt,2299.00,01_RAW_DATA\collections_html\TONES-COL-0042.html
TONES-COL-0042,https://www.tonesfashion.com/collections/key-chain/products/deep-sage-gauze-cotton-shirt-copy,deep-sage-gauze-cotton-shirt-copy,Blue Oxford Shirt,2499.00,01_RAW_DATA\collections_html\TONES-COL-0042.html
TONES-COL-0042,https://www.tonesfashion.com/collections/key-chain/products/rustic-brown-acid-wash-t-shirt,rustic-brown-acid-wash-t-shirt,Brown Acid Wash Ringer T-Shirt,1599.00,01_RAW_DATA\collections_html\TONES-COL-0042.html
TONES-COL-0042,https://www.tonesfashion.com/collections/key-chain/products/brown-checks-flanel,brown-checks-flanel,Brown Checks Flannel,2999.00,01_RAW_DATA\collections_html\TONES-COL-0042.html
TONES-COL-0042,https://www.tonesfashion.com/collections/key-chain/products/brown-double-pocket-shacket,brown-double-pocket-shacket,BROWN DOUBLE POCKET FLANNEL SHACKET,3499.00,01_RAW_DATA\collections_html\TONES-COL-0042.html
TONES-COL-0042,https://www.tonesfashion.com/collections/key-chain/products/burgundy-satin-shirt,burgundy-satin-shirt,Burgundy - Satin Shirt,2499.00,01_RAW_DATA\collections_html\TONES-COL-0042.html
TONES-COL-0043,https://www.tonesfashion.com/collections/kurtas/products/petal-trays-charcoal-green-short-kurta,petal-trays-charcoal-green-short-kurta,Petal Trace Charcoal Green Short Kurta,2499.00,01_RAW_DATA\collections_html\TONES-COL-0043.html
TONES-COL-0043,https://www.tonesfashion.com/collections/kurtas/products/scenic-still-ness-sage-green-1,scenic-still-ness-sage-green-1,Scenic Stillness Sage Green Short Kurta,2499.00,01_RAW_DATA\collections_html\TONES-COL-0043.html
TONES-COL-0043,https://www.tonesfashion.com/collections/kurtas/products/petal-trays-teal-blue-short-kurta,petal-trays-teal-blue-short-kurta,Petal Trace Teal Blue Short Kurta,2499.00,01_RAW_DATA\collections_html\TONES-COL-0043.html
TONES-COL-0043,https://www.tonesfashion.com/collections/kurtas/products/scenic-still-ness-butter-yellow-short-kurta,scenic-still-ness-butter-yellow-short-kurta,Scenic Stillness Butter Yellow Short Kurta,2499.00,01_RAW_DATA\collections_html\TONES-COL-0043.html
TONES-COL-0043,https://www.tonesfashion.com/collections/kurtas/products/tusker-tails-soft-cream-short-kurta,tusker-tails-soft-cream-short-kurta,Tusker Trails Soft Cream Short Kurta,2499.00,01_RAW_DATA\collections_html\TONES-COL-0043.html
TONES-COL-0043,https://www.tonesfashion.com/collections/kurtas/products/cream-short-kurta-copy,cream-short-kurta-copy,Tusker Trails Powder Blue Short Kurta,1500.00,01_RAW_DATA\collections_html\TONES-COL-0043.html
TONES-COL-0043,https://www.tonesfashion.com/collections/kurtas/products/3-t-shirt-combo,3-t-shirt-combo,3 T-shirt Combo,1999.00,01_RAW_DATA\collections_html\TONES-COL-0043.html
TONES-COL-0043,https://www.tonesfashion.com/collections/kurtas/products/acid-wash-muscle-tee,acid-wash-muscle-tee,ACID WASH MUSCLE TEE,1299.00,01_RAW_DATA\collections_html\TONES-COL-0043.html
TONES-COL-0043,https://www.tonesfashion.com/collections/kurtas/products/anti-perfect-tee-cofee-beige,anti-perfect-tee-cofee-beige,ANTI-PERFECT OVERSIZED TEE - COFEE BEIGE,1499.00,01_RAW_DATA\collections_html\TONES-COL-0043.html
TONES-COL-0043,https://www.tonesfashion.com/collections/kurtas/products/double-pocket-black-shirt,double-pocket-black-shirt,Black - Double Pocket Shirt,2000.00,01_RAW_DATA\collections_html\TONES-COL-0043.html
TONES-COL-0043,https://www.tonesfashion.com/collections/kurtas/products/black-flannel-double-pocket-shirt,black-flannel-double-pocket-shirt,BLACK DOUBLE POCKET FLANNEL SHIRT,2499.00,01_RAW_DATA\collections_html\TONES-COL-0043.html
TONES-COL-0043,https://www.tonesfashion.com/collections/kurtas/products/blue-checks-flanel,blue-checks-flanel,Blue Checks Flannel,2999.00,01_RAW_DATA\collections_html\TONES-COL-0043.html
TONES-COL-0043,https://www.tonesfashion.com/collections/kurtas/products/blue-drip-sweatshirt-copy,blue-drip-sweatshirt-copy,Blue Drip Sweatshirt,2299.00,01_RAW_DATA\collections_html\TONES-COL-0043.html
TONES-COL-0043,https://www.tonesfashion.com/collections/kurtas/products/deep-sage-gauze-cotton-shirt-copy,deep-sage-gauze-cotton-shirt-copy,Blue Oxford Shirt,2499.00,01_RAW_DATA\collections_html\TONES-COL-0043.html
TONES-COL-0043,https://www.tonesfashion.com/collections/kurtas/products/rustic-brown-acid-wash-t-shirt,rustic-brown-acid-wash-t-shirt,Brown Acid Wash Ringer T-Shirt,1599.00,01_RAW_DATA\collections_html\TONES-COL-0043.html
TONES-COL-0043,https://www.tonesfashion.com/collections/kurtas/products/brown-checks-flanel,brown-checks-flanel,Brown Checks Flannel,2999.00,01_RAW_DATA\collections_html\TONES-COL-0043.html
TONES-COL-0043,https://www.tonesfashion.com/collections/kurtas/products/brown-double-pocket-shacket,brown-double-pocket-shacket,BROWN DOUBLE POCKET FLANNEL SHACKET,3499.00,01_RAW_DATA\collections_html\TONES-COL-0043.html
TONES-COL-0043,https://www.tonesfashion.com/collections/kurtas/products/burgundy-satin-shirt,burgundy-satin-shirt,Burgundy - Satin Shirt,2499.00,01_RAW_DATA\collections_html\TONES-COL-0043.html
TONES-COL-0044,https://www.tonesfashion.com/collections/laidback-classics/products/deep-sage-gauze-cotton-shirt,deep-sage-gauze-cotton-shirt,Deep Sage - Gauze Cotton Shirt,1799.00,01_RAW_DATA\collections_html\TONES-COL-0044.html
TONES-COL-0044,https://www.tonesfashion.com/collections/laidback-classics/products/mustard-gauze-cotton-shirt,mustard-gauze-cotton-shirt,Mustard - Gauze Cotton Shirt,1799.00,01_RAW_DATA\collections_html\TONES-COL-0044.html
TONES-COL-0044,https://www.tonesfashion.com/collections/laidback-classics/products/jet-black-satin-shirt-copy,jet-black-satin-shirt-copy,Soft Lavender - Gauze Cotton Shirt,1799.00,01_RAW_DATA\collections_html\TONES-COL-0044.html
TONES-COL-0044,https://www.tonesfashion.com/collections/laidback-classics/products/muted-peach-gauze-cotton-shirt,muted-peach-gauze-cotton-shirt,Muted Peach - Gauze Cotton Shirt,1799.00,01_RAW_DATA\collections_html\TONES-COL-0044.html
TONES-COL-0044,https://www.tonesfashion.com/collections/laidback-classics/products/3-t-shirt-combo,3-t-shirt-combo,3 T-shirt Combo,1999.00,01_RAW_DATA\collections_html\TONES-COL-0044.html
TONES-COL-0044,https://www.tonesfashion.com/collections/laidback-classics/products/acid-wash-muscle-tee,acid-wash-muscle-tee,ACID WASH MUSCLE TEE,1299.00,01_RAW_DATA\collections_html\TONES-COL-0044.html
TONES-COL-0044,https://www.tonesfashion.com/collections/laidback-classics/products/anti-perfect-tee-cofee-beige,anti-perfect-tee-cofee-beige,ANTI-PERFECT OVERSIZED TEE - COFEE BEIGE,1499.00,01_RAW_DATA\collections_html\TONES-COL-0044.html
TONES-COL-0044,https://www.tonesfashion.com/collections/laidback-classics/products/double-pocket-black-shirt,double-pocket-black-shirt,Black - Double Pocket Shirt,2000.00,01_RAW_DATA\collections_html\TONES-COL-0044.html
TONES-COL-0044,https://www.tonesfashion.com/collections/laidback-classics/products/black-flannel-double-pocket-shirt,black-flannel-double-pocket-shirt,BLACK DOUBLE POCKET FLANNEL SHIRT,2499.00,01_RAW_DATA\collections_html\TONES-COL-0044.html
TONES-COL-0044,https://www.tonesfashion.com/collections/laidback-classics/products/blue-checks-flanel,blue-checks-flanel,Blue Checks Flannel,2999.00,01_RAW_DATA\collections_html\TONES-COL-0044.html
TONES-COL-0044,https://www.tonesfashion.com/collections/laidback-classics/products/blue-drip-sweatshirt-copy,blue-drip-sweatshirt-copy,Blue Drip Sweatshirt,2299.00,01_RAW_DATA\collections_html\TONES-COL-0044.html
TONES-COL-0044,https://www.tonesfashion.com/collections/laidback-classics/products/deep-sage-gauze-cotton-shirt-copy,deep-sage-gauze-cotton-shirt-copy,Blue Oxford Shirt,2499.00,01_RAW_DATA\collections_html\TONES-COL-0044.html
TONES-COL-0044,https://www.tonesfashion.com/collections/laidback-classics/products/rustic-brown-acid-wash-t-shirt,rustic-brown-acid-wash-t-shirt,Brown Acid Wash Ringer T-Shirt,1599.00,01_RAW_DATA\collections_html\TONES-COL-0044.html
TONES-COL-0044,https://www.tonesfashion.com/collections/laidback-classics/products/brown-checks-flanel,brown-checks-flanel,Brown Checks Flannel,2999.00,01_RAW_DATA\collections_html\TONES-COL-0044.html
TONES-COL-0044,https://www.tonesfashion.com/collections/laidback-classics/products/brown-double-pocket-shacket,brown-double-pocket-shacket,BROWN DOUBLE POCKET FLANNEL SHACKET,3499.00,01_RAW_DATA\collections_html\TONES-COL-0044.html
TONES-COL-0044,https://www.tonesfashion.com/collections/laidback-classics/products/burgundy-satin-shirt,burgundy-satin-shirt,Burgundy - Satin Shirt,2499.00,01_RAW_DATA\collections_html\TONES-COL-0044.html
TONES-COL-0045,https://www.tonesfashion.com/collections/limited-addition/products/3-t-shirt-combo,3-t-shirt-combo,3 T-shirt Combo,1999.00,01_RAW_DATA\collections_html\TONES-COL-0045.html
TONES-COL-0045,https://www.tonesfashion.com/collections/limited-addition/products/acid-wash-muscle-tee,acid-wash-muscle-tee,ACID WASH MUSCLE TEE,1299.00,01_RAW_DATA\collections_html\TONES-COL-0045.html
TONES-COL-0045,https://www.tonesfashion.com/collections/limited-addition/products/anti-perfect-tee-cofee-beige,anti-perfect-tee-cofee-beige,ANTI-PERFECT OVERSIZED TEE - COFEE BEIGE,1499.00,01_RAW_DATA\collections_html\TONES-COL-0045.html
TONES-COL-0045,https://www.tonesfashion.com/collections/limited-addition/products/double-pocket-black-shirt,double-pocket-black-shirt,Black - Double Pocket Shirt,2000.00,01_RAW_DATA\collections_html\TONES-COL-0045.html
TONES-COL-0045,https://www.tonesfashion.com/collections/limited-addition/products/black-flannel-double-pocket-shirt,black-flannel-double-pocket-shirt,BLACK DOUBLE POCKET FLANNEL SHIRT,2499.00,01_RAW_DATA\collections_html\TONES-COL-0045.html
TONES-COL-0045,https://www.tonesfashion.com/collections/limited-addition/products/blue-checks-flanel,blue-checks-flanel,Blue Checks Flannel,2999.00,01_RAW_DATA\collections_html\TONES-COL-0045.html
TONES-COL-0045,https://www.tonesfashion.com/collections/limited-addition/products/blue-drip-sweatshirt-copy,blue-drip-sweatshirt-copy,Blue Drip Sweatshirt,2299.00,01_RAW_DATA\collections_html\TONES-COL-0045.html
TONES-COL-0045,https://www.tonesfashion.com/collections/limited-addition/products/deep-sage-gauze-cotton-shirt-copy,deep-sage-gauze-cotton-shirt-copy,Blue Oxford Shirt,2499.00,01_RAW_DATA\collections_html\TONES-COL-0045.html
TONES-COL-0045,https://www.tonesfashion.com/collections/limited-addition/products/rustic-brown-acid-wash-t-shirt,rustic-brown-acid-wash-t-shirt,Brown Acid Wash Ringer T-Shirt,1599.00,01_RAW_DATA\collections_html\TONES-COL-0045.html
TONES-COL-0045,https://www.tonesfashion.com/collections/limited-addition/products/brown-checks-flanel,brown-checks-flanel,Brown Checks Flannel,2999.00,01_RAW_DATA\collections_html\TONES-COL-0045.html
TONES-COL-0045,https://www.tonesfashion.com/collections/limited-addition/products/brown-double-pocket-shacket,brown-double-pocket-shacket,BROWN DOUBLE POCKET FLANNEL SHACKET,3499.00,01_RAW_DATA\collections_html\TONES-COL-0045.html
TONES-COL-0045,https://www.tonesfashion.com/collections/limited-addition/products/burgundy-satin-shirt,burgundy-satin-shirt,Burgundy - Satin Shirt,2499.00,01_RAW_DATA\collections_html\TONES-COL-0045.html
TONES-COL-0046,https://www.tonesfashion.com/collections/limited-edition-shirtee/products/3-t-shirt-combo,3-t-shirt-combo,3 T-shirt Combo,1999.00,01_RAW_DATA\collections_html\TONES-COL-0046.html
TONES-COL-0046,https://www.tonesfashion.com/collections/limited-edition-shirtee/products/acid-wash-muscle-tee,acid-wash-muscle-tee,ACID WASH MUSCLE TEE,1299.00,01_RAW_DATA\collections_html\TONES-COL-0046.html
TONES-COL-0046,https://www.tonesfashion.com/collections/limited-edition-shirtee/products/anti-perfect-tee-cofee-beige,anti-perfect-tee-cofee-beige,ANTI-PERFECT OVERSIZED TEE - COFEE BEIGE,1499.00,01_RAW_DATA\collections_html\TONES-COL-0046.html
TONES-COL-0046,https://www.tonesfashion.com/collections/limited-edition-shirtee/products/double-pocket-black-shirt,double-pocket-black-shirt,Black - Double Pocket Shirt,2000.00,01_RAW_DATA\collections_html\TONES-COL-0046.html
TONES-COL-0046,https://www.tonesfashion.com/collections/limited-edition-shirtee/products/black-flannel-double-pocket-shirt,black-flannel-double-pocket-shirt,BLACK DOUBLE POCKET FLANNEL SHIRT,2499.00,01_RAW_DATA\collections_html\TONES-COL-0046.html
TONES-COL-0046,https://www.tonesfashion.com/collections/limited-edition-shirtee/products/blue-checks-flanel,blue-checks-flanel,Blue Checks Flannel,2999.00,01_RAW_DATA\collections_html\TONES-COL-0046.html
TONES-COL-0046,https://www.tonesfashion.com/collections/limited-edition-shirtee/products/blue-drip-sweatshirt-copy,blue-drip-sweatshirt-copy,Blue Drip Sweatshirt,2299.00,01_RAW_DATA\collections_html\TONES-COL-0046.html
TONES-COL-0046,https://www.tonesfashion.com/collections/limited-edition-shirtee/products/deep-sage-gauze-cotton-shirt-copy,deep-sage-gauze-cotton-shirt-copy,Blue Oxford Shirt,2499.00,01_RAW_DATA\collections_html\TONES-COL-0046.html
TONES-COL-0046,https://www.tonesfashion.com/collections/limited-edition-shirtee/products/rustic-brown-acid-wash-t-shirt,rustic-brown-acid-wash-t-shirt,Brown Acid Wash Ringer T-Shirt,1599.00,01_RAW_DATA\collections_html\TONES-COL-0046.html
TONES-COL-0046,https://www.tonesfashion.com/collections/limited-edition-shirtee/products/brown-checks-flanel,brown-checks-flanel,Brown Checks Flannel,2999.00,01_RAW_DATA\collections_html\TONES-COL-0046.html
TONES-COL-0046,https://www.tonesfashion.com/collections/limited-edition-shirtee/products/brown-double-pocket-shacket,brown-double-pocket-shacket,BROWN DOUBLE POCKET FLANNEL SHACKET,3499.00,01_RAW_DATA\collections_html\TONES-COL-0046.html
TONES-COL-0046,https://www.tonesfashion.com/collections/limited-edition-shirtee/products/burgundy-satin-shirt,burgundy-satin-shirt,Burgundy - Satin Shirt,2499.00,01_RAW_DATA\collections_html\TONES-COL-0046.html
TONES-COL-0047,https://www.tonesfashion.com/collections/linen-edit-short-kurtas/products/3-t-shirt-combo,3-t-shirt-combo,3 T-shirt Combo,1999.00,01_RAW_DATA\collections_html\TONES-COL-0047.html
TONES-COL-0047,https://www.tonesfashion.com/collections/linen-edit-short-kurtas/products/acid-wash-muscle-tee,acid-wash-muscle-tee,ACID WASH MUSCLE TEE,1299.00,01_RAW_DATA\collections_html\TONES-COL-0047.html
TONES-COL-0047,https://www.tonesfashion.com/collections/linen-edit-short-kurtas/products/anti-perfect-tee-cofee-beige,anti-perfect-tee-cofee-beige,ANTI-PERFECT OVERSIZED TEE - COFEE BEIGE,1499.00,01_RAW_DATA\collections_html\TONES-COL-0047.html
TONES-COL-0047,https://www.tonesfashion.com/collections/linen-edit-short-kurtas/products/double-pocket-black-shirt,double-pocket-black-shirt,Black - Double Pocket Shirt,2000.00,01_RAW_DATA\collections_html\TONES-COL-0047.html
TONES-COL-0047,https://www.tonesfashion.com/collections/linen-edit-short-kurtas/products/black-flannel-double-pocket-shirt,black-flannel-double-pocket-shirt,BLACK DOUBLE POCKET FLANNEL SHIRT,2499.00,01_RAW_DATA\collections_html\TONES-COL-0047.html
TONES-COL-0047,https://www.tonesfashion.com/collections/linen-edit-short-kurtas/products/blue-checks-flanel,blue-checks-flanel,Blue Checks Flannel,2999.00,01_RAW_DATA\collections_html\TONES-COL-0047.html
TONES-COL-0047,https://www.tonesfashion.com/collections/linen-edit-short-kurtas/products/blue-drip-sweatshirt-copy,blue-drip-sweatshirt-copy,Blue Drip Sweatshirt,2299.00,01_RAW_DATA\collections_html\TONES-COL-0047.html
TONES-COL-0047,https://www.tonesfashion.com/collections/linen-edit-short-kurtas/products/deep-sage-gauze-cotton-shirt-copy,deep-sage-gauze-cotton-shirt-copy,Blue Oxford Shirt,2499.00,01_RAW_DATA\collections_html\TONES-COL-0047.html
TONES-COL-0047,https://www.tonesfashion.com/collections/linen-edit-short-kurtas/products/rustic-brown-acid-wash-t-shirt,rustic-brown-acid-wash-t-shirt,Brown Acid Wash Ringer T-Shirt,1599.00,01_RAW_DATA\collections_html\TONES-COL-0047.html
TONES-COL-0047,https://www.tonesfashion.com/collections/linen-edit-short-kurtas/products/brown-checks-flanel,brown-checks-flanel,Brown Checks Flannel,2999.00,01_RAW_DATA\collections_html\TONES-COL-0047.html
TONES-COL-0047,https://www.tonesfashion.com/collections/linen-edit-short-kurtas/products/brown-double-pocket-shacket,brown-double-pocket-shacket,BROWN DOUBLE POCKET FLANNEL SHACKET,3499.00,01_RAW_DATA\collections_html\TONES-COL-0047.html
TONES-COL-0047,https://www.tonesfashion.com/collections/linen-edit-short-kurtas/products/burgundy-satin-shirt,burgundy-satin-shirt,Burgundy - Satin Shirt,2499.00,01_RAW_DATA\collections_html\TONES-COL-0047.html
TONES-COL-0048,https://www.tonesfashion.com/collections/linen-shirts/products/3-t-shirt-combo,3-t-shirt-combo,3 T-shirt Combo,1999.00,01_RAW_DATA\collections_html\TONES-COL-0048.html
TONES-COL-0048,https://www.tonesfashion.com/collections/linen-shirts/products/acid-wash-muscle-tee,acid-wash-muscle-tee,ACID WASH MUSCLE TEE,1299.00,01_RAW_DATA\collections_html\TONES-COL-0048.html
TONES-COL-0048,https://www.tonesfashion.com/collections/linen-shirts/products/anti-perfect-tee-cofee-beige,anti-perfect-tee-cofee-beige,ANTI-PERFECT OVERSIZED TEE - COFEE BEIGE,1499.00,01_RAW_DATA\collections_html\TONES-COL-0048.html
TONES-COL-0048,https://www.tonesfashion.com/collections/linen-shirts/products/double-pocket-black-shirt,double-pocket-black-shirt,Black - Double Pocket Shirt,2000.00,01_RAW_DATA\collections_html\TONES-COL-0048.html
TONES-COL-0048,https://www.tonesfashion.com/collections/linen-shirts/products/black-flannel-double-pocket-shirt,black-flannel-double-pocket-shirt,BLACK DOUBLE POCKET FLANNEL SHIRT,2499.00,01_RAW_DATA\collections_html\TONES-COL-0048.html
TONES-COL-0048,https://www.tonesfashion.com/collections/linen-shirts/products/blue-checks-flanel,blue-checks-flanel,Blue Checks Flannel,2999.00,01_RAW_DATA\collections_html\TONES-COL-0048.html
TONES-COL-0048,https://www.tonesfashion.com/collections/linen-shirts/products/blue-drip-sweatshirt-copy,blue-drip-sweatshirt-copy,Blue Drip Sweatshirt,2299.00,01_RAW_DATA\collections_html\TONES-COL-0048.html
TONES-COL-0048,https://www.tonesfashion.com/collections/linen-shirts/products/deep-sage-gauze-cotton-shirt-copy,deep-sage-gauze-cotton-shirt-copy,Blue Oxford Shirt,2499.00,01_RAW_DATA\collections_html\TONES-COL-0048.html
TONES-COL-0048,https://www.tonesfashion.com/collections/linen-shirts/products/rustic-brown-acid-wash-t-shirt,rustic-brown-acid-wash-t-shirt,Brown Acid Wash Ringer T-Shirt,1599.00,01_RAW_DATA\collections_html\TONES-COL-0048.html
TONES-COL-0048,https://www.tonesfashion.com/collections/linen-shirts/products/brown-checks-flanel,brown-checks-flanel,Brown Checks Flannel,2999.00,01_RAW_DATA\collections_html\TONES-COL-0048.html
TONES-COL-0048,https://www.tonesfashion.com/collections/linen-shirts/products/brown-double-pocket-shacket,brown-double-pocket-shacket,BROWN DOUBLE POCKET FLANNEL SHACKET,3499.00,01_RAW_DATA\collections_html\TONES-COL-0048.html
TONES-COL-0048,https://www.tonesfashion.com/collections/linen-shirts/products/burgundy-satin-shirt,burgundy-satin-shirt,Burgundy - Satin Shirt,2499.00,01_RAW_DATA\collections_html\TONES-COL-0048.html
TONES-COL-0049,https://www.tonesfashion.com/collections/luxury/products/3-t-shirt-combo,3-t-shirt-combo,3 T-shirt Combo,1999.00,01_RAW_DATA\collections_html\TONES-COL-0049.html
TONES-COL-0049,https://www.tonesfashion.com/collections/luxury/products/acid-wash-muscle-tee,acid-wash-muscle-tee,ACID WASH MUSCLE TEE,1299.00,01_RAW_DATA\collections_html\TONES-COL-0049.html
TONES-COL-0049,https://www.tonesfashion.com/collections/luxury/products/anti-perfect-tee-cofee-beige,anti-perfect-tee-cofee-beige,ANTI-PERFECT OVERSIZED TEE - COFEE BEIGE,1499.00,01_RAW_DATA\collections_html\TONES-COL-0049.html
TONES-COL-0049,https://www.tonesfashion.com/collections/luxury/products/double-pocket-black-shirt,double-pocket-black-shirt,Black - Double Pocket Shirt,2000.00,01_RAW_DATA\collections_html\TONES-COL-0049.html
TONES-COL-0049,https://www.tonesfashion.com/collections/luxury/products/black-flannel-double-pocket-shirt,black-flannel-double-pocket-shirt,BLACK DOUBLE POCKET FLANNEL SHIRT,2499.00,01_RAW_DATA\collections_html\TONES-COL-0049.html
TONES-COL-0049,https://www.tonesfashion.com/collections/luxury/products/blue-checks-flanel,blue-checks-flanel,Blue Checks Flannel,2999.00,01_RAW_DATA\collections_html\TONES-COL-0049.html
TONES-COL-0049,https://www.tonesfashion.com/collections/luxury/products/blue-drip-sweatshirt-copy,blue-drip-sweatshirt-copy,Blue Drip Sweatshirt,2299.00,01_RAW_DATA\collections_html\TONES-COL-0049.html
TONES-COL-0049,https://www.tonesfashion.com/collections/luxury/products/deep-sage-gauze-cotton-shirt-copy,deep-sage-gauze-cotton-shirt-copy,Blue Oxford Shirt,2499.00,01_RAW_DATA\collections_html\TONES-COL-0049.html
TONES-COL-0049,https://www.tonesfashion.com/collections/luxury/products/rustic-brown-acid-wash-t-shirt,rustic-brown-acid-wash-t-shirt,Brown Acid Wash Ringer T-Shirt,1599.00,01_RAW_DATA\collections_html\TONES-COL-0049.html
TONES-COL-0049,https://www.tonesfashion.com/collections/luxury/products/brown-checks-flanel,brown-checks-flanel,Brown Checks Flannel,2999.00,01_RAW_DATA\collections_html\TONES-COL-0049.html
TONES-COL-0049,https://www.tonesfashion.com/collections/luxury/products/brown-double-pocket-shacket,brown-double-pocket-shacket,BROWN DOUBLE POCKET FLANNEL SHACKET,3499.00,01_RAW_DATA\collections_html\TONES-COL-0049.html
TONES-COL-0049,https://www.tonesfashion.com/collections/luxury/products/burgundy-satin-shirt,burgundy-satin-shirt,Burgundy - Satin Shirt,2499.00,01_RAW_DATA\collections_html\TONES-COL-0049.html
TONES-COL-0050,https://www.tonesfashion.com/collections/masculine-checks/products/3-t-shirt-combo,3-t-shirt-combo,3 T-shirt Combo,1999.00,01_RAW_DATA\collections_html\TONES-COL-0050.html
TONES-COL-0050,https://www.tonesfashion.com/collections/masculine-checks/products/acid-wash-muscle-tee,acid-wash-muscle-tee,ACID WASH MUSCLE TEE,1299.00,01_RAW_DATA\collections_html\TONES-COL-0050.html
TONES-COL-0050,https://www.tonesfashion.com/collections/masculine-checks/products/anti-perfect-tee-cofee-beige,anti-perfect-tee-cofee-beige,ANTI-PERFECT OVERSIZED TEE - COFEE BEIGE,1499.00,01_RAW_DATA\collections_html\TONES-COL-0050.html
TONES-COL-0050,https://www.tonesfashion.com/collections/masculine-checks/products/double-pocket-black-shirt,double-pocket-black-shirt,Black - Double Pocket Shirt,2000.00,01_RAW_DATA\collections_html\TONES-COL-0050.html
TONES-COL-0050,https://www.tonesfashion.com/collections/masculine-checks/products/black-flannel-double-pocket-shirt,black-flannel-double-pocket-shirt,BLACK DOUBLE POCKET FLANNEL SHIRT,2499.00,01_RAW_DATA\collections_html\TONES-COL-0050.html
TONES-COL-0050,https://www.tonesfashion.com/collections/masculine-checks/products/blue-checks-flanel,blue-checks-flanel,Blue Checks Flannel,2999.00,01_RAW_DATA\collections_html\TONES-COL-0050.html
TONES-COL-0050,https://www.tonesfashion.com/collections/masculine-checks/products/blue-drip-sweatshirt-copy,blue-drip-sweatshirt-copy,Blue Drip Sweatshirt,2299.00,01_RAW_DATA\collections_html\TONES-COL-0050.html
TONES-COL-0050,https://www.tonesfashion.com/collections/masculine-checks/products/deep-sage-gauze-cotton-shirt-copy,deep-sage-gauze-cotton-shirt-copy,Blue Oxford Shirt,2499.00,01_RAW_DATA\collections_html\TONES-COL-0050.html
TONES-COL-0050,https://www.tonesfashion.com/collections/masculine-checks/products/rustic-brown-acid-wash-t-shirt,rustic-brown-acid-wash-t-shirt,Brown Acid Wash Ringer T-Shirt,1599.00,01_RAW_DATA\collections_html\TONES-COL-0050.html
TONES-COL-0050,https://www.tonesfashion.com/collections/masculine-checks/products/brown-checks-flanel,brown-checks-flanel,Brown Checks Flannel,2999.00,01_RAW_DATA\collections_html\TONES-COL-0050.html
TONES-COL-0050,https://www.tonesfashion.com/collections/masculine-checks/products/brown-double-pocket-shacket,brown-double-pocket-shacket,BROWN DOUBLE POCKET FLANNEL SHACKET,3499.00,01_RAW_DATA\collections_html\TONES-COL-0050.html
TONES-COL-0050,https://www.tonesfashion.com/collections/masculine-checks/products/burgundy-satin-shirt,burgundy-satin-shirt,Burgundy - Satin Shirt,2499.00,01_RAW_DATA\collections_html\TONES-COL-0050.html
TONES-COL-0051,https://www.tonesfashion.com/collections/modal-shirts/products/ivory-sand-modal-shirt,ivory-sand-modal-shirt,Ivory Sand - Modal Shirt,1999.00,01_RAW_DATA\collections_html\TONES-COL-0051.html
TONES-COL-0051,https://www.tonesfashion.com/collections/modal-shirts/products/3-t-shirt-combo,3-t-shirt-combo,3 T-shirt Combo,1999.00,01_RAW_DATA\collections_html\TONES-COL-0051.html
TONES-COL-0051,https://www.tonesfashion.com/collections/modal-shirts/products/acid-wash-muscle-tee,acid-wash-muscle-tee,ACID WASH MUSCLE TEE,1299.00,01_RAW_DATA\collections_html\TONES-COL-0051.html
TONES-COL-0051,https://www.tonesfashion.com/collections/modal-shirts/products/anti-perfect-tee-cofee-beige,anti-perfect-tee-cofee-beige,ANTI-PERFECT OVERSIZED TEE - COFEE BEIGE,1499.00,01_RAW_DATA\collections_html\TONES-COL-0051.html
TONES-COL-0051,https://www.tonesfashion.com/collections/modal-shirts/products/double-pocket-black-shirt,double-pocket-black-shirt,Black - Double Pocket Shirt,2000.00,01_RAW_DATA\collections_html\TONES-COL-0051.html
TONES-COL-0051,https://www.tonesfashion.com/collections/modal-shirts/products/black-flannel-double-pocket-shirt,black-flannel-double-pocket-shirt,BLACK DOUBLE POCKET FLANNEL SHIRT,2499.00,01_RAW_DATA\collections_html\TONES-COL-0051.html
TONES-COL-0051,https://www.tonesfashion.com/collections/modal-shirts/products/blue-checks-flanel,blue-checks-flanel,Blue Checks Flannel,2999.00,01_RAW_DATA\collections_html\TONES-COL-0051.html
TONES-COL-0051,https://www.tonesfashion.com/collections/modal-shirts/products/blue-drip-sweatshirt-copy,blue-drip-sweatshirt-copy,Blue Drip Sweatshirt,2299.00,01_RAW_DATA\collections_html\TONES-COL-0051.html
TONES-COL-0051,https://www.tonesfashion.com/collections/modal-shirts/products/deep-sage-gauze-cotton-shirt-copy,deep-sage-gauze-cotton-shirt-copy,Blue Oxford Shirt,2499.00,01_RAW_DATA\collections_html\TONES-COL-0051.html
TONES-COL-0051,https://www.tonesfashion.com/collections/modal-shirts/products/rustic-brown-acid-wash-t-shirt,rustic-brown-acid-wash-t-shirt,Brown Acid Wash Ringer T-Shirt,1599.00,01_RAW_DATA\collections_html\TONES-COL-0051.html
TONES-COL-0051,https://www.tonesfashion.com/collections/modal-shirts/products/brown-checks-flanel,brown-checks-flanel,Brown Checks Flannel,2999.00,01_RAW_DATA\collections_html\TONES-COL-0051.html
TONES-COL-0051,https://www.tonesfashion.com/collections/modal-shirts/products/brown-double-pocket-shacket,brown-double-pocket-shacket,BROWN DOUBLE POCKET FLANNEL SHACKET,3499.00,01_RAW_DATA\collections_html\TONES-COL-0051.html
TONES-COL-0051,https://www.tonesfashion.com/collections/modal-shirts/products/burgundy-satin-shirt,burgundy-satin-shirt,Burgundy - Satin Shirt,2499.00,01_RAW_DATA\collections_html\TONES-COL-0051.html
TONES-COL-0052,https://www.tonesfashion.com/collections/monsoon-patterns/products/3-t-shirt-combo,3-t-shirt-combo,3 T-shirt Combo,1999.00,01_RAW_DATA\collections_html\TONES-COL-0052.html
TONES-COL-0052,https://www.tonesfashion.com/collections/monsoon-patterns/products/acid-wash-muscle-tee,acid-wash-muscle-tee,ACID WASH MUSCLE TEE,1299.00,01_RAW_DATA\collections_html\TONES-COL-0052.html
TONES-COL-0052,https://www.tonesfashion.com/collections/monsoon-patterns/products/anti-perfect-tee-cofee-beige,anti-perfect-tee-cofee-beige,ANTI-PERFECT OVERSIZED TEE - COFEE BEIGE,1499.00,01_RAW_DATA\collections_html\TONES-COL-0052.html
TONES-COL-0052,https://www.tonesfashion.com/collections/monsoon-patterns/products/double-pocket-black-shirt,double-pocket-black-shirt,Black - Double Pocket Shirt,2000.00,01_RAW_DATA\collections_html\TONES-COL-0052.html
TONES-COL-0052,https://www.tonesfashion.com/collections/monsoon-patterns/products/black-flannel-double-pocket-shirt,black-flannel-double-pocket-shirt,BLACK DOUBLE POCKET FLANNEL SHIRT,2499.00,01_RAW_DATA\collections_html\TONES-COL-0052.html
TONES-COL-0052,https://www.tonesfashion.com/collections/monsoon-patterns/products/blue-checks-flanel,blue-checks-flanel,Blue Checks Flannel,2999.00,01_RAW_DATA\collections_html\TONES-COL-0052.html
TONES-COL-0052,https://www.tonesfashion.com/collections/monsoon-patterns/products/blue-drip-sweatshirt-copy,blue-drip-sweatshirt-copy,Blue Drip Sweatshirt,2299.00,01_RAW_DATA\collections_html\TONES-COL-0052.html
TONES-COL-0052,https://www.tonesfashion.com/collections/monsoon-patterns/products/deep-sage-gauze-cotton-shirt-copy,deep-sage-gauze-cotton-shirt-copy,Blue Oxford Shirt,2499.00,01_RAW_DATA\collections_html\TONES-COL-0052.html
TONES-COL-0052,https://www.tonesfashion.com/collections/monsoon-patterns/products/rustic-brown-acid-wash-t-shirt,rustic-brown-acid-wash-t-shirt,Brown Acid Wash Ringer T-Shirt,1599.00,01_RAW_DATA\collections_html\TONES-COL-0052.html
TONES-COL-0052,https://www.tonesfashion.com/collections/monsoon-patterns/products/brown-checks-flanel,brown-checks-flanel,Brown Checks Flannel,2999.00,01_RAW_DATA\collections_html\TONES-COL-0052.html
TONES-COL-0052,https://www.tonesfashion.com/collections/monsoon-patterns/products/brown-double-pocket-shacket,brown-double-pocket-shacket,BROWN DOUBLE POCKET FLANNEL SHACKET,3499.00,01_RAW_DATA\collections_html\TONES-COL-0052.html
TONES-COL-0052,https://www.tonesfashion.com/collections/monsoon-patterns/products/burgundy-satin-shirt,burgundy-satin-shirt,Burgundy - Satin Shirt,2499.00,01_RAW_DATA\collections_html\TONES-COL-0052.html
TONES-COL-0053,https://www.tonesfashion.com/collections/muscle-tees/products/acid-wash-muscle-tee,acid-wash-muscle-tee,ACID WASH MUSCLE TEE,1299.00,01_RAW_DATA\collections_html\TONES-COL-0053.html
TONES-COL-0053,https://www.tonesfashion.com/collections/muscle-tees/products/3-t-shirt-combo,3-t-shirt-combo,3 T-shirt Combo,1999.00,01_RAW_DATA\collections_html\TONES-COL-0053.html
TONES-COL-0053,https://www.tonesfashion.com/collections/muscle-tees/products/anti-perfect-tee-cofee-beige,anti-perfect-tee-cofee-beige,ANTI-PERFECT OVERSIZED TEE - COFEE BEIGE,1499.00,01_RAW_DATA\collections_html\TONES-COL-0053.html
TONES-COL-0053,https://www.tonesfashion.com/collections/muscle-tees/products/double-pocket-black-shirt,double-pocket-black-shirt,Black - Double Pocket Shirt,2000.00,01_RAW_DATA\collections_html\TONES-COL-0053.html
TONES-COL-0053,https://www.tonesfashion.com/collections/muscle-tees/products/black-flannel-double-pocket-shirt,black-flannel-double-pocket-shirt,BLACK DOUBLE POCKET FLANNEL SHIRT,2499.00,01_RAW_DATA\collections_html\TONES-COL-0053.html
TONES-COL-0053,https://www.tonesfashion.com/collections/muscle-tees/products/blue-checks-flanel,blue-checks-flanel,Blue Checks Flannel,2999.00,01_RAW_DATA\collections_html\TONES-COL-0053.html
TONES-COL-0053,https://www.tonesfashion.com/collections/muscle-tees/products/blue-drip-sweatshirt-copy,blue-drip-sweatshirt-copy,Blue Drip Sweatshirt,2299.00,01_RAW_DATA\collections_html\TONES-COL-0053.html
TONES-COL-0053,https://www.tonesfashion.com/collections/muscle-tees/products/deep-sage-gauze-cotton-shirt-copy,deep-sage-gauze-cotton-shirt-copy,Blue Oxford Shirt,2499.00,01_RAW_DATA\collections_html\TONES-COL-0053.html
TONES-COL-0053,https://www.tonesfashion.com/collections/muscle-tees/products/rustic-brown-acid-wash-t-shirt,rustic-brown-acid-wash-t-shirt,Brown Acid Wash Ringer T-Shirt,1599.00,01_RAW_DATA\collections_html\TONES-COL-0053.html
TONES-COL-0053,https://www.tonesfashion.com/collections/muscle-tees/products/brown-checks-flanel,brown-checks-flanel,Brown Checks Flannel,2999.00,01_RAW_DATA\collections_html\TONES-COL-0053.html
TONES-COL-0053,https://www.tonesfashion.com/collections/muscle-tees/products/brown-double-pocket-shacket,brown-double-pocket-shacket,BROWN DOUBLE POCKET FLANNEL SHACKET,3499.00,01_RAW_DATA\collections_html\TONES-COL-0053.html
TONES-COL-0053,https://www.tonesfashion.com/collections/muscle-tees/products/burgundy-satin-shirt,burgundy-satin-shirt,Burgundy - Satin Shirt,2499.00,01_RAW_DATA\collections_html\TONES-COL-0053.html
TONES-COL-0054,https://www.tonesfashion.com/collections/new-launch/products/deep-sage-gauze-cotton-shirt,deep-sage-gauze-cotton-shirt,Deep Sage - Gauze Cotton Shirt,1799.00,01_RAW_DATA\collections_html\TONES-COL-0054.html
TONES-COL-0054,https://www.tonesfashion.com/collections/new-launch/products/jet-black-satin-shirt-copy,jet-black-satin-shirt-copy,Soft Lavender - Gauze Cotton Shirt,1799.00,01_RAW_DATA\collections_html\TONES-COL-0054.html
TONES-COL-0054,https://www.tonesfashion.com/collections/new-launch/products/mustard-gauze-cotton-shirt,mustard-gauze-cotton-shirt,Mustard - Gauze Cotton Shirt,1799.00,01_RAW_DATA\collections_html\TONES-COL-0054.html
TONES-COL-0054,https://www.tonesfashion.com/collections/new-launch/products/muted-peach-gauze-cotton-shirt,muted-peach-gauze-cotton-shirt,Muted Peach - Gauze Cotton Shirt,1799.00,01_RAW_DATA\collections_html\TONES-COL-0054.html
TONES-COL-0054,https://www.tonesfashion.com/collections/new-launch/products/the-alpha-oversized-tee,the-alpha-oversized-tee,The Alpha - Oversized Tee,1599.00,01_RAW_DATA\collections_html\TONES-COL-0054.html
TONES-COL-0054,https://www.tonesfashion.com/collections/new-launch/products/the-alpha-oversized-tee-copy,the-alpha-oversized-tee-copy,The Final Act - Oversized Tee,1599.00,01_RAW_DATA\collections_html\TONES-COL-0054.html
TONES-COL-0054,https://www.tonesfashion.com/collections/new-launch/products/the-final-act-oversized-tee-copy,the-final-act-oversized-tee-copy,Created To Create - Oversized Tee,1599.00,01_RAW_DATA\collections_html\TONES-COL-0054.html
TONES-COL-0054,https://www.tonesfashion.com/collections/new-launch/products/jet-black-shirt,jet-black-shirt,Jet Black - Satin Shirt,2499.00,01_RAW_DATA\collections_html\TONES-COL-0054.html
TONES-COL-0054,https://www.tonesfashion.com/collections/new-launch/products/navy-blue-shirt,navy-blue-shirt,Navy Blue - Satin Shirt,2499.00,01_RAW_DATA\collections_html\TONES-COL-0054.html
TONES-COL-0054,https://www.tonesfashion.com/collections/new-launch/products/burgundy-satin-shirt,burgundy-satin-shirt,Burgundy - Satin Shirt,2499.00,01_RAW_DATA\collections_html\TONES-COL-0054.html
TONES-COL-0054,https://www.tonesfashion.com/collections/new-launch/products/soft-white-satin-shirt-copy,soft-white-satin-shirt-copy,Light Blue - Satin Shirt,2499.00,01_RAW_DATA\collections_html\TONES-COL-0054.html
TONES-COL-0054,https://www.tonesfashion.com/collections/new-launch/products/soft-white-satin-shirt,soft-white-satin-shirt,Soft White - Satin Shirt,2499.00,01_RAW_DATA\collections_html\TONES-COL-0054.html
TONES-COL-0054,https://www.tonesfashion.com/collections/new-launch/products/navy-blue-acid-wash-t-shirt-2,navy-blue-acid-wash-t-shirt-2,Navy Blue Acid Wash Ringer T-Shirt,1599.00,01_RAW_DATA\collections_html\TONES-COL-0054.html
TONES-COL-0054,https://www.tonesfashion.com/collections/new-launch/products/navy-blue-acid-wash-t-shirt-1,navy-blue-acid-wash-t-shirt-1,Red Acid Wash Ringer T-Shirt,1599.00,01_RAW_DATA\collections_html\TONES-COL-0054.html
TONES-COL-0054,https://www.tonesfashion.com/collections/new-launch/products/rustic-brown-acid-wash-t-shirt,rustic-brown-acid-wash-t-shirt,Brown Acid Wash Ringer T-Shirt,1599.00,01_RAW_DATA\collections_html\TONES-COL-0054.html
TONES-COL-0054,https://www.tonesfashion.com/collections/new-launch/products/ivory-sand-modal-shirt,ivory-sand-modal-shirt,Ivory Sand - Modal Shirt,1999.00,01_RAW_DATA\collections_html\TONES-COL-0054.html
TONES-COL-0054,https://www.tonesfashion.com/collections/new-launch/products/acid-wash-muscle-tee,acid-wash-muscle-tee,ACID WASH MUSCLE TEE,1299.00,01_RAW_DATA\collections_html\TONES-COL-0054.html
TONES-COL-0054,https://www.tonesfashion.com/collections/new-launch/products/maroon-courdry-shacket-copy,maroon-courdry-shacket-copy,Mustard Corduroy Shacket,1999.00,01_RAW_DATA\collections_html\TONES-COL-0054.html
TONES-COL-0054,https://www.tonesfashion.com/collections/new-launch/products/navy-blue-courdury-shacket,navy-blue-courdury-shacket,Navy Blue Corduroy Shacket,1999.00,01_RAW_DATA\collections_html\TONES-COL-0054.html
TONES-COL-0054,https://www.tonesfashion.com/collections/new-launch/products/olive-green-cargos,olive-green-cargos,Olive Green Cargo,3499.00,01_RAW_DATA\collections_html\TONES-COL-0054.html
TONES-COL-0054,https://www.tonesfashion.com/collections/new-launch/products/grey-cargo,grey-cargo,Grey Cargo,3499.00,01_RAW_DATA\collections_html\TONES-COL-0054.html
TONES-COL-0054,https://www.tonesfashion.com/collections/new-launch/products/maroon-double-pocket-shirt,maroon-double-pocket-shirt,MAROON DOUBLE POCKET FLANNEL SHIRT,2499.00,01_RAW_DATA\collections_html\TONES-COL-0054.html
TONES-COL-0054,https://www.tonesfashion.com/collections/new-launch/products/brown-double-pocket-shacket,brown-double-pocket-shacket,BROWN DOUBLE POCKET FLANNEL SHACKET,3499.00,01_RAW_DATA\collections_html\TONES-COL-0054.html
TONES-COL-0054,https://www.tonesfashion.com/collections/new-launch/products/grey-double-pocket-shacket,grey-double-pocket-shacket,GREY DOUBLE POCKET FLANNEL SHACKET,3499.00,01_RAW_DATA\collections_html\TONES-COL-0054.html
TONES-COL-0054,https://www.tonesfashion.com/collections/new-launch/products/3-t-shirt-combo,3-t-shirt-combo,3 T-shirt Combo,1999.00,01_RAW_DATA\collections_html\TONES-COL-0054.html
TONES-COL-0054,https://www.tonesfashion.com/collections/new-launch/products/anti-perfect-tee-cofee-beige,anti-perfect-tee-cofee-beige,ANTI-PERFECT OVERSIZED TEE - COFEE BEIGE,1499.00,01_RAW_DATA\collections_html\TONES-COL-0054.html
TONES-COL-0054,https://www.tonesfashion.com/collections/new-launch/products/double-pocket-black-shirt,double-pocket-black-shirt,Black - Double Pocket Shirt,2000.00,01_RAW_DATA\collections_html\TONES-COL-0054.html
TONES-COL-0054,https://www.tonesfashion.com/collections/new-launch/products/black-flannel-double-pocket-shirt,black-flannel-double-pocket-shirt,BLACK DOUBLE POCKET FLANNEL SHIRT,2499.00,01_RAW_DATA\collections_html\TONES-COL-0054.html
TONES-COL-0054,https://www.tonesfashion.com/collections/new-launch/products/blue-checks-flanel,blue-checks-flanel,Blue Checks Flannel,2999.00,01_RAW_DATA\collections_html\TONES-COL-0054.html
TONES-COL-0054,https://www.tonesfashion.com/collections/new-launch/products/blue-drip-sweatshirt-copy,blue-drip-sweatshirt-copy,Blue Drip Sweatshirt,2299.00,01_RAW_DATA\collections_html\TONES-COL-0054.html
TONES-COL-0054,https://www.tonesfashion.com/collections/new-launch/products/deep-sage-gauze-cotton-shirt-copy,deep-sage-gauze-cotton-shirt-copy,Blue Oxford Shirt,2499.00,01_RAW_DATA\collections_html\TONES-COL-0054.html
TONES-COL-0054,https://www.tonesfashion.com/collections/new-launch/products/brown-checks-flanel,brown-checks-flanel,Brown Checks Flannel,2999.00,01_RAW_DATA\collections_html\TONES-COL-0054.html
TONES-COL-0055,https://www.tonesfashion.com/collections/new-launches/products/rustic-brown-acid-wash-t-shirt,rustic-brown-acid-wash-t-shirt,Brown Acid Wash Ringer T-Shirt,1599.00,01_RAW_DATA\collections_html\TONES-COL-0055.html
TONES-COL-0055,https://www.tonesfashion.com/collections/new-launches/products/navy-blue-acid-wash-t-shirt-1,navy-blue-acid-wash-t-shirt-1,Red Acid Wash Ringer T-Shirt,1599.00,01_RAW_DATA\collections_html\TONES-COL-0055.html
TONES-COL-0055,https://www.tonesfashion.com/collections/new-launches/products/navy-blue-acid-wash-t-shirt-2,navy-blue-acid-wash-t-shirt-2,Navy Blue Acid Wash Ringer T-Shirt,1599.00,01_RAW_DATA\collections_html\TONES-COL-0055.html
TONES-COL-0055,https://www.tonesfashion.com/collections/new-launches/products/brown-double-pocket-shacket,brown-double-pocket-shacket,BROWN DOUBLE POCKET FLANNEL SHACKET,3499.00,01_RAW_DATA\collections_html\TONES-COL-0055.html
TONES-COL-0055,https://www.tonesfashion.com/collections/new-launches/products/grey-double-pocket-shacket,grey-double-pocket-shacket,GREY DOUBLE POCKET FLANNEL SHACKET,3499.00,01_RAW_DATA\collections_html\TONES-COL-0055.html
TONES-COL-0055,https://www.tonesfashion.com/collections/new-launches/products/grey-cargo,grey-cargo,Grey Cargo,3499.00,01_RAW_DATA\collections_html\TONES-COL-0055.html
TONES-COL-0055,https://www.tonesfashion.com/collections/new-launches/products/olive-green-cargos,olive-green-cargos,Olive Green Cargo,3499.00,01_RAW_DATA\collections_html\TONES-COL-0055.html
TONES-COL-0055,https://www.tonesfashion.com/collections/new-launches/products/navy-blue-courdury-shacket,navy-blue-courdury-shacket,Navy Blue Corduroy Shacket,1999.00,01_RAW_DATA\collections_html\TONES-COL-0055.html
TONES-COL-0055,https://www.tonesfashion.com/collections/new-launches/products/maroon-courdry-shacket-copy,maroon-courdry-shacket-copy,Mustard Corduroy Shacket,1999.00,01_RAW_DATA\collections_html\TONES-COL-0055.html
TONES-COL-0055,https://www.tonesfashion.com/collections/new-launches/products/soft-white-satin-shirt,soft-white-satin-shirt,Soft White - Satin Shirt,2499.00,01_RAW_DATA\collections_html\TONES-COL-0055.html
TONES-COL-0055,https://www.tonesfashion.com/collections/new-launches/products/soft-white-satin-shirt-copy,soft-white-satin-shirt-copy,Light Blue - Satin Shirt,2499.00,01_RAW_DATA\collections_html\TONES-COL-0055.html
TONES-COL-0055,https://www.tonesfashion.com/collections/new-launches/products/burgundy-satin-shirt,burgundy-satin-shirt,Burgundy - Satin Shirt,2499.00,01_RAW_DATA\collections_html\TONES-COL-0055.html
TONES-COL-0055,https://www.tonesfashion.com/collections/new-launches/products/navy-blue-shirt,navy-blue-shirt,Navy Blue - Satin Shirt,2499.00,01_RAW_DATA\collections_html\TONES-COL-0055.html
TONES-COL-0055,https://www.tonesfashion.com/collections/new-launches/products/jet-black-shirt,jet-black-shirt,Jet Black - Satin Shirt,2499.00,01_RAW_DATA\collections_html\TONES-COL-0055.html
TONES-COL-0055,https://www.tonesfashion.com/collections/new-launches/products/ivory-sand-modal-shirt,ivory-sand-modal-shirt,Ivory Sand - Modal Shirt,1999.00,01_RAW_DATA\collections_html\TONES-COL-0055.html
TONES-COL-0055,https://www.tonesfashion.com/collections/new-launches/products/the-alpha-oversized-tee,the-alpha-oversized-tee,The Alpha - Oversized Tee,1599.00,01_RAW_DATA\collections_html\TONES-COL-0055.html
TONES-COL-0055,https://www.tonesfashion.com/collections/new-launches/products/the-alpha-oversized-tee-copy,the-alpha-oversized-tee-copy,The Final Act - Oversized Tee,1599.00,01_RAW_DATA\collections_html\TONES-COL-0055.html
TONES-COL-0055,https://www.tonesfashion.com/collections/new-launches/products/the-final-act-oversized-tee-copy,the-final-act-oversized-tee-copy,Created To Create - Oversized Tee,1599.00,01_RAW_DATA\collections_html\TONES-COL-0055.html
TONES-COL-0055,https://www.tonesfashion.com/collections/new-launches/products/jet-black-satin-shirt-copy,jet-black-satin-shirt-copy,Soft Lavender - Gauze Cotton Shirt,1799.00,01_RAW_DATA\collections_html\TONES-COL-0055.html
TONES-COL-0055,https://www.tonesfashion.com/collections/new-launches/products/mustard-gauze-cotton-shirt,mustard-gauze-cotton-shirt,Mustard - Gauze Cotton Shirt,1799.00,01_RAW_DATA\collections_html\TONES-COL-0055.html
TONES-COL-0055,https://www.tonesfashion.com/collections/new-launches/products/muted-peach-gauze-cotton-shirt,muted-peach-gauze-cotton-shirt,Muted Peach - Gauze Cotton Shirt,1799.00,01_RAW_DATA\collections_html\TONES-COL-0055.html
TONES-COL-0055,https://www.tonesfashion.com/collections/new-launches/products/deep-sage-gauze-cotton-shirt,deep-sage-gauze-cotton-shirt,Deep Sage - Gauze Cotton Shirt,1799.00,01_RAW_DATA\collections_html\TONES-COL-0055.html
TONES-COL-0055,https://www.tonesfashion.com/collections/new-launches/products/deep-sage-gauze-cotton-shirt-copy,deep-sage-gauze-cotton-shirt-copy,Blue Oxford Shirt,2499.00,01_RAW_DATA\collections_html\TONES-COL-0055.html
TONES-COL-0055,https://www.tonesfashion.com/collections/new-launches/products/blue-oxford-shirt-copy,blue-oxford-shirt-copy,Sage Oxford Shirt,2499.00,01_RAW_DATA\collections_html\TONES-COL-0055.html
TONES-COL-0055,https://www.tonesfashion.com/collections/new-launches/products/3-t-shirt-combo,3-t-shirt-combo,3 T-shirt Combo,1999.00,01_RAW_DATA\collections_html\TONES-COL-0055.html
TONES-COL-0055,https://www.tonesfashion.com/collections/new-launches/products/acid-wash-muscle-tee,acid-wash-muscle-tee,ACID WASH MUSCLE TEE,1299.00,01_RAW_DATA\collections_html\TONES-COL-0055.html
TONES-COL-0055,https://www.tonesfashion.com/collections/new-launches/products/anti-perfect-tee-cofee-beige,anti-perfect-tee-cofee-beige,ANTI-PERFECT OVERSIZED TEE - COFEE BEIGE,1499.00,01_RAW_DATA\collections_html\TONES-COL-0055.html
TONES-COL-0055,https://www.tonesfashion.com/collections/new-launches/products/double-pocket-black-shirt,double-pocket-black-shirt,Black - Double Pocket Shirt,2000.00,01_RAW_DATA\collections_html\TONES-COL-0055.html
TONES-COL-0055,https://www.tonesfashion.com/collections/new-launches/products/black-flannel-double-pocket-shirt,black-flannel-double-pocket-shirt,BLACK DOUBLE POCKET FLANNEL SHIRT,2499.00,01_RAW_DATA\collections_html\TONES-COL-0055.html
TONES-COL-0055,https://www.tonesfashion.com/collections/new-launches/products/blue-checks-flanel,blue-checks-flanel,Blue Checks Flannel,2999.00,01_RAW_DATA\collections_html\TONES-COL-0055.html
TONES-COL-0055,https://www.tonesfashion.com/collections/new-launches/products/blue-drip-sweatshirt-copy,blue-drip-sweatshirt-copy,Blue Drip Sweatshirt,2299.00,01_RAW_DATA\collections_html\TONES-COL-0055.html
TONES-COL-0055,https://www.tonesfashion.com/collections/new-launches/products/brown-checks-flanel,brown-checks-flanel,Brown Checks Flannel,2999.00,01_RAW_DATA\collections_html\TONES-COL-0055.html
TONES-COL-0056,https://www.tonesfashion.com/collections/offers/products/gods-master-piece-white-copy,gods-master-piece-white-copy,GOD'S MASTER PIECE GREEN,1200.00,01_RAW_DATA\collections_html\TONES-COL-0056.html
TONES-COL-0056,https://www.tonesfashion.com/collections/offers/products/tones-embroidery-cap-brown,tones-embroidery-cap-brown,Tones Embroidery Cap - Brown,699.00,01_RAW_DATA\collections_html\TONES-COL-0056.html
TONES-COL-0056,https://www.tonesfashion.com/collections/offers/products/maroon-satin-shirt,maroon-satin-shirt,Maroon Satin Shirt,1999.00,01_RAW_DATA\collections_html\TONES-COL-0056.html
TONES-COL-0056,https://www.tonesfashion.com/collections/offers/products/white-bloom-shirt,white-bloom-shirt,WHITE - BLOOM SHIRT,2000.00,01_RAW_DATA\collections_html\TONES-COL-0056.html
TONES-COL-0056,https://www.tonesfashion.com/collections/offers/products/red-drip-sweatshirt,red-drip-sweatshirt,Red Drip Sweatshirt,2299.00,01_RAW_DATA\collections_html\TONES-COL-0056.html
TONES-COL-0056,https://www.tonesfashion.com/collections/offers/products/electric-blue-satin-shirt,electric-blue-satin-shirt,Electric Blue Satin Shirt,1999.00,01_RAW_DATA\collections_html\TONES-COL-0056.html
TONES-COL-0056,https://www.tonesfashion.com/collections/offers/products/grey-chions,grey-chions,GREY CHINOS,3499.00,01_RAW_DATA\collections_html\TONES-COL-0056.html
TONES-COL-0056,https://www.tonesfashion.com/collections/offers/products/tones-original-black,tones-original-black,Tones Original - Black,1499.00,01_RAW_DATA\collections_html\TONES-COL-0056.html
TONES-COL-0056,https://www.tonesfashion.com/collections/offers/products/dark-brown-chions,dark-brown-chions,DARK BROWN CHINOS,3499.00,01_RAW_DATA\collections_html\TONES-COL-0056.html
TONES-COL-0056,https://www.tonesfashion.com/collections/offers/products/blue-checks-flanel,blue-checks-flanel,Blue Checks Flannel,2999.00,01_RAW_DATA\collections_html\TONES-COL-0056.html
TONES-COL-0056,https://www.tonesfashion.com/collections/offers/products/blue-drip-sweatshirt-copy,blue-drip-sweatshirt-copy,Blue Drip Sweatshirt,2299.00,01_RAW_DATA\collections_html\TONES-COL-0056.html
TONES-COL-0056,https://www.tonesfashion.com/collections/offers/products/brown-double-pocket-shacket,brown-double-pocket-shacket,BROWN DOUBLE POCKET FLANNEL SHACKET,3499.00,01_RAW_DATA\collections_html\TONES-COL-0056.html
TONES-COL-0056,https://www.tonesfashion.com/collections/offers/products/dark-blue-checks-flanel,dark-blue-checks-flanel,Dark Blue Checks Flannel,2999.00,01_RAW_DATA\collections_html\TONES-COL-0056.html
TONES-COL-0056,https://www.tonesfashion.com/collections/offers/products/grey-checks-flanel,grey-checks-flanel,Grey Checks Flannel,2999.00,01_RAW_DATA\collections_html\TONES-COL-0056.html
TONES-COL-0056,https://www.tonesfashion.com/collections/offers/products/charcoal-grey-flannel-double-pocket-shirt,charcoal-grey-flannel-double-pocket-shirt,CHARCOAL GREY DOUBLE POCKET FLANNEL SHIRT,2499.00,01_RAW_DATA\collections_html\TONES-COL-0056.html
TONES-COL-0056,https://www.tonesfashion.com/collections/offers/products/dobby-burnt-orange-shirt,dobby-burnt-orange-shirt,DOBBY BURNT ORANGE SHIRT,2000.00,01_RAW_DATA\collections_html\TONES-COL-0056.html
TONES-COL-0056,https://www.tonesfashion.com/collections/offers/products/grey-double-pocket-shacket,grey-double-pocket-shacket,GREY DOUBLE POCKET FLANNEL SHACKET,3499.00,01_RAW_DATA\collections_html\TONES-COL-0056.html
TONES-COL-0056,https://www.tonesfashion.com/collections/offers/products/double-pocket-black-shirt,double-pocket-black-shirt,Black - Double Pocket Shirt,2000.00,01_RAW_DATA\collections_html\TONES-COL-0056.html
TONES-COL-0056,https://www.tonesfashion.com/collections/offers/products/brown-checks-flanel,brown-checks-flanel,Brown Checks Flannel,2999.00,01_RAW_DATA\collections_html\TONES-COL-0056.html
TONES-COL-0056,https://www.tonesfashion.com/collections/offers/products/3-t-shirt-combo,3-t-shirt-combo,3 T-shirt Combo,1999.00,01_RAW_DATA\collections_html\TONES-COL-0056.html
TONES-COL-0056,https://www.tonesfashion.com/collections/offers/products/acid-wash-muscle-tee,acid-wash-muscle-tee,ACID WASH MUSCLE TEE,1299.00,01_RAW_DATA\collections_html\TONES-COL-0056.html
TONES-COL-0056,https://www.tonesfashion.com/collections/offers/products/anti-perfect-tee-cofee-beige,anti-perfect-tee-cofee-beige,ANTI-PERFECT OVERSIZED TEE - COFEE BEIGE,1499.00,01_RAW_DATA\collections_html\TONES-COL-0056.html
TONES-COL-0056,https://www.tonesfashion.com/collections/offers/products/black-flannel-double-pocket-shirt,black-flannel-double-pocket-shirt,BLACK DOUBLE POCKET FLANNEL SHIRT,2499.00,01_RAW_DATA\collections_html\TONES-COL-0056.html
TONES-COL-0056,https://www.tonesfashion.com/collections/offers/products/deep-sage-gauze-cotton-shirt-copy,deep-sage-gauze-cotton-shirt-copy,Blue Oxford Shirt,2499.00,01_RAW_DATA\collections_html\TONES-COL-0056.html
TONES-COL-0056,https://www.tonesfashion.com/collections/offers/products/rustic-brown-acid-wash-t-shirt,rustic-brown-acid-wash-t-shirt,Brown Acid Wash Ringer T-Shirt,1599.00,01_RAW_DATA\collections_html\TONES-COL-0056.html
TONES-COL-0056,https://www.tonesfashion.com/collections/offers/products/burgundy-satin-shirt,burgundy-satin-shirt,Burgundy - Satin Shirt,2499.00,01_RAW_DATA\collections_html\TONES-COL-0056.html
TONES-COL-0057,https://www.tonesfashion.com/collections/pants/products/grey-chions,grey-chions,GREY CHINOS,3499.00,01_RAW_DATA\collections_html\TONES-COL-0057.html
TONES-COL-0057,https://www.tonesfashion.com/collections/pants/products/dark-brown-chions,dark-brown-chions,DARK BROWN CHINOS,3499.00,01_RAW_DATA\collections_html\TONES-COL-0057.html
TONES-COL-0057,https://www.tonesfashion.com/collections/pants/products/olive-green-chions,olive-green-chions,OLIVE GREEN CHINOS,3499.00,01_RAW_DATA\collections_html\TONES-COL-0057.html
TONES-COL-0057,https://www.tonesfashion.com/collections/pants/products/grey-cargo,grey-cargo,Grey Cargo,3499.00,01_RAW_DATA\collections_html\TONES-COL-0057.html
TONES-COL-0057,https://www.tonesfashion.com/collections/pants/products/olive-green-cargos,olive-green-cargos,Olive Green Cargo,3499.00,01_RAW_DATA\collections_html\TONES-COL-0057.html
TONES-COL-0057,https://www.tonesfashion.com/collections/pants/products/3-t-shirt-combo,3-t-shirt-combo,3 T-shirt Combo,1999.00,01_RAW_DATA\collections_html\TONES-COL-0057.html
TONES-COL-0057,https://www.tonesfashion.com/collections/pants/products/acid-wash-muscle-tee,acid-wash-muscle-tee,ACID WASH MUSCLE TEE,1299.00,01_RAW_DATA\collections_html\TONES-COL-0057.html
TONES-COL-0057,https://www.tonesfashion.com/collections/pants/products/anti-perfect-tee-cofee-beige,anti-perfect-tee-cofee-beige,ANTI-PERFECT OVERSIZED TEE - COFEE BEIGE,1499.00,01_RAW_DATA\collections_html\TONES-COL-0057.html
TONES-COL-0057,https://www.tonesfashion.com/collections/pants/products/double-pocket-black-shirt,double-pocket-black-shirt,Black - Double Pocket Shirt,2000.00,01_RAW_DATA\collections_html\TONES-COL-0057.html
TONES-COL-0057,https://www.tonesfashion.com/collections/pants/products/black-flannel-double-pocket-shirt,black-flannel-double-pocket-shirt,BLACK DOUBLE POCKET FLANNEL SHIRT,2499.00,01_RAW_DATA\collections_html\TONES-COL-0057.html
TONES-COL-0057,https://www.tonesfashion.com/collections/pants/products/blue-checks-flanel,blue-checks-flanel,Blue Checks Flannel,2999.00,01_RAW_DATA\collections_html\TONES-COL-0057.html
TONES-COL-0057,https://www.tonesfashion.com/collections/pants/products/blue-drip-sweatshirt-copy,blue-drip-sweatshirt-copy,Blue Drip Sweatshirt,2299.00,01_RAW_DATA\collections_html\TONES-COL-0057.html
TONES-COL-0057,https://www.tonesfashion.com/collections/pants/products/deep-sage-gauze-cotton-shirt-copy,deep-sage-gauze-cotton-shirt-copy,Blue Oxford Shirt,2499.00,01_RAW_DATA\collections_html\TONES-COL-0057.html
TONES-COL-0057,https://www.tonesfashion.com/collections/pants/products/rustic-brown-acid-wash-t-shirt,rustic-brown-acid-wash-t-shirt,Brown Acid Wash Ringer T-Shirt,1599.00,01_RAW_DATA\collections_html\TONES-COL-0057.html
TONES-COL-0057,https://www.tonesfashion.com/collections/pants/products/brown-checks-flanel,brown-checks-flanel,Brown Checks Flannel,2999.00,01_RAW_DATA\collections_html\TONES-COL-0057.html
TONES-COL-0057,https://www.tonesfashion.com/collections/pants/products/brown-double-pocket-shacket,brown-double-pocket-shacket,BROWN DOUBLE POCKET FLANNEL SHACKET,3499.00,01_RAW_DATA\collections_html\TONES-COL-0057.html
TONES-COL-0057,https://www.tonesfashion.com/collections/pants/products/burgundy-satin-shirt,burgundy-satin-shirt,Burgundy - Satin Shirt,2499.00,01_RAW_DATA\collections_html\TONES-COL-0057.html
TONES-COL-0058,https://www.tonesfashion.com/collections/polo-t-shirts/products/3-t-shirt-combo,3-t-shirt-combo,3 T-shirt Combo,1999.00,01_RAW_DATA\collections_html\TONES-COL-0058.html
TONES-COL-0058,https://www.tonesfashion.com/collections/polo-t-shirts/products/acid-wash-muscle-tee,acid-wash-muscle-tee,ACID WASH MUSCLE TEE,1299.00,01_RAW_DATA\collections_html\TONES-COL-0058.html
TONES-COL-0058,https://www.tonesfashion.com/collections/polo-t-shirts/products/anti-perfect-tee-cofee-beige,anti-perfect-tee-cofee-beige,ANTI-PERFECT OVERSIZED TEE - COFEE BEIGE,1499.00,01_RAW_DATA\collections_html\TONES-COL-0058.html
TONES-COL-0058,https://www.tonesfashion.com/collections/polo-t-shirts/products/double-pocket-black-shirt,double-pocket-black-shirt,Black - Double Pocket Shirt,2000.00,01_RAW_DATA\collections_html\TONES-COL-0058.html
TONES-COL-0058,https://www.tonesfashion.com/collections/polo-t-shirts/products/black-flannel-double-pocket-shirt,black-flannel-double-pocket-shirt,BLACK DOUBLE POCKET FLANNEL SHIRT,2499.00,01_RAW_DATA\collections_html\TONES-COL-0058.html
TONES-COL-0058,https://www.tonesfashion.com/collections/polo-t-shirts/products/blue-checks-flanel,blue-checks-flanel,Blue Checks Flannel,2999.00,01_RAW_DATA\collections_html\TONES-COL-0058.html
TONES-COL-0058,https://www.tonesfashion.com/collections/polo-t-shirts/products/blue-drip-sweatshirt-copy,blue-drip-sweatshirt-copy,Blue Drip Sweatshirt,2299.00,01_RAW_DATA\collections_html\TONES-COL-0058.html
TONES-COL-0058,https://www.tonesfashion.com/collections/polo-t-shirts/products/deep-sage-gauze-cotton-shirt-copy,deep-sage-gauze-cotton-shirt-copy,Blue Oxford Shirt,2499.00,01_RAW_DATA\collections_html\TONES-COL-0058.html
TONES-COL-0058,https://www.tonesfashion.com/collections/polo-t-shirts/products/rustic-brown-acid-wash-t-shirt,rustic-brown-acid-wash-t-shirt,Brown Acid Wash Ringer T-Shirt,1599.00,01_RAW_DATA\collections_html\TONES-COL-0058.html
TONES-COL-0058,https://www.tonesfashion.com/collections/polo-t-shirts/products/brown-checks-flanel,brown-checks-flanel,Brown Checks Flannel,2999.00,01_RAW_DATA\collections_html\TONES-COL-0058.html
TONES-COL-0058,https://www.tonesfashion.com/collections/polo-t-shirts/products/brown-double-pocket-shacket,brown-double-pocket-shacket,BROWN DOUBLE POCKET FLANNEL SHACKET,3499.00,01_RAW_DATA\collections_html\TONES-COL-0058.html
TONES-COL-0058,https://www.tonesfashion.com/collections/polo-t-shirts/products/burgundy-satin-shirt,burgundy-satin-shirt,Burgundy - Satin Shirt,2499.00,01_RAW_DATA\collections_html\TONES-COL-0058.html
TONES-COL-0059,https://www.tonesfashion.com/collections/pongal-sale/products/3-t-shirt-combo,3-t-shirt-combo,3 T-shirt Combo,1999.00,01_RAW_DATA\collections_html\TONES-COL-0059.html
TONES-COL-0059,https://www.tonesfashion.com/collections/pongal-sale/products/acid-wash-muscle-tee,acid-wash-muscle-tee,ACID WASH MUSCLE TEE,1299.00,01_RAW_DATA\collections_html\TONES-COL-0059.html
TONES-COL-0059,https://www.tonesfashion.com/collections/pongal-sale/products/anti-perfect-tee-cofee-beige,anti-perfect-tee-cofee-beige,ANTI-PERFECT OVERSIZED TEE - COFEE BEIGE,1499.00,01_RAW_DATA\collections_html\TONES-COL-0059.html
TONES-COL-0059,https://www.tonesfashion.com/collections/pongal-sale/products/double-pocket-black-shirt,double-pocket-black-shirt,Black - Double Pocket Shirt,2000.00,01_RAW_DATA\collections_html\TONES-COL-0059.html
TONES-COL-0059,https://www.tonesfashion.com/collections/pongal-sale/products/black-flannel-double-pocket-shirt,black-flannel-double-pocket-shirt,BLACK DOUBLE POCKET FLANNEL SHIRT,2499.00,01_RAW_DATA\collections_html\TONES-COL-0059.html
TONES-COL-0059,https://www.tonesfashion.com/collections/pongal-sale/products/blue-checks-flanel,blue-checks-flanel,Blue Checks Flannel,2999.00,01_RAW_DATA\collections_html\TONES-COL-0059.html
TONES-COL-0059,https://www.tonesfashion.com/collections/pongal-sale/products/blue-drip-sweatshirt-copy,blue-drip-sweatshirt-copy,Blue Drip Sweatshirt,2299.00,01_RAW_DATA\collections_html\TONES-COL-0059.html
TONES-COL-0059,https://www.tonesfashion.com/collections/pongal-sale/products/deep-sage-gauze-cotton-shirt-copy,deep-sage-gauze-cotton-shirt-copy,Blue Oxford Shirt,2499.00,01_RAW_DATA\collections_html\TONES-COL-0059.html
TONES-COL-0059,https://www.tonesfashion.com/collections/pongal-sale/products/rustic-brown-acid-wash-t-shirt,rustic-brown-acid-wash-t-shirt,Brown Acid Wash Ringer T-Shirt,1599.00,01_RAW_DATA\collections_html\TONES-COL-0059.html
TONES-COL-0059,https://www.tonesfashion.com/collections/pongal-sale/products/brown-checks-flanel,brown-checks-flanel,Brown Checks Flannel,2999.00,01_RAW_DATA\collections_html\TONES-COL-0059.html
TONES-COL-0059,https://www.tonesfashion.com/collections/pongal-sale/products/brown-double-pocket-shacket,brown-double-pocket-shacket,BROWN DOUBLE POCKET FLANNEL SHACKET,3499.00,01_RAW_DATA\collections_html\TONES-COL-0059.html
TONES-COL-0059,https://www.tonesfashion.com/collections/pongal-sale/products/burgundy-satin-shirt,burgundy-satin-shirt,Burgundy - Satin Shirt,2499.00,01_RAW_DATA\collections_html\TONES-COL-0059.html
TONES-COL-0060,https://www.tonesfashion.com/collections/pongal24/products/3-t-shirt-combo,3-t-shirt-combo,3 T-shirt Combo,1999.00,01_RAW_DATA\collections_html\TONES-COL-0060.html
TONES-COL-0060,https://www.tonesfashion.com/collections/pongal24/products/acid-wash-muscle-tee,acid-wash-muscle-tee,ACID WASH MUSCLE TEE,1299.00,01_RAW_DATA\collections_html\TONES-COL-0060.html
TONES-COL-0060,https://www.tonesfashion.com/collections/pongal24/products/anti-perfect-tee-cofee-beige,anti-perfect-tee-cofee-beige,ANTI-PERFECT OVERSIZED TEE - COFEE BEIGE,1499.00,01_RAW_DATA\collections_html\TONES-COL-0060.html
TONES-COL-0060,https://www.tonesfashion.com/collections/pongal24/products/double-pocket-black-shirt,double-pocket-black-shirt,Black - Double Pocket Shirt,2000.00,01_RAW_DATA\collections_html\TONES-COL-0060.html
TONES-COL-0060,https://www.tonesfashion.com/collections/pongal24/products/black-flannel-double-pocket-shirt,black-flannel-double-pocket-shirt,BLACK DOUBLE POCKET FLANNEL SHIRT,2499.00,01_RAW_DATA\collections_html\TONES-COL-0060.html
TONES-COL-0060,https://www.tonesfashion.com/collections/pongal24/products/blue-checks-flanel,blue-checks-flanel,Blue Checks Flannel,2999.00,01_RAW_DATA\collections_html\TONES-COL-0060.html
TONES-COL-0060,https://www.tonesfashion.com/collections/pongal24/products/blue-drip-sweatshirt-copy,blue-drip-sweatshirt-copy,Blue Drip Sweatshirt,2299.00,01_RAW_DATA\collections_html\TONES-COL-0060.html
TONES-COL-0060,https://www.tonesfashion.com/collections/pongal24/products/deep-sage-gauze-cotton-shirt-copy,deep-sage-gauze-cotton-shirt-copy,Blue Oxford Shirt,2499.00,01_RAW_DATA\collections_html\TONES-COL-0060.html
TONES-COL-0060,https://www.tonesfashion.com/collections/pongal24/products/rustic-brown-acid-wash-t-shirt,rustic-brown-acid-wash-t-shirt,Brown Acid Wash Ringer T-Shirt,1599.00,01_RAW_DATA\collections_html\TONES-COL-0060.html
TONES-COL-0060,https://www.tonesfashion.com/collections/pongal24/products/brown-checks-flanel,brown-checks-flanel,Brown Checks Flannel,2999.00,01_RAW_DATA\collections_html\TONES-COL-0060.html
TONES-COL-0060,https://www.tonesfashion.com/collections/pongal24/products/brown-double-pocket-shacket,brown-double-pocket-shacket,BROWN DOUBLE POCKET FLANNEL SHACKET,3499.00,01_RAW_DATA\collections_html\TONES-COL-0060.html
TONES-COL-0060,https://www.tonesfashion.com/collections/pongal24/products/burgundy-satin-shirt,burgundy-satin-shirt,Burgundy - Satin Shirt,2499.00,01_RAW_DATA\collections_html\TONES-COL-0060.html
TONES-COL-0061,https://www.tonesfashion.com/collections/product-page/products/3-t-shirt-combo,3-t-shirt-combo,3 T-shirt Combo,1999.00,01_RAW_DATA\collections_html\TONES-COL-0061.html
TONES-COL-0061,https://www.tonesfashion.com/collections/product-page/products/acid-wash-muscle-tee,acid-wash-muscle-tee,ACID WASH MUSCLE TEE,1299.00,01_RAW_DATA\collections_html\TONES-COL-0061.html
TONES-COL-0061,https://www.tonesfashion.com/collections/product-page/products/anti-perfect-tee-cofee-beige,anti-perfect-tee-cofee-beige,ANTI-PERFECT OVERSIZED TEE - COFEE BEIGE,1499.00,01_RAW_DATA\collections_html\TONES-COL-0061.html
TONES-COL-0061,https://www.tonesfashion.com/collections/product-page/products/double-pocket-black-shirt,double-pocket-black-shirt,Black - Double Pocket Shirt,2000.00,01_RAW_DATA\collections_html\TONES-COL-0061.html
TONES-COL-0061,https://www.tonesfashion.com/collections/product-page/products/black-flannel-double-pocket-shirt,black-flannel-double-pocket-shirt,BLACK DOUBLE POCKET FLANNEL SHIRT,2499.00,01_RAW_DATA\collections_html\TONES-COL-0061.html
TONES-COL-0061,https://www.tonesfashion.com/collections/product-page/products/blue-checks-flanel,blue-checks-flanel,Blue Checks Flannel,2999.00,01_RAW_DATA\collections_html\TONES-COL-0061.html
TONES-COL-0061,https://www.tonesfashion.com/collections/product-page/products/blue-drip-sweatshirt-copy,blue-drip-sweatshirt-copy,Blue Drip Sweatshirt,2299.00,01_RAW_DATA\collections_html\TONES-COL-0061.html
TONES-COL-0061,https://www.tonesfashion.com/collections/product-page/products/deep-sage-gauze-cotton-shirt-copy,deep-sage-gauze-cotton-shirt-copy,Blue Oxford Shirt,2499.00,01_RAW_DATA\collections_html\TONES-COL-0061.html
TONES-COL-0061,https://www.tonesfashion.com/collections/product-page/products/rustic-brown-acid-wash-t-shirt,rustic-brown-acid-wash-t-shirt,Brown Acid Wash Ringer T-Shirt,1599.00,01_RAW_DATA\collections_html\TONES-COL-0061.html
TONES-COL-0061,https://www.tonesfashion.com/collections/product-page/products/brown-checks-flanel,brown-checks-flanel,Brown Checks Flannel,2999.00,01_RAW_DATA\collections_html\TONES-COL-0061.html
TONES-COL-0061,https://www.tonesfashion.com/collections/product-page/products/brown-double-pocket-shacket,brown-double-pocket-shacket,BROWN DOUBLE POCKET FLANNEL SHACKET,3499.00,01_RAW_DATA\collections_html\TONES-COL-0061.html
TONES-COL-0061,https://www.tonesfashion.com/collections/product-page/products/burgundy-satin-shirt,burgundy-satin-shirt,Burgundy - Satin Shirt,2499.00,01_RAW_DATA\collections_html\TONES-COL-0061.html
TONES-COL-0062,https://www.tonesfashion.com/collections/resort-shirts/products/3-t-shirt-combo,3-t-shirt-combo,3 T-shirt Combo,1999.00,01_RAW_DATA\collections_html\TONES-COL-0062.html
TONES-COL-0062,https://www.tonesfashion.com/collections/resort-shirts/products/acid-wash-muscle-tee,acid-wash-muscle-tee,ACID WASH MUSCLE TEE,1299.00,01_RAW_DATA\collections_html\TONES-COL-0062.html
TONES-COL-0062,https://www.tonesfashion.com/collections/resort-shirts/products/anti-perfect-tee-cofee-beige,anti-perfect-tee-cofee-beige,ANTI-PERFECT OVERSIZED TEE - COFEE BEIGE,1499.00,01_RAW_DATA\collections_html\TONES-COL-0062.html
TONES-COL-0062,https://www.tonesfashion.com/collections/resort-shirts/products/double-pocket-black-shirt,double-pocket-black-shirt,Black - Double Pocket Shirt,2000.00,01_RAW_DATA\collections_html\TONES-COL-0062.html
TONES-COL-0062,https://www.tonesfashion.com/collections/resort-shirts/products/black-flannel-double-pocket-shirt,black-flannel-double-pocket-shirt,BLACK DOUBLE POCKET FLANNEL SHIRT,2499.00,01_RAW_DATA\collections_html\TONES-COL-0062.html
TONES-COL-0062,https://www.tonesfashion.com/collections/resort-shirts/products/blue-checks-flanel,blue-checks-flanel,Blue Checks Flannel,2999.00,01_RAW_DATA\collections_html\TONES-COL-0062.html
TONES-COL-0062,https://www.tonesfashion.com/collections/resort-shirts/products/blue-drip-sweatshirt-copy,blue-drip-sweatshirt-copy,Blue Drip Sweatshirt,2299.00,01_RAW_DATA\collections_html\TONES-COL-0062.html
TONES-COL-0062,https://www.tonesfashion.com/collections/resort-shirts/products/deep-sage-gauze-cotton-shirt-copy,deep-sage-gauze-cotton-shirt-copy,Blue Oxford Shirt,2499.00,01_RAW_DATA\collections_html\TONES-COL-0062.html
TONES-COL-0062,https://www.tonesfashion.com/collections/resort-shirts/products/rustic-brown-acid-wash-t-shirt,rustic-brown-acid-wash-t-shirt,Brown Acid Wash Ringer T-Shirt,1599.00,01_RAW_DATA\collections_html\TONES-COL-0062.html
TONES-COL-0062,https://www.tonesfashion.com/collections/resort-shirts/products/brown-checks-flanel,brown-checks-flanel,Brown Checks Flannel,2999.00,01_RAW_DATA\collections_html\TONES-COL-0062.html
TONES-COL-0062,https://www.tonesfashion.com/collections/resort-shirts/products/brown-double-pocket-shacket,brown-double-pocket-shacket,BROWN DOUBLE POCKET FLANNEL SHACKET,3499.00,01_RAW_DATA\collections_html\TONES-COL-0062.html
TONES-COL-0062,https://www.tonesfashion.com/collections/resort-shirts/products/burgundy-satin-shirt,burgundy-satin-shirt,Burgundy - Satin Shirt,2499.00,01_RAW_DATA\collections_html\TONES-COL-0062.html
TONES-COL-0063,https://www.tonesfashion.com/collections/resort-shirts-1/products/3-t-shirt-combo,3-t-shirt-combo,3 T-shirt Combo,1999.00,01_RAW_DATA\collections_html\TONES-COL-0063.html
TONES-COL-0063,https://www.tonesfashion.com/collections/resort-shirts-1/products/acid-wash-muscle-tee,acid-wash-muscle-tee,ACID WASH MUSCLE TEE,1299.00,01_RAW_DATA\collections_html\TONES-COL-0063.html
TONES-COL-0063,https://www.tonesfashion.com/collections/resort-shirts-1/products/anti-perfect-tee-cofee-beige,anti-perfect-tee-cofee-beige,ANTI-PERFECT OVERSIZED TEE - COFEE BEIGE,1499.00,01_RAW_DATA\collections_html\TONES-COL-0063.html
TONES-COL-0063,https://www.tonesfashion.com/collections/resort-shirts-1/products/double-pocket-black-shirt,double-pocket-black-shirt,Black - Double Pocket Shirt,2000.00,01_RAW_DATA\collections_html\TONES-COL-0063.html
TONES-COL-0063,https://www.tonesfashion.com/collections/resort-shirts-1/products/black-flannel-double-pocket-shirt,black-flannel-double-pocket-shirt,BLACK DOUBLE POCKET FLANNEL SHIRT,2499.00,01_RAW_DATA\collections_html\TONES-COL-0063.html
TONES-COL-0063,https://www.tonesfashion.com/collections/resort-shirts-1/products/blue-checks-flanel,blue-checks-flanel,Blue Checks Flannel,2999.00,01_RAW_DATA\collections_html\TONES-COL-0063.html
TONES-COL-0063,https://www.tonesfashion.com/collections/resort-shirts-1/products/blue-drip-sweatshirt-copy,blue-drip-sweatshirt-copy,Blue Drip Sweatshirt,2299.00,01_RAW_DATA\collections_html\TONES-COL-0063.html
TONES-COL-0063,https://www.tonesfashion.com/collections/resort-shirts-1/products/deep-sage-gauze-cotton-shirt-copy,deep-sage-gauze-cotton-shirt-copy,Blue Oxford Shirt,2499.00,01_RAW_DATA\collections_html\TONES-COL-0063.html
TONES-COL-0063,https://www.tonesfashion.com/collections/resort-shirts-1/products/rustic-brown-acid-wash-t-shirt,rustic-brown-acid-wash-t-shirt,Brown Acid Wash Ringer T-Shirt,1599.00,01_RAW_DATA\collections_html\TONES-COL-0063.html
TONES-COL-0063,https://www.tonesfashion.com/collections/resort-shirts-1/products/brown-checks-flanel,brown-checks-flanel,Brown Checks Flannel,2999.00,01_RAW_DATA\collections_html\TONES-COL-0063.html
TONES-COL-0063,https://www.tonesfashion.com/collections/resort-shirts-1/products/brown-double-pocket-shacket,brown-double-pocket-shacket,BROWN DOUBLE POCKET FLANNEL SHACKET,3499.00,01_RAW_DATA\collections_html\TONES-COL-0063.html
TONES-COL-0063,https://www.tonesfashion.com/collections/resort-shirts-1/products/burgundy-satin-shirt,burgundy-satin-shirt,Burgundy - Satin Shirt,2499.00,01_RAW_DATA\collections_html\TONES-COL-0063.html
TONES-COL-0064,https://www.tonesfashion.com/collections/selling-fast/products/tones-embroidery-cap-brown,tones-embroidery-cap-brown,Tones Embroidery Cap - Brown,699.00,01_RAW_DATA\collections_html\TONES-COL-0064.html
TONES-COL-0064,https://www.tonesfashion.com/collections/selling-fast/products/3-t-shirt-combo,3-t-shirt-combo,3 T-shirt Combo,1999.00,01_RAW_DATA\collections_html\TONES-COL-0064.html
TONES-COL-0064,https://www.tonesfashion.com/collections/selling-fast/products/acid-wash-muscle-tee,acid-wash-muscle-tee,ACID WASH MUSCLE TEE,1299.00,01_RAW_DATA\collections_html\TONES-COL-0064.html
TONES-COL-0064,https://www.tonesfashion.com/collections/selling-fast/products/anti-perfect-tee-cofee-beige,anti-perfect-tee-cofee-beige,ANTI-PERFECT OVERSIZED TEE - COFEE BEIGE,1499.00,01_RAW_DATA\collections_html\TONES-COL-0064.html
TONES-COL-0064,https://www.tonesfashion.com/collections/selling-fast/products/double-pocket-black-shirt,double-pocket-black-shirt,Black - Double Pocket Shirt,2000.00,01_RAW_DATA\collections_html\TONES-COL-0064.html
TONES-COL-0064,https://www.tonesfashion.com/collections/selling-fast/products/black-flannel-double-pocket-shirt,black-flannel-double-pocket-shirt,BLACK DOUBLE POCKET FLANNEL SHIRT,2499.00,01_RAW_DATA\collections_html\TONES-COL-0064.html
TONES-COL-0064,https://www.tonesfashion.com/collections/selling-fast/products/blue-checks-flanel,blue-checks-flanel,Blue Checks Flannel,2999.00,01_RAW_DATA\collections_html\TONES-COL-0064.html
TONES-COL-0064,https://www.tonesfashion.com/collections/selling-fast/products/blue-drip-sweatshirt-copy,blue-drip-sweatshirt-copy,Blue Drip Sweatshirt,2299.00,01_RAW_DATA\collections_html\TONES-COL-0064.html
TONES-COL-0064,https://www.tonesfashion.com/collections/selling-fast/products/deep-sage-gauze-cotton-shirt-copy,deep-sage-gauze-cotton-shirt-copy,Blue Oxford Shirt,2499.00,01_RAW_DATA\collections_html\TONES-COL-0064.html
TONES-COL-0064,https://www.tonesfashion.com/collections/selling-fast/products/rustic-brown-acid-wash-t-shirt,rustic-brown-acid-wash-t-shirt,Brown Acid Wash Ringer T-Shirt,1599.00,01_RAW_DATA\collections_html\TONES-COL-0064.html
TONES-COL-0064,https://www.tonesfashion.com/collections/selling-fast/products/brown-checks-flanel,brown-checks-flanel,Brown Checks Flannel,2999.00,01_RAW_DATA\collections_html\TONES-COL-0064.html
TONES-COL-0064,https://www.tonesfashion.com/collections/selling-fast/products/brown-double-pocket-shacket,brown-double-pocket-shacket,BROWN DOUBLE POCKET FLANNEL SHACKET,3499.00,01_RAW_DATA\collections_html\TONES-COL-0064.html
TONES-COL-0064,https://www.tonesfashion.com/collections/selling-fast/products/burgundy-satin-shirt,burgundy-satin-shirt,Burgundy - Satin Shirt,2499.00,01_RAW_DATA\collections_html\TONES-COL-0064.html
TONES-COL-0065,https://www.tonesfashion.com/collections/shirtee/products/pink-oxford-shirt,pink-oxford-shirt,Pink Oxford Shirt,2499.00,01_RAW_DATA\collections_html\TONES-COL-0065.html
TONES-COL-0065,https://www.tonesfashion.com/collections/shirtee/products/yellow-oxford-shirt,yellow-oxford-shirt,Yellow Oxford Shirt,2499.00,01_RAW_DATA\collections_html\TONES-COL-0065.html
TONES-COL-0065,https://www.tonesfashion.com/collections/shirtee/products/blue-oxford-shirt-copy,blue-oxford-shirt-copy,Sage Oxford Shirt,2499.00,01_RAW_DATA\collections_html\TONES-COL-0065.html
TONES-COL-0065,https://www.tonesfashion.com/collections/shirtee/products/deep-sage-gauze-cotton-shirt-copy,deep-sage-gauze-cotton-shirt-copy,Blue Oxford Shirt,2499.00,01_RAW_DATA\collections_html\TONES-COL-0065.html
TONES-COL-0065,https://www.tonesfashion.com/collections/shirtee/products/deep-sage-gauze-cotton-shirt,deep-sage-gauze-cotton-shirt,Deep Sage - Gauze Cotton Shirt,1799.00,01_RAW_DATA\collections_html\TONES-COL-0065.html
TONES-COL-0065,https://www.tonesfashion.com/collections/shirtee/products/muted-peach-gauze-cotton-shirt,muted-peach-gauze-cotton-shirt,Muted Peach - Gauze Cotton Shirt,1799.00,01_RAW_DATA\collections_html\TONES-COL-0065.html
TONES-COL-0065,https://www.tonesfashion.com/collections/shirtee/products/mustard-gauze-cotton-shirt,mustard-gauze-cotton-shirt,Mustard - Gauze Cotton Shirt,1799.00,01_RAW_DATA\collections_html\TONES-COL-0065.html
TONES-COL-0065,https://www.tonesfashion.com/collections/shirtee/products/jet-black-satin-shirt-copy,jet-black-satin-shirt-copy,Soft Lavender - Gauze Cotton Shirt,1799.00,01_RAW_DATA\collections_html\TONES-COL-0065.html
TONES-COL-0065,https://www.tonesfashion.com/collections/shirtee/products/jet-black-shirt,jet-black-shirt,Jet Black - Satin Shirt,2499.00,01_RAW_DATA\collections_html\TONES-COL-0065.html
TONES-COL-0065,https://www.tonesfashion.com/collections/shirtee/products/navy-blue-shirt,navy-blue-shirt,Navy Blue - Satin Shirt,2499.00,01_RAW_DATA\collections_html\TONES-COL-0065.html
TONES-COL-0065,https://www.tonesfashion.com/collections/shirtee/products/burgundy-satin-shirt,burgundy-satin-shirt,Burgundy - Satin Shirt,2499.00,01_RAW_DATA\collections_html\TONES-COL-0065.html
TONES-COL-0065,https://www.tonesfashion.com/collections/shirtee/products/soft-white-satin-shirt-copy,soft-white-satin-shirt-copy,Light Blue - Satin Shirt,2499.00,01_RAW_DATA\collections_html\TONES-COL-0065.html
TONES-COL-0065,https://www.tonesfashion.com/collections/shirtee/products/soft-white-satin-shirt,soft-white-satin-shirt,Soft White - Satin Shirt,2499.00,01_RAW_DATA\collections_html\TONES-COL-0065.html
TONES-COL-0065,https://www.tonesfashion.com/collections/shirtee/products/maroon-courdry-shacket-copy,maroon-courdry-shacket-copy,Mustard Corduroy Shacket,1999.00,01_RAW_DATA\collections_html\TONES-COL-0065.html
TONES-COL-0065,https://www.tonesfashion.com/collections/shirtee/products/navy-blue-courdury-shacket,navy-blue-courdury-shacket,Navy Blue Corduroy Shacket,1999.00,01_RAW_DATA\collections_html\TONES-COL-0065.html
TONES-COL-0065,https://www.tonesfashion.com/collections/shirtee/products/maroon-double-pocket-shirt,maroon-double-pocket-shirt,MAROON DOUBLE POCKET FLANNEL SHIRT,2499.00,01_RAW_DATA\collections_html\TONES-COL-0065.html
TONES-COL-0065,https://www.tonesfashion.com/collections/shirtee/products/brown-double-pocket-shacket,brown-double-pocket-shacket,BROWN DOUBLE POCKET FLANNEL SHACKET,3499.00,01_RAW_DATA\collections_html\TONES-COL-0065.html
TONES-COL-0065,https://www.tonesfashion.com/collections/shirtee/products/grey-double-pocket-shacket,grey-double-pocket-shacket,GREY DOUBLE POCKET FLANNEL SHACKET,3499.00,01_RAW_DATA\collections_html\TONES-COL-0065.html
TONES-COL-0065,https://www.tonesfashion.com/collections/shirtee/products/charcoal-grey-flannel-double-pocket-shirt,charcoal-grey-flannel-double-pocket-shirt,CHARCOAL GREY DOUBLE POCKET FLANNEL SHIRT,2499.00,01_RAW_DATA\collections_html\TONES-COL-0065.html
TONES-COL-0065,https://www.tonesfashion.com/collections/shirtee/products/black-flannel-double-pocket-shirt,black-flannel-double-pocket-shirt,BLACK DOUBLE POCKET FLANNEL SHIRT,2499.00,01_RAW_DATA\collections_html\TONES-COL-0065.html
TONES-COL-0065,https://www.tonesfashion.com/collections/shirtee/products/textured-brown-shirt,textured-brown-shirt,DOBBY- BROWN SHIRT,2000.00,01_RAW_DATA\collections_html\TONES-COL-0065.html
TONES-COL-0065,https://www.tonesfashion.com/collections/shirtee/products/jute-light-blue-shirt,jute-light-blue-shirt,JUTE- LIGHT BLUE SHIRT,2000.00,01_RAW_DATA\collections_html\TONES-COL-0065.html
TONES-COL-0065,https://www.tonesfashion.com/collections/shirtee/products/3-t-shirt-combo,3-t-shirt-combo,3 T-shirt Combo,1999.00,01_RAW_DATA\collections_html\TONES-COL-0065.html
TONES-COL-0065,https://www.tonesfashion.com/collections/shirtee/products/acid-wash-muscle-tee,acid-wash-muscle-tee,ACID WASH MUSCLE TEE,1299.00,01_RAW_DATA\collections_html\TONES-COL-0065.html
TONES-COL-0065,https://www.tonesfashion.com/collections/shirtee/products/anti-perfect-tee-cofee-beige,anti-perfect-tee-cofee-beige,ANTI-PERFECT OVERSIZED TEE - COFEE BEIGE,1499.00,01_RAW_DATA\collections_html\TONES-COL-0065.html
TONES-COL-0065,https://www.tonesfashion.com/collections/shirtee/products/double-pocket-black-shirt,double-pocket-black-shirt,Black - Double Pocket Shirt,2000.00,01_RAW_DATA\collections_html\TONES-COL-0065.html
TONES-COL-0065,https://www.tonesfashion.com/collections/shirtee/products/blue-checks-flanel,blue-checks-flanel,Blue Checks Flannel,2999.00,01_RAW_DATA\collections_html\TONES-COL-0065.html
TONES-COL-0065,https://www.tonesfashion.com/collections/shirtee/products/blue-drip-sweatshirt-copy,blue-drip-sweatshirt-copy,Blue Drip Sweatshirt,2299.00,01_RAW_DATA\collections_html\TONES-COL-0065.html
TONES-COL-0065,https://www.tonesfashion.com/collections/shirtee/products/rustic-brown-acid-wash-t-shirt,rustic-brown-acid-wash-t-shirt,Brown Acid Wash Ringer T-Shirt,1599.00,01_RAW_DATA\collections_html\TONES-COL-0065.html
TONES-COL-0065,https://www.tonesfashion.com/collections/shirtee/products/brown-checks-flanel,brown-checks-flanel,Brown Checks Flannel,2999.00,01_RAW_DATA\collections_html\TONES-COL-0065.html
TONES-COL-0066,https://www.tonesfashion.com/collections/shirts/products/jet-black-shirt,jet-black-shirt,Jet Black - Satin Shirt,2499.00,01_RAW_DATA\collections_html\TONES-COL-0066.html
TONES-COL-0066,https://www.tonesfashion.com/collections/shirts/products/navy-blue-shirt,navy-blue-shirt,Navy Blue - Satin Shirt,2499.00,01_RAW_DATA\collections_html\TONES-COL-0066.html
TONES-COL-0066,https://www.tonesfashion.com/collections/shirts/products/burgundy-satin-shirt,burgundy-satin-shirt,Burgundy - Satin Shirt,2499.00,01_RAW_DATA\collections_html\TONES-COL-0066.html
TONES-COL-0066,https://www.tonesfashion.com/collections/shirts/products/soft-white-satin-shirt-copy,soft-white-satin-shirt-copy,Light Blue - Satin Shirt,2499.00,01_RAW_DATA\collections_html\TONES-COL-0066.html
TONES-COL-0066,https://www.tonesfashion.com/collections/shirts/products/soft-white-satin-shirt,soft-white-satin-shirt,Soft White - Satin Shirt,2499.00,01_RAW_DATA\collections_html\TONES-COL-0066.html
TONES-COL-0066,https://www.tonesfashion.com/collections/shirts/products/ivory-sand-modal-shirt,ivory-sand-modal-shirt,Ivory Sand - Modal Shirt,1999.00,01_RAW_DATA\collections_html\TONES-COL-0066.html
TONES-COL-0066,https://www.tonesfashion.com/collections/shirts/products/maroon-courdry-shacket-copy,maroon-courdry-shacket-copy,Mustard Corduroy Shacket,1999.00,01_RAW_DATA\collections_html\TONES-COL-0066.html
TONES-COL-0066,https://www.tonesfashion.com/collections/shirts/products/navy-blue-courdury-shacket,navy-blue-courdury-shacket,Navy Blue Corduroy Shacket,1999.00,01_RAW_DATA\collections_html\TONES-COL-0066.html
TONES-COL-0066,https://www.tonesfashion.com/collections/shirts/products/scenic-still-ness-sage-green-1,scenic-still-ness-sage-green-1,Scenic Stillness Sage Green Short Kurta,2499.00,01_RAW_DATA\collections_html\TONES-COL-0066.html
TONES-COL-0066,https://www.tonesfashion.com/collections/shirts/products/petal-trays-charcoal-green-short-kurta,petal-trays-charcoal-green-short-kurta,Petal Trace Charcoal Green Short Kurta,2499.00,01_RAW_DATA\collections_html\TONES-COL-0066.html
TONES-COL-0066,https://www.tonesfashion.com/collections/shirts/products/petal-trays-teal-blue-short-kurta,petal-trays-teal-blue-short-kurta,Petal Trace Teal Blue Short Kurta,2499.00,01_RAW_DATA\collections_html\TONES-COL-0066.html
TONES-COL-0066,https://www.tonesfashion.com/collections/shirts/products/scenic-still-ness-butter-yellow-short-kurta,scenic-still-ness-butter-yellow-short-kurta,Scenic Stillness Butter Yellow Short Kurta,2499.00,01_RAW_DATA\collections_html\TONES-COL-0066.html
TONES-COL-0066,https://www.tonesfashion.com/collections/shirts/products/tusker-tails-soft-cream-short-kurta,tusker-tails-soft-cream-short-kurta,Tusker Trails Soft Cream Short Kurta,2499.00,01_RAW_DATA\collections_html\TONES-COL-0066.html
TONES-COL-0066,https://www.tonesfashion.com/collections/shirts/products/cream-short-kurta-copy,cream-short-kurta-copy,Tusker Trails Powder Blue Short Kurta,1500.00,01_RAW_DATA\collections_html\TONES-COL-0066.html
TONES-COL-0066,https://www.tonesfashion.com/collections/shirts/products/maroon-double-pocket-shirt,maroon-double-pocket-shirt,MAROON DOUBLE POCKET FLANNEL SHIRT,2499.00,01_RAW_DATA\collections_html\TONES-COL-0066.html
TONES-COL-0066,https://www.tonesfashion.com/collections/shirts/products/brown-double-pocket-shacket,brown-double-pocket-shacket,BROWN DOUBLE POCKET FLANNEL SHACKET,3499.00,01_RAW_DATA\collections_html\TONES-COL-0066.html
TONES-COL-0066,https://www.tonesfashion.com/collections/shirts/products/grey-double-pocket-shacket,grey-double-pocket-shacket,GREY DOUBLE POCKET FLANNEL SHACKET,3499.00,01_RAW_DATA\collections_html\TONES-COL-0066.html
TONES-COL-0066,https://www.tonesfashion.com/collections/shirts/products/charcoal-grey-flannel-double-pocket-shirt,charcoal-grey-flannel-double-pocket-shirt,CHARCOAL GREY DOUBLE POCKET FLANNEL SHIRT,2499.00,01_RAW_DATA\collections_html\TONES-COL-0066.html
TONES-COL-0066,https://www.tonesfashion.com/collections/shirts/products/black-flannel-double-pocket-shirt,black-flannel-double-pocket-shirt,BLACK DOUBLE POCKET FLANNEL SHIRT,2499.00,01_RAW_DATA\collections_html\TONES-COL-0066.html
TONES-COL-0066,https://www.tonesfashion.com/collections/shirts/products/grey-checks-flanel,grey-checks-flanel,Grey Checks Flannel,2999.00,01_RAW_DATA\collections_html\TONES-COL-0066.html
TONES-COL-0066,https://www.tonesfashion.com/collections/shirts/products/dark-blue-checks-flanel,dark-blue-checks-flanel,Dark Blue Checks Flannel,2999.00,01_RAW_DATA\collections_html\TONES-COL-0066.html
TONES-COL-0066,https://www.tonesfashion.com/collections/shirts/products/blue-checks-flanel,blue-checks-flanel,Blue Checks Flannel,2999.00,01_RAW_DATA\collections_html\TONES-COL-0066.html
TONES-COL-0066,https://www.tonesfashion.com/collections/shirts/products/brown-checks-flanel,brown-checks-flanel,Brown Checks Flannel,2999.00,01_RAW_DATA\collections_html\TONES-COL-0066.html
TONES-COL-0066,https://www.tonesfashion.com/collections/shirts/products/karma-white-shirt,karma-white-shirt,Karma - White shirt,3499.00,01_RAW_DATA\collections_html\TONES-COL-0066.html
TONES-COL-0066,https://www.tonesfashion.com/collections/shirts/products/3-t-shirt-combo,3-t-shirt-combo,3 T-shirt Combo,1999.00,01_RAW_DATA\collections_html\TONES-COL-0066.html
TONES-COL-0066,https://www.tonesfashion.com/collections/shirts/products/acid-wash-muscle-tee,acid-wash-muscle-tee,ACID WASH MUSCLE TEE,1299.00,01_RAW_DATA\collections_html\TONES-COL-0066.html
TONES-COL-0066,https://www.tonesfashion.com/collections/shirts/products/anti-perfect-tee-cofee-beige,anti-perfect-tee-cofee-beige,ANTI-PERFECT OVERSIZED TEE - COFEE BEIGE,1499.00,01_RAW_DATA\collections_html\TONES-COL-0066.html
TONES-COL-0066,https://www.tonesfashion.com/collections/shirts/products/double-pocket-black-shirt,double-pocket-black-shirt,Black - Double Pocket Shirt,2000.00,01_RAW_DATA\collections_html\TONES-COL-0066.html
TONES-COL-0066,https://www.tonesfashion.com/collections/shirts/products/blue-drip-sweatshirt-copy,blue-drip-sweatshirt-copy,Blue Drip Sweatshirt,2299.00,01_RAW_DATA\collections_html\TONES-COL-0066.html
TONES-COL-0066,https://www.tonesfashion.com/collections/shirts/products/deep-sage-gauze-cotton-shirt-copy,deep-sage-gauze-cotton-shirt-copy,Blue Oxford Shirt,2499.00,01_RAW_DATA\collections_html\TONES-COL-0066.html
TONES-COL-0066,https://www.tonesfashion.com/collections/shirts/products/rustic-brown-acid-wash-t-shirt,rustic-brown-acid-wash-t-shirt,Brown Acid Wash Ringer T-Shirt,1599.00,01_RAW_DATA\collections_html\TONES-COL-0066.html
TONES-COL-0067,https://www.tonesfashion.com/collections/shirts-1/products/jet-black-satin-shirt-copy,jet-black-satin-shirt-copy,Soft Lavender - Gauze Cotton Shirt,1799.00,01_RAW_DATA\collections_html\TONES-COL-0067.html
TONES-COL-0067,https://www.tonesfashion.com/collections/shirts-1/products/mustard-gauze-cotton-shirt,mustard-gauze-cotton-shirt,Mustard - Gauze Cotton Shirt,1799.00,01_RAW_DATA\collections_html\TONES-COL-0067.html
TONES-COL-0067,https://www.tonesfashion.com/collections/shirts-1/products/muted-peach-gauze-cotton-shirt,muted-peach-gauze-cotton-shirt,Muted Peach - Gauze Cotton Shirt,1799.00,01_RAW_DATA\collections_html\TONES-COL-0067.html
TONES-COL-0067,https://www.tonesfashion.com/collections/shirts-1/products/deep-sage-gauze-cotton-shirt,deep-sage-gauze-cotton-shirt,Deep Sage - Gauze Cotton Shirt,1799.00,01_RAW_DATA\collections_html\TONES-COL-0067.html
TONES-COL-0067,https://www.tonesfashion.com/collections/shirts-1/products/jet-black-shirt,jet-black-shirt,Jet Black - Satin Shirt,2499.00,01_RAW_DATA\collections_html\TONES-COL-0067.html
TONES-COL-0067,https://www.tonesfashion.com/collections/shirts-1/products/navy-blue-shirt,navy-blue-shirt,Navy Blue - Satin Shirt,2499.00,01_RAW_DATA\collections_html\TONES-COL-0067.html
TONES-COL-0067,https://www.tonesfashion.com/collections/shirts-1/products/burgundy-satin-shirt,burgundy-satin-shirt,Burgundy - Satin Shirt,2499.00,01_RAW_DATA\collections_html\TONES-COL-0067.html
TONES-COL-0067,https://www.tonesfashion.com/collections/shirts-1/products/soft-white-satin-shirt-copy,soft-white-satin-shirt-copy,Light Blue - Satin Shirt,2499.00,01_RAW_DATA\collections_html\TONES-COL-0067.html
TONES-COL-0067,https://www.tonesfashion.com/collections/shirts-1/products/soft-white-satin-shirt,soft-white-satin-shirt,Soft White - Satin Shirt,2499.00,01_RAW_DATA\collections_html\TONES-COL-0067.html
TONES-COL-0067,https://www.tonesfashion.com/collections/shirts-1/products/ivory-sand-modal-shirt,ivory-sand-modal-shirt,Ivory Sand - Modal Shirt,1999.00,01_RAW_DATA\collections_html\TONES-COL-0067.html
TONES-COL-0067,https://www.tonesfashion.com/collections/shirts-1/products/maroon-courdry-shacket-copy,maroon-courdry-shacket-copy,Mustard Corduroy Shacket,1999.00,01_RAW_DATA\collections_html\TONES-COL-0067.html
TONES-COL-0067,https://www.tonesfashion.com/collections/shirts-1/products/navy-blue-courdury-shacket,navy-blue-courdury-shacket,Navy Blue Corduroy Shacket,1999.00,01_RAW_DATA\collections_html\TONES-COL-0067.html
TONES-COL-0067,https://www.tonesfashion.com/collections/shirts-1/products/maroon-double-pocket-shirt,maroon-double-pocket-shirt,MAROON DOUBLE POCKET FLANNEL SHIRT,2499.00,01_RAW_DATA\collections_html\TONES-COL-0067.html
TONES-COL-0067,https://www.tonesfashion.com/collections/shirts-1/products/brown-double-pocket-shacket,brown-double-pocket-shacket,BROWN DOUBLE POCKET FLANNEL SHACKET,3499.00,01_RAW_DATA\collections_html\TONES-COL-0067.html
TONES-COL-0067,https://www.tonesfashion.com/collections/shirts-1/products/grey-double-pocket-shacket,grey-double-pocket-shacket,GREY DOUBLE POCKET FLANNEL SHACKET,3499.00,01_RAW_DATA\collections_html\TONES-COL-0067.html
TONES-COL-0067,https://www.tonesfashion.com/collections/shirts-1/products/charcoal-grey-flannel-double-pocket-shirt,charcoal-grey-flannel-double-pocket-shirt,CHARCOAL GREY DOUBLE POCKET FLANNEL SHIRT,2499.00,01_RAW_DATA\collections_html\TONES-COL-0067.html
TONES-COL-0067,https://www.tonesfashion.com/collections/shirts-1/products/black-flannel-double-pocket-shirt,black-flannel-double-pocket-shirt,BLACK DOUBLE POCKET FLANNEL SHIRT,2499.00,01_RAW_DATA\collections_html\TONES-COL-0067.html
TONES-COL-0067,https://www.tonesfashion.com/collections/shirts-1/products/grey-checks-flanel,grey-checks-flanel,Grey Checks Flannel,2999.00,01_RAW_DATA\collections_html\TONES-COL-0067.html
TONES-COL-0067,https://www.tonesfashion.com/collections/shirts-1/products/dark-blue-checks-flanel,dark-blue-checks-flanel,Dark Blue Checks Flannel,2999.00,01_RAW_DATA\collections_html\TONES-COL-0067.html
TONES-COL-0067,https://www.tonesfashion.com/collections/shirts-1/products/blue-checks-flanel,blue-checks-flanel,Blue Checks Flannel,2999.00,01_RAW_DATA\collections_html\TONES-COL-0067.html
TONES-COL-0067,https://www.tonesfashion.com/collections/shirts-1/products/brown-checks-flanel,brown-checks-flanel,Brown Checks Flannel,2999.00,01_RAW_DATA\collections_html\TONES-COL-0067.html
TONES-COL-0067,https://www.tonesfashion.com/collections/shirts-1/products/karma-white-shirt,karma-white-shirt,Karma - White shirt,3499.00,01_RAW_DATA\collections_html\TONES-COL-0067.html
TONES-COL-0067,https://www.tonesfashion.com/collections/shirts-1/products/karma-jet-black-shirt,karma-jet-black-shirt,Karma - Jet Black shirt,3499.00,01_RAW_DATA\collections_html\TONES-COL-0067.html
TONES-COL-0067,https://www.tonesfashion.com/collections/shirts-1/products/marine-rayon,marine-rayon,MARINE CUBAN - SHIRT,2000.00,01_RAW_DATA\collections_html\TONES-COL-0067.html
TONES-COL-0067,https://www.tonesfashion.com/collections/shirts-1/products/3-t-shirt-combo,3-t-shirt-combo,3 T-shirt Combo,1999.00,01_RAW_DATA\collections_html\TONES-COL-0067.html
TONES-COL-0067,https://www.tonesfashion.com/collections/shirts-1/products/acid-wash-muscle-tee,acid-wash-muscle-tee,ACID WASH MUSCLE TEE,1299.00,01_RAW_DATA\collections_html\TONES-COL-0067.html
TONES-COL-0067,https://www.tonesfashion.com/collections/shirts-1/products/anti-perfect-tee-cofee-beige,anti-perfect-tee-cofee-beige,ANTI-PERFECT OVERSIZED TEE - COFEE BEIGE,1499.00,01_RAW_DATA\collections_html\TONES-COL-0067.html
TONES-COL-0067,https://www.tonesfashion.com/collections/shirts-1/products/double-pocket-black-shirt,double-pocket-black-shirt,Black - Double Pocket Shirt,2000.00,01_RAW_DATA\collections_html\TONES-COL-0067.html
TONES-COL-0067,https://www.tonesfashion.com/collections/shirts-1/products/blue-drip-sweatshirt-copy,blue-drip-sweatshirt-copy,Blue Drip Sweatshirt,2299.00,01_RAW_DATA\collections_html\TONES-COL-0067.html
TONES-COL-0067,https://www.tonesfashion.com/collections/shirts-1/products/deep-sage-gauze-cotton-shirt-copy,deep-sage-gauze-cotton-shirt-copy,Blue Oxford Shirt,2499.00,01_RAW_DATA\collections_html\TONES-COL-0067.html
TONES-COL-0067,https://www.tonesfashion.com/collections/shirts-1/products/rustic-brown-acid-wash-t-shirt,rustic-brown-acid-wash-t-shirt,Brown Acid Wash Ringer T-Shirt,1599.00,01_RAW_DATA\collections_html\TONES-COL-0067.html
TONES-COL-0068,https://www.tonesfashion.com/collections/short-kurtas/products/petal-trays-teal-blue-short-kurta,petal-trays-teal-blue-short-kurta,Petal Trace Teal Blue Short Kurta,2499.00,01_RAW_DATA\collections_html\TONES-COL-0068.html
TONES-COL-0068,https://www.tonesfashion.com/collections/short-kurtas/products/tusker-tails-soft-cream-short-kurta,tusker-tails-soft-cream-short-kurta,Tusker Trails Soft Cream Short Kurta,2499.00,01_RAW_DATA\collections_html\TONES-COL-0068.html
TONES-COL-0068,https://www.tonesfashion.com/collections/short-kurtas/products/petal-trays-charcoal-green-short-kurta,petal-trays-charcoal-green-short-kurta,Petal Trace Charcoal Green Short Kurta,2499.00,01_RAW_DATA\collections_html\TONES-COL-0068.html
TONES-COL-0068,https://www.tonesfashion.com/collections/short-kurtas/products/scenic-still-ness-butter-yellow-short-kurta,scenic-still-ness-butter-yellow-short-kurta,Scenic Stillness Butter Yellow Short Kurta,2499.00,01_RAW_DATA\collections_html\TONES-COL-0068.html
TONES-COL-0068,https://www.tonesfashion.com/collections/short-kurtas/products/cream-short-kurta-copy,cream-short-kurta-copy,Tusker Trails Powder Blue Short Kurta,1500.00,01_RAW_DATA\collections_html\TONES-COL-0068.html
TONES-COL-0068,https://www.tonesfashion.com/collections/short-kurtas/products/scenic-still-ness-sage-green-1,scenic-still-ness-sage-green-1,Scenic Stillness Sage Green Short Kurta,2499.00,01_RAW_DATA\collections_html\TONES-COL-0068.html
TONES-COL-0068,https://www.tonesfashion.com/collections/short-kurtas/products/3-t-shirt-combo,3-t-shirt-combo,3 T-shirt Combo,1999.00,01_RAW_DATA\collections_html\TONES-COL-0068.html
TONES-COL-0068,https://www.tonesfashion.com/collections/short-kurtas/products/acid-wash-muscle-tee,acid-wash-muscle-tee,ACID WASH MUSCLE TEE,1299.00,01_RAW_DATA\collections_html\TONES-COL-0068.html
TONES-COL-0068,https://www.tonesfashion.com/collections/short-kurtas/products/anti-perfect-tee-cofee-beige,anti-perfect-tee-cofee-beige,ANTI-PERFECT OVERSIZED TEE - COFEE BEIGE,1499.00,01_RAW_DATA\collections_html\TONES-COL-0068.html
TONES-COL-0068,https://www.tonesfashion.com/collections/short-kurtas/products/double-pocket-black-shirt,double-pocket-black-shirt,Black - Double Pocket Shirt,2000.00,01_RAW_DATA\collections_html\TONES-COL-0068.html
TONES-COL-0068,https://www.tonesfashion.com/collections/short-kurtas/products/black-flannel-double-pocket-shirt,black-flannel-double-pocket-shirt,BLACK DOUBLE POCKET FLANNEL SHIRT,2499.00,01_RAW_DATA\collections_html\TONES-COL-0068.html
TONES-COL-0068,https://www.tonesfashion.com/collections/short-kurtas/products/blue-checks-flanel,blue-checks-flanel,Blue Checks Flannel,2999.00,01_RAW_DATA\collections_html\TONES-COL-0068.html
TONES-COL-0068,https://www.tonesfashion.com/collections/short-kurtas/products/blue-drip-sweatshirt-copy,blue-drip-sweatshirt-copy,Blue Drip Sweatshirt,2299.00,01_RAW_DATA\collections_html\TONES-COL-0068.html
TONES-COL-0068,https://www.tonesfashion.com/collections/short-kurtas/products/deep-sage-gauze-cotton-shirt-copy,deep-sage-gauze-cotton-shirt-copy,Blue Oxford Shirt,2499.00,01_RAW_DATA\collections_html\TONES-COL-0068.html
TONES-COL-0068,https://www.tonesfashion.com/collections/short-kurtas/products/rustic-brown-acid-wash-t-shirt,rustic-brown-acid-wash-t-shirt,Brown Acid Wash Ringer T-Shirt,1599.00,01_RAW_DATA\collections_html\TONES-COL-0068.html
TONES-COL-0068,https://www.tonesfashion.com/collections/short-kurtas/products/brown-checks-flanel,brown-checks-flanel,Brown Checks Flannel,2999.00,01_RAW_DATA\collections_html\TONES-COL-0068.html
TONES-COL-0068,https://www.tonesfashion.com/collections/short-kurtas/products/brown-double-pocket-shacket,brown-double-pocket-shacket,BROWN DOUBLE POCKET FLANNEL SHACKET,3499.00,01_RAW_DATA\collections_html\TONES-COL-0068.html
TONES-COL-0068,https://www.tonesfashion.com/collections/short-kurtas/products/burgundy-satin-shirt,burgundy-satin-shirt,Burgundy - Satin Shirt,2499.00,01_RAW_DATA\collections_html\TONES-COL-0068.html
TONES-COL-0069,https://www.tonesfashion.com/collections/special-edition/products/scenic-still-ness-sage-green-1,scenic-still-ness-sage-green-1,Scenic Stillness Sage Green Short Kurta,2499.00,01_RAW_DATA\collections_html\TONES-COL-0069.html
TONES-COL-0069,https://www.tonesfashion.com/collections/special-edition/products/petal-trays-charcoal-green-short-kurta,petal-trays-charcoal-green-short-kurta,Petal Trace Charcoal Green Short Kurta,2499.00,01_RAW_DATA\collections_html\TONES-COL-0069.html
TONES-COL-0069,https://www.tonesfashion.com/collections/special-edition/products/petal-trays-teal-blue-short-kurta,petal-trays-teal-blue-short-kurta,Petal Trace Teal Blue Short Kurta,2499.00,01_RAW_DATA\collections_html\TONES-COL-0069.html
TONES-COL-0069,https://www.tonesfashion.com/collections/special-edition/products/scenic-still-ness-butter-yellow-short-kurta,scenic-still-ness-butter-yellow-short-kurta,Scenic Stillness Butter Yellow Short Kurta,2499.00,01_RAW_DATA\collections_html\TONES-COL-0069.html
TONES-COL-0069,https://www.tonesfashion.com/collections/special-edition/products/tusker-tails-soft-cream-short-kurta,tusker-tails-soft-cream-short-kurta,Tusker Trails Soft Cream Short Kurta,2499.00,01_RAW_DATA\collections_html\TONES-COL-0069.html
TONES-COL-0069,https://www.tonesfashion.com/collections/special-edition/products/cream-short-kurta-copy,cream-short-kurta-copy,Tusker Trails Powder Blue Short Kurta,1500.00,01_RAW_DATA\collections_html\TONES-COL-0069.html
TONES-COL-0069,https://www.tonesfashion.com/collections/special-edition/products/3-t-shirt-combo,3-t-shirt-combo,3 T-shirt Combo,1999.00,01_RAW_DATA\collections_html\TONES-COL-0069.html
TONES-COL-0069,https://www.tonesfashion.com/collections/special-edition/products/acid-wash-muscle-tee,acid-wash-muscle-tee,ACID WASH MUSCLE TEE,1299.00,01_RAW_DATA\collections_html\TONES-COL-0069.html
TONES-COL-0069,https://www.tonesfashion.com/collections/special-edition/products/anti-perfect-tee-cofee-beige,anti-perfect-tee-cofee-beige,ANTI-PERFECT OVERSIZED TEE - COFEE BEIGE,1499.00,01_RAW_DATA\collections_html\TONES-COL-0069.html
TONES-COL-0069,https://www.tonesfashion.com/collections/special-edition/products/double-pocket-black-shirt,double-pocket-black-shirt,Black - Double Pocket Shirt,2000.00,01_RAW_DATA\collections_html\TONES-COL-0069.html
TONES-COL-0069,https://www.tonesfashion.com/collections/special-edition/products/black-flannel-double-pocket-shirt,black-flannel-double-pocket-shirt,BLACK DOUBLE POCKET FLANNEL SHIRT,2499.00,01_RAW_DATA\collections_html\TONES-COL-0069.html
TONES-COL-0069,https://www.tonesfashion.com/collections/special-edition/products/blue-checks-flanel,blue-checks-flanel,Blue Checks Flannel,2999.00,01_RAW_DATA\collections_html\TONES-COL-0069.html
TONES-COL-0069,https://www.tonesfashion.com/collections/special-edition/products/blue-drip-sweatshirt-copy,blue-drip-sweatshirt-copy,Blue Drip Sweatshirt,2299.00,01_RAW_DATA\collections_html\TONES-COL-0069.html
TONES-COL-0069,https://www.tonesfashion.com/collections/special-edition/products/deep-sage-gauze-cotton-shirt-copy,deep-sage-gauze-cotton-shirt-copy,Blue Oxford Shirt,2499.00,01_RAW_DATA\collections_html\TONES-COL-0069.html
TONES-COL-0069,https://www.tonesfashion.com/collections/special-edition/products/rustic-brown-acid-wash-t-shirt,rustic-brown-acid-wash-t-shirt,Brown Acid Wash Ringer T-Shirt,1599.00,01_RAW_DATA\collections_html\TONES-COL-0069.html
TONES-COL-0069,https://www.tonesfashion.com/collections/special-edition/products/brown-checks-flanel,brown-checks-flanel,Brown Checks Flannel,2999.00,01_RAW_DATA\collections_html\TONES-COL-0069.html
TONES-COL-0069,https://www.tonesfashion.com/collections/special-edition/products/brown-double-pocket-shacket,brown-double-pocket-shacket,BROWN DOUBLE POCKET FLANNEL SHACKET,3499.00,01_RAW_DATA\collections_html\TONES-COL-0069.html
TONES-COL-0069,https://www.tonesfashion.com/collections/special-edition/products/burgundy-satin-shirt,burgundy-satin-shirt,Burgundy - Satin Shirt,2499.00,01_RAW_DATA\collections_html\TONES-COL-0069.html
TONES-COL-0070,https://www.tonesfashion.com/collections/street-muse/products/tones-original-black,tones-original-black,Tones Original - Black,1499.00,01_RAW_DATA\collections_html\TONES-COL-0070.html
TONES-COL-0070,https://www.tonesfashion.com/collections/street-muse/products/3-t-shirt-combo,3-t-shirt-combo,3 T-shirt Combo,1999.00,01_RAW_DATA\collections_html\TONES-COL-0070.html
TONES-COL-0070,https://www.tonesfashion.com/collections/street-muse/products/acid-wash-muscle-tee,acid-wash-muscle-tee,ACID WASH MUSCLE TEE,1299.00,01_RAW_DATA\collections_html\TONES-COL-0070.html
TONES-COL-0070,https://www.tonesfashion.com/collections/street-muse/products/anti-perfect-tee-cofee-beige,anti-perfect-tee-cofee-beige,ANTI-PERFECT OVERSIZED TEE - COFEE BEIGE,1499.00,01_RAW_DATA\collections_html\TONES-COL-0070.html
TONES-COL-0070,https://www.tonesfashion.com/collections/street-muse/products/double-pocket-black-shirt,double-pocket-black-shirt,Black - Double Pocket Shirt,2000.00,01_RAW_DATA\collections_html\TONES-COL-0070.html
TONES-COL-0070,https://www.tonesfashion.com/collections/street-muse/products/black-flannel-double-pocket-shirt,black-flannel-double-pocket-shirt,BLACK DOUBLE POCKET FLANNEL SHIRT,2499.00,01_RAW_DATA\collections_html\TONES-COL-0070.html
TONES-COL-0070,https://www.tonesfashion.com/collections/street-muse/products/blue-checks-flanel,blue-checks-flanel,Blue Checks Flannel,2999.00,01_RAW_DATA\collections_html\TONES-COL-0070.html
TONES-COL-0070,https://www.tonesfashion.com/collections/street-muse/products/blue-drip-sweatshirt-copy,blue-drip-sweatshirt-copy,Blue Drip Sweatshirt,2299.00,01_RAW_DATA\collections_html\TONES-COL-0070.html
TONES-COL-0070,https://www.tonesfashion.com/collections/street-muse/products/deep-sage-gauze-cotton-shirt-copy,deep-sage-gauze-cotton-shirt-copy,Blue Oxford Shirt,2499.00,01_RAW_DATA\collections_html\TONES-COL-0070.html
TONES-COL-0070,https://www.tonesfashion.com/collections/street-muse/products/rustic-brown-acid-wash-t-shirt,rustic-brown-acid-wash-t-shirt,Brown Acid Wash Ringer T-Shirt,1599.00,01_RAW_DATA\collections_html\TONES-COL-0070.html
TONES-COL-0070,https://www.tonesfashion.com/collections/street-muse/products/brown-checks-flanel,brown-checks-flanel,Brown Checks Flannel,2999.00,01_RAW_DATA\collections_html\TONES-COL-0070.html
TONES-COL-0070,https://www.tonesfashion.com/collections/street-muse/products/brown-double-pocket-shacket,brown-double-pocket-shacket,BROWN DOUBLE POCKET FLANNEL SHACKET,3499.00,01_RAW_DATA\collections_html\TONES-COL-0070.html
TONES-COL-0070,https://www.tonesfashion.com/collections/street-muse/products/burgundy-satin-shirt,burgundy-satin-shirt,Burgundy - Satin Shirt,2499.00,01_RAW_DATA\collections_html\TONES-COL-0070.html
TONES-COL-0071,https://www.tonesfashion.com/collections/summer-casuals/products/elivated-basics-oversized,elivated-basics-oversized,Elevated Basics - Relaxed - Beige Color,499.00,01_RAW_DATA\collections_html\TONES-COL-0071.html
TONES-COL-0071,https://www.tonesfashion.com/collections/summer-casuals/products/elevated-basics-oversized-copy,elevated-basics-oversized-copy,Elevated Basics - Relaxed - Black Color,499.00,01_RAW_DATA\collections_html\TONES-COL-0071.html
TONES-COL-0071,https://www.tonesfashion.com/collections/summer-casuals/products/elevated-basics-oversized-copy-copy,elevated-basics-oversized-copy-copy,Elevated Basics - Relaxed - White Color,499.00,01_RAW_DATA\collections_html\TONES-COL-0071.html
TONES-COL-0071,https://www.tonesfashion.com/collections/summer-casuals/products/round-neck-slim-fit-tee-white-copy,round-neck-slim-fit-tee-white-copy,Round Neck Slim Fit Tee – Grey,699.00,01_RAW_DATA\collections_html\TONES-COL-0071.html
TONES-COL-0071,https://www.tonesfashion.com/collections/summer-casuals/products/round-neck-slim-fit-tee-navy-blue-copy,round-neck-slim-fit-tee-navy-blue-copy,Round Neck Slim Fit Tee - White,699.00,01_RAW_DATA\collections_html\TONES-COL-0071.html
TONES-COL-0071,https://www.tonesfashion.com/collections/summer-casuals/products/3-t-shirt-combo,3-t-shirt-combo,3 T-shirt Combo,1999.00,01_RAW_DATA\collections_html\TONES-COL-0071.html
TONES-COL-0071,https://www.tonesfashion.com/collections/summer-casuals/products/acid-wash-muscle-tee,acid-wash-muscle-tee,ACID WASH MUSCLE TEE,1299.00,01_RAW_DATA\collections_html\TONES-COL-0071.html
TONES-COL-0071,https://www.tonesfashion.com/collections/summer-casuals/products/anti-perfect-tee-cofee-beige,anti-perfect-tee-cofee-beige,ANTI-PERFECT OVERSIZED TEE - COFEE BEIGE,1499.00,01_RAW_DATA\collections_html\TONES-COL-0071.html
TONES-COL-0071,https://www.tonesfashion.com/collections/summer-casuals/products/double-pocket-black-shirt,double-pocket-black-shirt,Black - Double Pocket Shirt,2000.00,01_RAW_DATA\collections_html\TONES-COL-0071.html
TONES-COL-0071,https://www.tonesfashion.com/collections/summer-casuals/products/black-flannel-double-pocket-shirt,black-flannel-double-pocket-shirt,BLACK DOUBLE POCKET FLANNEL SHIRT,2499.00,01_RAW_DATA\collections_html\TONES-COL-0071.html
TONES-COL-0071,https://www.tonesfashion.com/collections/summer-casuals/products/blue-checks-flanel,blue-checks-flanel,Blue Checks Flannel,2999.00,01_RAW_DATA\collections_html\TONES-COL-0071.html
TONES-COL-0071,https://www.tonesfashion.com/collections/summer-casuals/products/blue-drip-sweatshirt-copy,blue-drip-sweatshirt-copy,Blue Drip Sweatshirt,2299.00,01_RAW_DATA\collections_html\TONES-COL-0071.html
TONES-COL-0071,https://www.tonesfashion.com/collections/summer-casuals/products/deep-sage-gauze-cotton-shirt-copy,deep-sage-gauze-cotton-shirt-copy,Blue Oxford Shirt,2499.00,01_RAW_DATA\collections_html\TONES-COL-0071.html
TONES-COL-0071,https://www.tonesfashion.com/collections/summer-casuals/products/rustic-brown-acid-wash-t-shirt,rustic-brown-acid-wash-t-shirt,Brown Acid Wash Ringer T-Shirt,1599.00,01_RAW_DATA\collections_html\TONES-COL-0071.html
TONES-COL-0071,https://www.tonesfashion.com/collections/summer-casuals/products/brown-checks-flanel,brown-checks-flanel,Brown Checks Flannel,2999.00,01_RAW_DATA\collections_html\TONES-COL-0071.html
TONES-COL-0071,https://www.tonesfashion.com/collections/summer-casuals/products/brown-double-pocket-shacket,brown-double-pocket-shacket,BROWN DOUBLE POCKET FLANNEL SHACKET,3499.00,01_RAW_DATA\collections_html\TONES-COL-0071.html
TONES-COL-0071,https://www.tonesfashion.com/collections/summer-casuals/products/burgundy-satin-shirt,burgundy-satin-shirt,Burgundy - Satin Shirt,2499.00,01_RAW_DATA\collections_html\TONES-COL-0071.html
TONES-COL-0072,https://www.tonesfashion.com/collections/summer-colors/products/3-t-shirt-combo,3-t-shirt-combo,3 T-shirt Combo,1999.00,01_RAW_DATA\collections_html\TONES-COL-0072.html
TONES-COL-0072,https://www.tonesfashion.com/collections/summer-colors/products/acid-wash-muscle-tee,acid-wash-muscle-tee,ACID WASH MUSCLE TEE,1299.00,01_RAW_DATA\collections_html\TONES-COL-0072.html
TONES-COL-0072,https://www.tonesfashion.com/collections/summer-colors/products/anti-perfect-tee-cofee-beige,anti-perfect-tee-cofee-beige,ANTI-PERFECT OVERSIZED TEE - COFEE BEIGE,1499.00,01_RAW_DATA\collections_html\TONES-COL-0072.html
TONES-COL-0072,https://www.tonesfashion.com/collections/summer-colors/products/double-pocket-black-shirt,double-pocket-black-shirt,Black - Double Pocket Shirt,2000.00,01_RAW_DATA\collections_html\TONES-COL-0072.html
TONES-COL-0072,https://www.tonesfashion.com/collections/summer-colors/products/black-flannel-double-pocket-shirt,black-flannel-double-pocket-shirt,BLACK DOUBLE POCKET FLANNEL SHIRT,2499.00,01_RAW_DATA\collections_html\TONES-COL-0072.html
TONES-COL-0072,https://www.tonesfashion.com/collections/summer-colors/products/blue-checks-flanel,blue-checks-flanel,Blue Checks Flannel,2999.00,01_RAW_DATA\collections_html\TONES-COL-0072.html
TONES-COL-0072,https://www.tonesfashion.com/collections/summer-colors/products/blue-drip-sweatshirt-copy,blue-drip-sweatshirt-copy,Blue Drip Sweatshirt,2299.00,01_RAW_DATA\collections_html\TONES-COL-0072.html
TONES-COL-0072,https://www.tonesfashion.com/collections/summer-colors/products/deep-sage-gauze-cotton-shirt-copy,deep-sage-gauze-cotton-shirt-copy,Blue Oxford Shirt,2499.00,01_RAW_DATA\collections_html\TONES-COL-0072.html
TONES-COL-0072,https://www.tonesfashion.com/collections/summer-colors/products/rustic-brown-acid-wash-t-shirt,rustic-brown-acid-wash-t-shirt,Brown Acid Wash Ringer T-Shirt,1599.00,01_RAW_DATA\collections_html\TONES-COL-0072.html
TONES-COL-0072,https://www.tonesfashion.com/collections/summer-colors/products/brown-checks-flanel,brown-checks-flanel,Brown Checks Flannel,2999.00,01_RAW_DATA\collections_html\TONES-COL-0072.html
TONES-COL-0072,https://www.tonesfashion.com/collections/summer-colors/products/brown-double-pocket-shacket,brown-double-pocket-shacket,BROWN DOUBLE POCKET FLANNEL SHACKET,3499.00,01_RAW_DATA\collections_html\TONES-COL-0072.html
TONES-COL-0072,https://www.tonesfashion.com/collections/summer-colors/products/burgundy-satin-shirt,burgundy-satin-shirt,Burgundy - Satin Shirt,2499.00,01_RAW_DATA\collections_html\TONES-COL-0072.html
TONES-COL-0073,https://www.tonesfashion.com/collections/super-limited-color-edition/products/3-t-shirt-combo,3-t-shirt-combo,3 T-shirt Combo,1999.00,01_RAW_DATA\collections_html\TONES-COL-0073.html
TONES-COL-0073,https://www.tonesfashion.com/collections/super-limited-color-edition/products/acid-wash-muscle-tee,acid-wash-muscle-tee,ACID WASH MUSCLE TEE,1299.00,01_RAW_DATA\collections_html\TONES-COL-0073.html
TONES-COL-0073,https://www.tonesfashion.com/collections/super-limited-color-edition/products/anti-perfect-tee-cofee-beige,anti-perfect-tee-cofee-beige,ANTI-PERFECT OVERSIZED TEE - COFEE BEIGE,1499.00,01_RAW_DATA\collections_html\TONES-COL-0073.html
TONES-COL-0073,https://www.tonesfashion.com/collections/super-limited-color-edition/products/double-pocket-black-shirt,double-pocket-black-shirt,Black - Double Pocket Shirt,2000.00,01_RAW_DATA\collections_html\TONES-COL-0073.html
TONES-COL-0073,https://www.tonesfashion.com/collections/super-limited-color-edition/products/black-flannel-double-pocket-shirt,black-flannel-double-pocket-shirt,BLACK DOUBLE POCKET FLANNEL SHIRT,2499.00,01_RAW_DATA\collections_html\TONES-COL-0073.html
TONES-COL-0073,https://www.tonesfashion.com/collections/super-limited-color-edition/products/blue-checks-flanel,blue-checks-flanel,Blue Checks Flannel,2999.00,01_RAW_DATA\collections_html\TONES-COL-0073.html
TONES-COL-0073,https://www.tonesfashion.com/collections/super-limited-color-edition/products/blue-drip-sweatshirt-copy,blue-drip-sweatshirt-copy,Blue Drip Sweatshirt,2299.00,01_RAW_DATA\collections_html\TONES-COL-0073.html
TONES-COL-0073,https://www.tonesfashion.com/collections/super-limited-color-edition/products/deep-sage-gauze-cotton-shirt-copy,deep-sage-gauze-cotton-shirt-copy,Blue Oxford Shirt,2499.00,01_RAW_DATA\collections_html\TONES-COL-0073.html
TONES-COL-0073,https://www.tonesfashion.com/collections/super-limited-color-edition/products/rustic-brown-acid-wash-t-shirt,rustic-brown-acid-wash-t-shirt,Brown Acid Wash Ringer T-Shirt,1599.00,01_RAW_DATA\collections_html\TONES-COL-0073.html
TONES-COL-0073,https://www.tonesfashion.com/collections/super-limited-color-edition/products/brown-checks-flanel,brown-checks-flanel,Brown Checks Flannel,2999.00,01_RAW_DATA\collections_html\TONES-COL-0073.html
TONES-COL-0073,https://www.tonesfashion.com/collections/super-limited-color-edition/products/brown-double-pocket-shacket,brown-double-pocket-shacket,BROWN DOUBLE POCKET FLANNEL SHACKET,3499.00,01_RAW_DATA\collections_html\TONES-COL-0073.html
TONES-COL-0073,https://www.tonesfashion.com/collections/super-limited-color-edition/products/burgundy-satin-shirt,burgundy-satin-shirt,Burgundy - Satin Shirt,2499.00,01_RAW_DATA\collections_html\TONES-COL-0073.html
TONES-COL-0074,https://www.tonesfashion.com/collections/sweat-shirts/products/acid-wash-muscle-tee,acid-wash-muscle-tee,ACID WASH MUSCLE TEE,1299.00,01_RAW_DATA\collections_html\TONES-COL-0074.html
TONES-COL-0074,https://www.tonesfashion.com/collections/sweat-shirts/products/elivated-basics-oversized,elivated-basics-oversized,Elevated Basics - Relaxed - Beige Color,499.00,01_RAW_DATA\collections_html\TONES-COL-0074.html
TONES-COL-0074,https://www.tonesfashion.com/collections/sweat-shirts/products/navy-blue-acid-wash-t-shirt-1,navy-blue-acid-wash-t-shirt-1,Red Acid Wash Ringer T-Shirt,1599.00,01_RAW_DATA\collections_html\TONES-COL-0074.html
TONES-COL-0074,https://www.tonesfashion.com/collections/sweat-shirts/products/elevated-basics-oversized-copy,elevated-basics-oversized-copy,Elevated Basics - Relaxed - Black Color,499.00,01_RAW_DATA\collections_html\TONES-COL-0074.html
TONES-COL-0074,https://www.tonesfashion.com/collections/sweat-shirts/products/anti-perfect-tee-cofee-beige,anti-perfect-tee-cofee-beige,ANTI-PERFECT OVERSIZED TEE - COFEE BEIGE,1499.00,01_RAW_DATA\collections_html\TONES-COL-0074.html
TONES-COL-0074,https://www.tonesfashion.com/collections/sweat-shirts/products/storm-weaver-relaxed-fit-coffee-beige,storm-weaver-relaxed-fit-coffee-beige,STORM WEAVER OVERSIZED TEE - COFEE BEIGE,1499.00,01_RAW_DATA\collections_html\TONES-COL-0074.html
TONES-COL-0074,https://www.tonesfashion.com/collections/sweat-shirts/products/3-t-shirt-combo,3-t-shirt-combo,3 T-shirt Combo,1999.00,01_RAW_DATA\collections_html\TONES-COL-0074.html
TONES-COL-0074,https://www.tonesfashion.com/collections/sweat-shirts/products/round-neck-slim-fit-tee-brown,round-neck-slim-fit-tee-brown,Round Neck Slim Fit Tee - Brown,1299.00,01_RAW_DATA\collections_html\TONES-COL-0074.html
TONES-COL-0074,https://www.tonesfashion.com/collections/sweat-shirts/products/round-neck-slim-fit-tee-charcoal-copy,round-neck-slim-fit-tee-charcoal-copy,Round Neck Slim Fit Tee - Green,1299.00,01_RAW_DATA\collections_html\TONES-COL-0074.html
TONES-COL-0074,https://www.tonesfashion.com/collections/sweat-shirts/products/round-neck-slim-fit-tee-charcoal,round-neck-slim-fit-tee-charcoal,Round Neck Slim Fit Tee - Charcoal Black,1299.00,01_RAW_DATA\collections_html\TONES-COL-0074.html
TONES-COL-0074,https://www.tonesfashion.com/collections/sweat-shirts/products/gods-master-piece-white-copy,gods-master-piece-white-copy,GOD'S MASTER PIECE GREEN,1200.00,01_RAW_DATA\collections_html\TONES-COL-0074.html
TONES-COL-0074,https://www.tonesfashion.com/collections/sweat-shirts/products/predator-tee-relaxed-fit-green,predator-tee-relaxed-fit-green,PREDATOR OVERSIZED TEE - GREEN,1499.00,01_RAW_DATA\collections_html\TONES-COL-0074.html
TONES-COL-0074,https://www.tonesfashion.com/collections/sweat-shirts/products/elevated-basics-oversized-copy-copy,elevated-basics-oversized-copy-copy,Elevated Basics - Relaxed - White Color,499.00,01_RAW_DATA\collections_html\TONES-COL-0074.html
TONES-COL-0074,https://www.tonesfashion.com/collections/sweat-shirts/products/round-neck-slim-fit-tee-white-copy,round-neck-slim-fit-tee-white-copy,Round Neck Slim Fit Tee – Grey,699.00,01_RAW_DATA\collections_html\TONES-COL-0074.html
TONES-COL-0074,https://www.tonesfashion.com/collections/sweat-shirts/products/round-neck-slim-fit-tee-navy-blue-copy,round-neck-slim-fit-tee-navy-blue-copy,Round Neck Slim Fit Tee - White,699.00,01_RAW_DATA\collections_html\TONES-COL-0074.html
TONES-COL-0074,https://www.tonesfashion.com/collections/sweat-shirts/products/tones-original-black,tones-original-black,Tones Original - Black,1499.00,01_RAW_DATA\collections_html\TONES-COL-0074.html
TONES-COL-0074,https://www.tonesfashion.com/collections/sweat-shirts/products/rustic-brown-acid-wash-t-shirt,rustic-brown-acid-wash-t-shirt,Brown Acid Wash Ringer T-Shirt,1599.00,01_RAW_DATA\collections_html\TONES-COL-0074.html
TONES-COL-0074,https://www.tonesfashion.com/collections/sweat-shirts/products/navy-blue-acid-wash-t-shirt-2,navy-blue-acid-wash-t-shirt-2,Navy Blue Acid Wash Ringer T-Shirt,1599.00,01_RAW_DATA\collections_html\TONES-COL-0074.html
TONES-COL-0074,https://www.tonesfashion.com/collections/sweat-shirts/products/the-alpha-oversized-tee,the-alpha-oversized-tee,The Alpha - Oversized Tee,1599.00,01_RAW_DATA\collections_html\TONES-COL-0074.html
TONES-COL-0074,https://www.tonesfashion.com/collections/sweat-shirts/products/the-alpha-oversized-tee-copy,the-alpha-oversized-tee-copy,The Final Act - Oversized Tee,1599.00,01_RAW_DATA\collections_html\TONES-COL-0074.html
TONES-COL-0074,https://www.tonesfashion.com/collections/sweat-shirts/products/the-final-act-oversized-tee-copy,the-final-act-oversized-tee-copy,Created To Create - Oversized Tee,1599.00,01_RAW_DATA\collections_html\TONES-COL-0074.html
TONES-COL-0074,https://www.tonesfashion.com/collections/sweat-shirts/products/double-pocket-black-shirt,double-pocket-black-shirt,Black - Double Pocket Shirt,2000.00,01_RAW_DATA\collections_html\TONES-COL-0074.html
TONES-COL-0074,https://www.tonesfashion.com/collections/sweat-shirts/products/black-flannel-double-pocket-shirt,black-flannel-double-pocket-shirt,BLACK DOUBLE POCKET FLANNEL SHIRT,2499.00,01_RAW_DATA\collections_html\TONES-COL-0074.html
TONES-COL-0074,https://www.tonesfashion.com/collections/sweat-shirts/products/blue-checks-flanel,blue-checks-flanel,Blue Checks Flannel,2999.00,01_RAW_DATA\collections_html\TONES-COL-0074.html
TONES-COL-0074,https://www.tonesfashion.com/collections/sweat-shirts/products/blue-drip-sweatshirt-copy,blue-drip-sweatshirt-copy,Blue Drip Sweatshirt,2299.00,01_RAW_DATA\collections_html\TONES-COL-0074.html
TONES-COL-0074,https://www.tonesfashion.com/collections/sweat-shirts/products/deep-sage-gauze-cotton-shirt-copy,deep-sage-gauze-cotton-shirt-copy,Blue Oxford Shirt,2499.00,01_RAW_DATA\collections_html\TONES-COL-0074.html
TONES-COL-0074,https://www.tonesfashion.com/collections/sweat-shirts/products/brown-checks-flanel,brown-checks-flanel,Brown Checks Flannel,2999.00,01_RAW_DATA\collections_html\TONES-COL-0074.html
TONES-COL-0074,https://www.tonesfashion.com/collections/sweat-shirts/products/brown-double-pocket-shacket,brown-double-pocket-shacket,BROWN DOUBLE POCKET FLANNEL SHACKET,3499.00,01_RAW_DATA\collections_html\TONES-COL-0074.html
TONES-COL-0074,https://www.tonesfashion.com/collections/sweat-shirts/products/burgundy-satin-shirt,burgundy-satin-shirt,Burgundy - Satin Shirt,2499.00,01_RAW_DATA\collections_html\TONES-COL-0074.html
TONES-COL-0075,https://www.tonesfashion.com/collections/sweatshirt/products/tones-original-black,tones-original-black,Tones Original - Black,1499.00,01_RAW_DATA\collections_html\TONES-COL-0075.html
TONES-COL-0075,https://www.tonesfashion.com/collections/sweatshirt/products/3-t-shirt-combo,3-t-shirt-combo,3 T-shirt Combo,1999.00,01_RAW_DATA\collections_html\TONES-COL-0075.html
TONES-COL-0075,https://www.tonesfashion.com/collections/sweatshirt/products/acid-wash-muscle-tee,acid-wash-muscle-tee,ACID WASH MUSCLE TEE,1299.00,01_RAW_DATA\collections_html\TONES-COL-0075.html
TONES-COL-0075,https://www.tonesfashion.com/collections/sweatshirt/products/anti-perfect-tee-cofee-beige,anti-perfect-tee-cofee-beige,ANTI-PERFECT OVERSIZED TEE - COFEE BEIGE,1499.00,01_RAW_DATA\collections_html\TONES-COL-0075.html
TONES-COL-0075,https://www.tonesfashion.com/collections/sweatshirt/products/double-pocket-black-shirt,double-pocket-black-shirt,Black - Double Pocket Shirt,2000.00,01_RAW_DATA\collections_html\TONES-COL-0075.html
TONES-COL-0075,https://www.tonesfashion.com/collections/sweatshirt/products/black-flannel-double-pocket-shirt,black-flannel-double-pocket-shirt,BLACK DOUBLE POCKET FLANNEL SHIRT,2499.00,01_RAW_DATA\collections_html\TONES-COL-0075.html
TONES-COL-0075,https://www.tonesfashion.com/collections/sweatshirt/products/blue-checks-flanel,blue-checks-flanel,Blue Checks Flannel,2999.00,01_RAW_DATA\collections_html\TONES-COL-0075.html
TONES-COL-0075,https://www.tonesfashion.com/collections/sweatshirt/products/blue-drip-sweatshirt-copy,blue-drip-sweatshirt-copy,Blue Drip Sweatshirt,2299.00,01_RAW_DATA\collections_html\TONES-COL-0075.html
TONES-COL-0075,https://www.tonesfashion.com/collections/sweatshirt/products/deep-sage-gauze-cotton-shirt-copy,deep-sage-gauze-cotton-shirt-copy,Blue Oxford Shirt,2499.00,01_RAW_DATA\collections_html\TONES-COL-0075.html
TONES-COL-0075,https://www.tonesfashion.com/collections/sweatshirt/products/rustic-brown-acid-wash-t-shirt,rustic-brown-acid-wash-t-shirt,Brown Acid Wash Ringer T-Shirt,1599.00,01_RAW_DATA\collections_html\TONES-COL-0075.html
TONES-COL-0075,https://www.tonesfashion.com/collections/sweatshirt/products/brown-checks-flanel,brown-checks-flanel,Brown Checks Flannel,2999.00,01_RAW_DATA\collections_html\TONES-COL-0075.html
TONES-COL-0075,https://www.tonesfashion.com/collections/sweatshirt/products/brown-double-pocket-shacket,brown-double-pocket-shacket,BROWN DOUBLE POCKET FLANNEL SHACKET,3499.00,01_RAW_DATA\collections_html\TONES-COL-0075.html
TONES-COL-0075,https://www.tonesfashion.com/collections/sweatshirt/products/burgundy-satin-shirt,burgundy-satin-shirt,Burgundy - Satin Shirt,2499.00,01_RAW_DATA\collections_html\TONES-COL-0075.html
TONES-COL-0076,https://www.tonesfashion.com/collections/t-shirts/products/the-final-act-oversized-tee-copy,the-final-act-oversized-tee-copy,Created To Create - Oversized Tee,1599.00,01_RAW_DATA\collections_html\TONES-COL-0076.html
TONES-COL-0076,https://www.tonesfashion.com/collections/t-shirts/products/the-alpha-oversized-tee-copy,the-alpha-oversized-tee-copy,The Final Act - Oversized Tee,1599.00,01_RAW_DATA\collections_html\TONES-COL-0076.html
TONES-COL-0076,https://www.tonesfashion.com/collections/t-shirts/products/the-alpha-oversized-tee,the-alpha-oversized-tee,The Alpha - Oversized Tee,1599.00,01_RAW_DATA\collections_html\TONES-COL-0076.html
TONES-COL-0076,https://www.tonesfashion.com/collections/t-shirts/products/navy-blue-acid-wash-t-shirt-2,navy-blue-acid-wash-t-shirt-2,Navy Blue Acid Wash Ringer T-Shirt,1599.00,01_RAW_DATA\collections_html\TONES-COL-0076.html
TONES-COL-0076,https://www.tonesfashion.com/collections/t-shirts/products/navy-blue-acid-wash-t-shirt-1,navy-blue-acid-wash-t-shirt-1,Red Acid Wash Ringer T-Shirt,1599.00,01_RAW_DATA\collections_html\TONES-COL-0076.html
TONES-COL-0076,https://www.tonesfashion.com/collections/t-shirts/products/rustic-brown-acid-wash-t-shirt,rustic-brown-acid-wash-t-shirt,Brown Acid Wash Ringer T-Shirt,1599.00,01_RAW_DATA\collections_html\TONES-COL-0076.html
TONES-COL-0076,https://www.tonesfashion.com/collections/t-shirts/products/acid-wash-muscle-tee,acid-wash-muscle-tee,ACID WASH MUSCLE TEE,1299.00,01_RAW_DATA\collections_html\TONES-COL-0076.html
TONES-COL-0076,https://www.tonesfashion.com/collections/t-shirts/products/3-t-shirt-combo,3-t-shirt-combo,3 T-shirt Combo,1999.00,01_RAW_DATA\collections_html\TONES-COL-0076.html
TONES-COL-0076,https://www.tonesfashion.com/collections/t-shirts/products/round-neck-slim-fit-tee-brown,round-neck-slim-fit-tee-brown,Round Neck Slim Fit Tee - Brown,1299.00,01_RAW_DATA\collections_html\TONES-COL-0076.html
TONES-COL-0076,https://www.tonesfashion.com/collections/t-shirts/products/round-neck-slim-fit-tee-charcoal-copy,round-neck-slim-fit-tee-charcoal-copy,Round Neck Slim Fit Tee - Green,1299.00,01_RAW_DATA\collections_html\TONES-COL-0076.html
TONES-COL-0076,https://www.tonesfashion.com/collections/t-shirts/products/round-neck-slim-fit-tee-charcoal,round-neck-slim-fit-tee-charcoal,Round Neck Slim Fit Tee - Charcoal Black,1299.00,01_RAW_DATA\collections_html\TONES-COL-0076.html
TONES-COL-0076,https://www.tonesfashion.com/collections/t-shirts/products/elevated-basics-oversized-copy-copy,elevated-basics-oversized-copy-copy,Elevated Basics - Relaxed - White Color,499.00,01_RAW_DATA\collections_html\TONES-COL-0076.html
TONES-COL-0076,https://www.tonesfashion.com/collections/t-shirts/products/elevated-basics-oversized-copy,elevated-basics-oversized-copy,Elevated Basics - Relaxed - Black Color,499.00,01_RAW_DATA\collections_html\TONES-COL-0076.html
TONES-COL-0076,https://www.tonesfashion.com/collections/t-shirts/products/elivated-basics-oversized,elivated-basics-oversized,Elevated Basics - Relaxed - Beige Color,499.00,01_RAW_DATA\collections_html\TONES-COL-0076.html
TONES-COL-0076,https://www.tonesfashion.com/collections/t-shirts/products/round-neck-slim-fit-tee-white-copy,round-neck-slim-fit-tee-white-copy,Round Neck Slim Fit Tee – Grey,699.00,01_RAW_DATA\collections_html\TONES-COL-0076.html
TONES-COL-0076,https://www.tonesfashion.com/collections/t-shirts/products/round-neck-slim-fit-tee-navy-blue-copy,round-neck-slim-fit-tee-navy-blue-copy,Round Neck Slim Fit Tee - White,699.00,01_RAW_DATA\collections_html\TONES-COL-0076.html
TONES-COL-0076,https://www.tonesfashion.com/collections/t-shirts/products/anti-perfect-tee-cofee-beige,anti-perfect-tee-cofee-beige,ANTI-PERFECT OVERSIZED TEE - COFEE BEIGE,1499.00,01_RAW_DATA\collections_html\TONES-COL-0076.html
TONES-COL-0076,https://www.tonesfashion.com/collections/t-shirts/products/double-pocket-black-shirt,double-pocket-black-shirt,Black - Double Pocket Shirt,2000.00,01_RAW_DATA\collections_html\TONES-COL-0076.html
TONES-COL-0076,https://www.tonesfashion.com/collections/t-shirts/products/black-flannel-double-pocket-shirt,black-flannel-double-pocket-shirt,BLACK DOUBLE POCKET FLANNEL SHIRT,2499.00,01_RAW_DATA\collections_html\TONES-COL-0076.html
TONES-COL-0076,https://www.tonesfashion.com/collections/t-shirts/products/blue-checks-flanel,blue-checks-flanel,Blue Checks Flannel,2999.00,01_RAW_DATA\collections_html\TONES-COL-0076.html
TONES-COL-0076,https://www.tonesfashion.com/collections/t-shirts/products/blue-drip-sweatshirt-copy,blue-drip-sweatshirt-copy,Blue Drip Sweatshirt,2299.00,01_RAW_DATA\collections_html\TONES-COL-0076.html
TONES-COL-0076,https://www.tonesfashion.com/collections/t-shirts/products/deep-sage-gauze-cotton-shirt-copy,deep-sage-gauze-cotton-shirt-copy,Blue Oxford Shirt,2499.00,01_RAW_DATA\collections_html\TONES-COL-0076.html
TONES-COL-0076,https://www.tonesfashion.com/collections/t-shirts/products/brown-checks-flanel,brown-checks-flanel,Brown Checks Flannel,2999.00,01_RAW_DATA\collections_html\TONES-COL-0076.html
TONES-COL-0076,https://www.tonesfashion.com/collections/t-shirts/products/brown-double-pocket-shacket,brown-double-pocket-shacket,BROWN DOUBLE POCKET FLANNEL SHACKET,3499.00,01_RAW_DATA\collections_html\TONES-COL-0076.html
TONES-COL-0076,https://www.tonesfashion.com/collections/t-shirts/products/burgundy-satin-shirt,burgundy-satin-shirt,Burgundy - Satin Shirt,2499.00,01_RAW_DATA\collections_html\TONES-COL-0076.html
TONES-COL-0077,https://www.tonesfashion.com/collections/textured-plain-shirts/products/3-t-shirt-combo,3-t-shirt-combo,3 T-shirt Combo,1999.00,01_RAW_DATA\collections_html\TONES-COL-0077.html
TONES-COL-0077,https://www.tonesfashion.com/collections/textured-plain-shirts/products/acid-wash-muscle-tee,acid-wash-muscle-tee,ACID WASH MUSCLE TEE,1299.00,01_RAW_DATA\collections_html\TONES-COL-0077.html
TONES-COL-0077,https://www.tonesfashion.com/collections/textured-plain-shirts/products/anti-perfect-tee-cofee-beige,anti-perfect-tee-cofee-beige,ANTI-PERFECT OVERSIZED TEE - COFEE BEIGE,1499.00,01_RAW_DATA\collections_html\TONES-COL-0077.html
TONES-COL-0077,https://www.tonesfashion.com/collections/textured-plain-shirts/products/double-pocket-black-shirt,double-pocket-black-shirt,Black - Double Pocket Shirt,2000.00,01_RAW_DATA\collections_html\TONES-COL-0077.html
TONES-COL-0077,https://www.tonesfashion.com/collections/textured-plain-shirts/products/black-flannel-double-pocket-shirt,black-flannel-double-pocket-shirt,BLACK DOUBLE POCKET FLANNEL SHIRT,2499.00,01_RAW_DATA\collections_html\TONES-COL-0077.html
TONES-COL-0077,https://www.tonesfashion.com/collections/textured-plain-shirts/products/blue-checks-flanel,blue-checks-flanel,Blue Checks Flannel,2999.00,01_RAW_DATA\collections_html\TONES-COL-0077.html
TONES-COL-0077,https://www.tonesfashion.com/collections/textured-plain-shirts/products/blue-drip-sweatshirt-copy,blue-drip-sweatshirt-copy,Blue Drip Sweatshirt,2299.00,01_RAW_DATA\collections_html\TONES-COL-0077.html
TONES-COL-0077,https://www.tonesfashion.com/collections/textured-plain-shirts/products/deep-sage-gauze-cotton-shirt-copy,deep-sage-gauze-cotton-shirt-copy,Blue Oxford Shirt,2499.00,01_RAW_DATA\collections_html\TONES-COL-0077.html
TONES-COL-0077,https://www.tonesfashion.com/collections/textured-plain-shirts/products/rustic-brown-acid-wash-t-shirt,rustic-brown-acid-wash-t-shirt,Brown Acid Wash Ringer T-Shirt,1599.00,01_RAW_DATA\collections_html\TONES-COL-0077.html
TONES-COL-0077,https://www.tonesfashion.com/collections/textured-plain-shirts/products/brown-checks-flanel,brown-checks-flanel,Brown Checks Flannel,2999.00,01_RAW_DATA\collections_html\TONES-COL-0077.html
TONES-COL-0077,https://www.tonesfashion.com/collections/textured-plain-shirts/products/brown-double-pocket-shacket,brown-double-pocket-shacket,BROWN DOUBLE POCKET FLANNEL SHACKET,3499.00,01_RAW_DATA\collections_html\TONES-COL-0077.html
TONES-COL-0077,https://www.tonesfashion.com/collections/textured-plain-shirts/products/burgundy-satin-shirt,burgundy-satin-shirt,Burgundy - Satin Shirt,2499.00,01_RAW_DATA\collections_html\TONES-COL-0077.html
TONES-COL-0078,https://www.tonesfashion.com/collections/the-coastal-escape/products/3-t-shirt-combo,3-t-shirt-combo,3 T-shirt Combo,1999.00,01_RAW_DATA\collections_html\TONES-COL-0078.html
TONES-COL-0078,https://www.tonesfashion.com/collections/the-coastal-escape/products/acid-wash-muscle-tee,acid-wash-muscle-tee,ACID WASH MUSCLE TEE,1299.00,01_RAW_DATA\collections_html\TONES-COL-0078.html
TONES-COL-0078,https://www.tonesfashion.com/collections/the-coastal-escape/products/anti-perfect-tee-cofee-beige,anti-perfect-tee-cofee-beige,ANTI-PERFECT OVERSIZED TEE - COFEE BEIGE,1499.00,01_RAW_DATA\collections_html\TONES-COL-0078.html
TONES-COL-0078,https://www.tonesfashion.com/collections/the-coastal-escape/products/double-pocket-black-shirt,double-pocket-black-shirt,Black - Double Pocket Shirt,2000.00,01_RAW_DATA\collections_html\TONES-COL-0078.html
TONES-COL-0078,https://www.tonesfashion.com/collections/the-coastal-escape/products/black-flannel-double-pocket-shirt,black-flannel-double-pocket-shirt,BLACK DOUBLE POCKET FLANNEL SHIRT,2499.00,01_RAW_DATA\collections_html\TONES-COL-0078.html
TONES-COL-0078,https://www.tonesfashion.com/collections/the-coastal-escape/products/blue-checks-flanel,blue-checks-flanel,Blue Checks Flannel,2999.00,01_RAW_DATA\collections_html\TONES-COL-0078.html
TONES-COL-0078,https://www.tonesfashion.com/collections/the-coastal-escape/products/blue-drip-sweatshirt-copy,blue-drip-sweatshirt-copy,Blue Drip Sweatshirt,2299.00,01_RAW_DATA\collections_html\TONES-COL-0078.html
TONES-COL-0078,https://www.tonesfashion.com/collections/the-coastal-escape/products/deep-sage-gauze-cotton-shirt-copy,deep-sage-gauze-cotton-shirt-copy,Blue Oxford Shirt,2499.00,01_RAW_DATA\collections_html\TONES-COL-0078.html
TONES-COL-0078,https://www.tonesfashion.com/collections/the-coastal-escape/products/rustic-brown-acid-wash-t-shirt,rustic-brown-acid-wash-t-shirt,Brown Acid Wash Ringer T-Shirt,1599.00,01_RAW_DATA\collections_html\TONES-COL-0078.html
TONES-COL-0078,https://www.tonesfashion.com/collections/the-coastal-escape/products/brown-checks-flanel,brown-checks-flanel,Brown Checks Flannel,2999.00,01_RAW_DATA\collections_html\TONES-COL-0078.html
TONES-COL-0078,https://www.tonesfashion.com/collections/the-coastal-escape/products/brown-double-pocket-shacket,brown-double-pocket-shacket,BROWN DOUBLE POCKET FLANNEL SHACKET,3499.00,01_RAW_DATA\collections_html\TONES-COL-0078.html
TONES-COL-0078,https://www.tonesfashion.com/collections/the-coastal-escape/products/burgundy-satin-shirt,burgundy-satin-shirt,Burgundy - Satin Shirt,2499.00,01_RAW_DATA\collections_html\TONES-COL-0078.html
TONES-COL-0079,https://www.tonesfashion.com/collections/the-macho-shirts/products/3-t-shirt-combo,3-t-shirt-combo,3 T-shirt Combo,1999.00,01_RAW_DATA\collections_html\TONES-COL-0079.html
TONES-COL-0079,https://www.tonesfashion.com/collections/the-macho-shirts/products/acid-wash-muscle-tee,acid-wash-muscle-tee,ACID WASH MUSCLE TEE,1299.00,01_RAW_DATA\collections_html\TONES-COL-0079.html
TONES-COL-0079,https://www.tonesfashion.com/collections/the-macho-shirts/products/anti-perfect-tee-cofee-beige,anti-perfect-tee-cofee-beige,ANTI-PERFECT OVERSIZED TEE - COFEE BEIGE,1499.00,01_RAW_DATA\collections_html\TONES-COL-0079.html
TONES-COL-0079,https://www.tonesfashion.com/collections/the-macho-shirts/products/double-pocket-black-shirt,double-pocket-black-shirt,Black - Double Pocket Shirt,2000.00,01_RAW_DATA\collections_html\TONES-COL-0079.html
TONES-COL-0079,https://www.tonesfashion.com/collections/the-macho-shirts/products/black-flannel-double-pocket-shirt,black-flannel-double-pocket-shirt,BLACK DOUBLE POCKET FLANNEL SHIRT,2499.00,01_RAW_DATA\collections_html\TONES-COL-0079.html
TONES-COL-0079,https://www.tonesfashion.com/collections/the-macho-shirts/products/blue-checks-flanel,blue-checks-flanel,Blue Checks Flannel,2999.00,01_RAW_DATA\collections_html\TONES-COL-0079.html
TONES-COL-0079,https://www.tonesfashion.com/collections/the-macho-shirts/products/blue-drip-sweatshirt-copy,blue-drip-sweatshirt-copy,Blue Drip Sweatshirt,2299.00,01_RAW_DATA\collections_html\TONES-COL-0079.html
TONES-COL-0079,https://www.tonesfashion.com/collections/the-macho-shirts/products/deep-sage-gauze-cotton-shirt-copy,deep-sage-gauze-cotton-shirt-copy,Blue Oxford Shirt,2499.00,01_RAW_DATA\collections_html\TONES-COL-0079.html
TONES-COL-0079,https://www.tonesfashion.com/collections/the-macho-shirts/products/rustic-brown-acid-wash-t-shirt,rustic-brown-acid-wash-t-shirt,Brown Acid Wash Ringer T-Shirt,1599.00,01_RAW_DATA\collections_html\TONES-COL-0079.html
TONES-COL-0079,https://www.tonesfashion.com/collections/the-macho-shirts/products/brown-checks-flanel,brown-checks-flanel,Brown Checks Flannel,2999.00,01_RAW_DATA\collections_html\TONES-COL-0079.html
TONES-COL-0079,https://www.tonesfashion.com/collections/the-macho-shirts/products/brown-double-pocket-shacket,brown-double-pocket-shacket,BROWN DOUBLE POCKET FLANNEL SHACKET,3499.00,01_RAW_DATA\collections_html\TONES-COL-0079.html
TONES-COL-0079,https://www.tonesfashion.com/collections/the-macho-shirts/products/burgundy-satin-shirt,burgundy-satin-shirt,Burgundy - Satin Shirt,2499.00,01_RAW_DATA\collections_html\TONES-COL-0079.html
TONES-COL-0080,https://www.tonesfashion.com/collections/the-one/products/tones-original-black,tones-original-black,Tones Original - Black,1499.00,01_RAW_DATA\collections_html\TONES-COL-0080.html
TONES-COL-0080,https://www.tonesfashion.com/collections/the-one/products/chaotic-good-pink-1,chaotic-good-pink-1,Chaotic Good - Pink - C5,1999.00,01_RAW_DATA\collections_html\TONES-COL-0080.html
TONES-COL-0080,https://www.tonesfashion.com/collections/the-one/products/round-neck-slim-fit-tee-white-copy,round-neck-slim-fit-tee-white-copy,Round Neck Slim Fit Tee – Grey,699.00,01_RAW_DATA\collections_html\TONES-COL-0080.html
TONES-COL-0080,https://www.tonesfashion.com/collections/the-one/products/anti-perfect-tee-cofee-beige,anti-perfect-tee-cofee-beige,ANTI-PERFECT OVERSIZED TEE - COFEE BEIGE,1499.00,01_RAW_DATA\collections_html\TONES-COL-0080.html
TONES-COL-0080,https://www.tonesfashion.com/collections/the-one/products/daily-tees-orange,daily-tees-orange,Daily Tees - orange,399.00,01_RAW_DATA\collections_html\TONES-COL-0080.html
TONES-COL-0080,https://www.tonesfashion.com/collections/the-one/products/gods-master-piece-white-copy,gods-master-piece-white-copy,GOD'S MASTER PIECE GREEN,1200.00,01_RAW_DATA\collections_html\TONES-COL-0080.html
TONES-COL-0080,https://www.tonesfashion.com/collections/the-one/products/tones-embroidery-cap-brown,tones-embroidery-cap-brown,Tones Embroidery Cap - Brown,699.00,01_RAW_DATA\collections_html\TONES-COL-0080.html
TONES-COL-0080,https://www.tonesfashion.com/collections/the-one/products/predator-tee-relaxed-fit-green,predator-tee-relaxed-fit-green,PREDATOR OVERSIZED TEE - GREEN,1499.00,01_RAW_DATA\collections_html\TONES-COL-0080.html
TONES-COL-0080,https://www.tonesfashion.com/collections/the-one/products/storm-weaver-relaxed-fit-coffee-beige,storm-weaver-relaxed-fit-coffee-beige,STORM WEAVER OVERSIZED TEE - COFEE BEIGE,1499.00,01_RAW_DATA\collections_html\TONES-COL-0080.html
TONES-COL-0080,https://www.tonesfashion.com/collections/the-one/products/navy-blue-courdury-shacket,navy-blue-courdury-shacket,Navy Blue Corduroy Shacket,1999.00,01_RAW_DATA\collections_html\TONES-COL-0080.html
TONES-COL-0080,https://www.tonesfashion.com/collections/the-one/products/white-bloom-shirt,white-bloom-shirt,WHITE - BLOOM SHIRT,2000.00,01_RAW_DATA\collections_html\TONES-COL-0080.html
TONES-COL-0080,https://www.tonesfashion.com/collections/the-one/products/maroon-courdry-shacket-copy,maroon-courdry-shacket-copy,Mustard Corduroy Shacket,1999.00,01_RAW_DATA\collections_html\TONES-COL-0080.html
TONES-COL-0080,https://www.tonesfashion.com/collections/the-one/products/navy-blue-shirt,navy-blue-shirt,Navy Blue - Satin Shirt,2499.00,01_RAW_DATA\collections_html\TONES-COL-0080.html
TONES-COL-0080,https://www.tonesfashion.com/collections/the-one/products/round-neck-slim-fit-tee-navy-blue-copy,round-neck-slim-fit-tee-navy-blue-copy,Round Neck Slim Fit Tee - White,699.00,01_RAW_DATA\collections_html\TONES-COL-0080.html
TONES-COL-0080,https://www.tonesfashion.com/collections/the-one/products/burgundy-satin-shirt,burgundy-satin-shirt,Burgundy - Satin Shirt,2499.00,01_RAW_DATA\collections_html\TONES-COL-0080.html
TONES-COL-0080,https://www.tonesfashion.com/collections/the-one/products/the-final-act-oversized-tee-copy,the-final-act-oversized-tee-copy,Created To Create - Oversized Tee,1599.00,01_RAW_DATA\collections_html\TONES-COL-0080.html
TONES-COL-0080,https://www.tonesfashion.com/collections/the-one/products/jet-black-shirt,jet-black-shirt,Jet Black - Satin Shirt,2499.00,01_RAW_DATA\collections_html\TONES-COL-0080.html
TONES-COL-0080,https://www.tonesfashion.com/collections/the-one/products/soft-white-satin-shirt,soft-white-satin-shirt,Soft White - Satin Shirt,2499.00,01_RAW_DATA\collections_html\TONES-COL-0080.html
TONES-COL-0080,https://www.tonesfashion.com/collections/the-one/products/textured-brown-shirt,textured-brown-shirt,DOBBY- BROWN SHIRT,2000.00,01_RAW_DATA\collections_html\TONES-COL-0080.html
TONES-COL-0080,https://www.tonesfashion.com/collections/the-one/products/maroon-satin-shirt,maroon-satin-shirt,Maroon Satin Shirt,1999.00,01_RAW_DATA\collections_html\TONES-COL-0080.html
TONES-COL-0080,https://www.tonesfashion.com/collections/the-one/products/daily-tees-black-copy,daily-tees-black-copy,Daily Tees - black,399.00,01_RAW_DATA\collections_html\TONES-COL-0080.html
TONES-COL-0080,https://www.tonesfashion.com/collections/the-one/products/the-alpha-oversized-tee,the-alpha-oversized-tee,The Alpha - Oversized Tee,1599.00,01_RAW_DATA\collections_html\TONES-COL-0080.html
TONES-COL-0080,https://www.tonesfashion.com/collections/the-one/products/jute-grey-shirt,jute-grey-shirt,JUTE- GREY SHIRT,2000.00,01_RAW_DATA\collections_html\TONES-COL-0080.html
TONES-COL-0080,https://www.tonesfashion.com/collections/the-one/products/red-drip-sweatshirt,red-drip-sweatshirt,Red Drip Sweatshirt,2299.00,01_RAW_DATA\collections_html\TONES-COL-0080.html
TONES-COL-0080,https://www.tonesfashion.com/collections/the-one/products/3-t-shirt-combo,3-t-shirt-combo,3 T-shirt Combo,1999.00,01_RAW_DATA\collections_html\TONES-COL-0080.html
TONES-COL-0080,https://www.tonesfashion.com/collections/the-one/products/acid-wash-muscle-tee,acid-wash-muscle-tee,ACID WASH MUSCLE TEE,1299.00,01_RAW_DATA\collections_html\TONES-COL-0080.html
TONES-COL-0080,https://www.tonesfashion.com/collections/the-one/products/double-pocket-black-shirt,double-pocket-black-shirt,Black - Double Pocket Shirt,2000.00,01_RAW_DATA\collections_html\TONES-COL-0080.html
TONES-COL-0080,https://www.tonesfashion.com/collections/the-one/products/black-flannel-double-pocket-shirt,black-flannel-double-pocket-shirt,BLACK DOUBLE POCKET FLANNEL SHIRT,2499.00,01_RAW_DATA\collections_html\TONES-COL-0080.html
TONES-COL-0080,https://www.tonesfashion.com/collections/the-one/products/blue-checks-flanel,blue-checks-flanel,Blue Checks Flannel,2999.00,01_RAW_DATA\collections_html\TONES-COL-0080.html
TONES-COL-0080,https://www.tonesfashion.com/collections/the-one/products/blue-drip-sweatshirt-copy,blue-drip-sweatshirt-copy,Blue Drip Sweatshirt,2299.00,01_RAW_DATA\collections_html\TONES-COL-0080.html
TONES-COL-0080,https://www.tonesfashion.com/collections/the-one/products/deep-sage-gauze-cotton-shirt-copy,deep-sage-gauze-cotton-shirt-copy,Blue Oxford Shirt,2499.00,01_RAW_DATA\collections_html\TONES-COL-0080.html
TONES-COL-0080,https://www.tonesfashion.com/collections/the-one/products/rustic-brown-acid-wash-t-shirt,rustic-brown-acid-wash-t-shirt,Brown Acid Wash Ringer T-Shirt,1599.00,01_RAW_DATA\collections_html\TONES-COL-0080.html
TONES-COL-0080,https://www.tonesfashion.com/collections/the-one/products/brown-checks-flanel,brown-checks-flanel,Brown Checks Flannel,2999.00,01_RAW_DATA\collections_html\TONES-COL-0080.html
TONES-COL-0080,https://www.tonesfashion.com/collections/the-one/products/brown-double-pocket-shacket,brown-double-pocket-shacket,BROWN DOUBLE POCKET FLANNEL SHACKET,3499.00,01_RAW_DATA\collections_html\TONES-COL-0080.html
TONES-COL-0081,https://www.tonesfashion.com/collections/the-refined-classics-1/products/ivory-sand-modal-shirt,ivory-sand-modal-shirt,Ivory Sand - Modal Shirt,1999.00,01_RAW_DATA\collections_html\TONES-COL-0081.html
TONES-COL-0081,https://www.tonesfashion.com/collections/the-refined-classics-1/products/3-t-shirt-combo,3-t-shirt-combo,3 T-shirt Combo,1999.00,01_RAW_DATA\collections_html\TONES-COL-0081.html
TONES-COL-0081,https://www.tonesfashion.com/collections/the-refined-classics-1/products/acid-wash-muscle-tee,acid-wash-muscle-tee,ACID WASH MUSCLE TEE,1299.00,01_RAW_DATA\collections_html\TONES-COL-0081.html
TONES-COL-0081,https://www.tonesfashion.com/collections/the-refined-classics-1/products/anti-perfect-tee-cofee-beige,anti-perfect-tee-cofee-beige,ANTI-PERFECT OVERSIZED TEE - COFEE BEIGE,1499.00,01_RAW_DATA\collections_html\TONES-COL-0081.html
TONES-COL-0081,https://www.tonesfashion.com/collections/the-refined-classics-1/products/double-pocket-black-shirt,double-pocket-black-shirt,Black - Double Pocket Shirt,2000.00,01_RAW_DATA\collections_html\TONES-COL-0081.html
TONES-COL-0081,https://www.tonesfashion.com/collections/the-refined-classics-1/products/black-flannel-double-pocket-shirt,black-flannel-double-pocket-shirt,BLACK DOUBLE POCKET FLANNEL SHIRT,2499.00,01_RAW_DATA\collections_html\TONES-COL-0081.html
TONES-COL-0081,https://www.tonesfashion.com/collections/the-refined-classics-1/products/blue-checks-flanel,blue-checks-flanel,Blue Checks Flannel,2999.00,01_RAW_DATA\collections_html\TONES-COL-0081.html
TONES-COL-0081,https://www.tonesfashion.com/collections/the-refined-classics-1/products/blue-drip-sweatshirt-copy,blue-drip-sweatshirt-copy,Blue Drip Sweatshirt,2299.00,01_RAW_DATA\collections_html\TONES-COL-0081.html
TONES-COL-0081,https://www.tonesfashion.com/collections/the-refined-classics-1/products/deep-sage-gauze-cotton-shirt-copy,deep-sage-gauze-cotton-shirt-copy,Blue Oxford Shirt,2499.00,01_RAW_DATA\collections_html\TONES-COL-0081.html
TONES-COL-0081,https://www.tonesfashion.com/collections/the-refined-classics-1/products/rustic-brown-acid-wash-t-shirt,rustic-brown-acid-wash-t-shirt,Brown Acid Wash Ringer T-Shirt,1599.00,01_RAW_DATA\collections_html\TONES-COL-0081.html
TONES-COL-0081,https://www.tonesfashion.com/collections/the-refined-classics-1/products/brown-checks-flanel,brown-checks-flanel,Brown Checks Flannel,2999.00,01_RAW_DATA\collections_html\TONES-COL-0081.html
TONES-COL-0081,https://www.tonesfashion.com/collections/the-refined-classics-1/products/brown-double-pocket-shacket,brown-double-pocket-shacket,BROWN DOUBLE POCKET FLANNEL SHACKET,3499.00,01_RAW_DATA\collections_html\TONES-COL-0081.html
TONES-COL-0081,https://www.tonesfashion.com/collections/the-refined-classics-1/products/burgundy-satin-shirt,burgundy-satin-shirt,Burgundy - Satin Shirt,2499.00,01_RAW_DATA\collections_html\TONES-COL-0081.html
TONES-COL-0082,https://www.tonesfashion.com/collections/the-satin-edit/products/jet-black-shirt,jet-black-shirt,Jet Black - Satin Shirt,2499.00,01_RAW_DATA\collections_html\TONES-COL-0082.html
TONES-COL-0082,https://www.tonesfashion.com/collections/the-satin-edit/products/navy-blue-shirt,navy-blue-shirt,Navy Blue - Satin Shirt,2499.00,01_RAW_DATA\collections_html\TONES-COL-0082.html
TONES-COL-0082,https://www.tonesfashion.com/collections/the-satin-edit/products/soft-white-satin-shirt,soft-white-satin-shirt,Soft White - Satin Shirt,2499.00,01_RAW_DATA\collections_html\TONES-COL-0082.html
TONES-COL-0082,https://www.tonesfashion.com/collections/the-satin-edit/products/soft-white-satin-shirt-copy,soft-white-satin-shirt-copy,Light Blue - Satin Shirt,2499.00,01_RAW_DATA\collections_html\TONES-COL-0082.html
TONES-COL-0082,https://www.tonesfashion.com/collections/the-satin-edit/products/burgundy-satin-shirt,burgundy-satin-shirt,Burgundy - Satin Shirt,2499.00,01_RAW_DATA\collections_html\TONES-COL-0082.html
TONES-COL-0082,https://www.tonesfashion.com/collections/the-satin-edit/products/3-t-shirt-combo,3-t-shirt-combo,3 T-shirt Combo,1999.00,01_RAW_DATA\collections_html\TONES-COL-0082.html
TONES-COL-0082,https://www.tonesfashion.com/collections/the-satin-edit/products/acid-wash-muscle-tee,acid-wash-muscle-tee,ACID WASH MUSCLE TEE,1299.00,01_RAW_DATA\collections_html\TONES-COL-0082.html
TONES-COL-0082,https://www.tonesfashion.com/collections/the-satin-edit/products/anti-perfect-tee-cofee-beige,anti-perfect-tee-cofee-beige,ANTI-PERFECT OVERSIZED TEE - COFEE BEIGE,1499.00,01_RAW_DATA\collections_html\TONES-COL-0082.html
TONES-COL-0082,https://www.tonesfashion.com/collections/the-satin-edit/products/double-pocket-black-shirt,double-pocket-black-shirt,Black - Double Pocket Shirt,2000.00,01_RAW_DATA\collections_html\TONES-COL-0082.html
TONES-COL-0082,https://www.tonesfashion.com/collections/the-satin-edit/products/black-flannel-double-pocket-shirt,black-flannel-double-pocket-shirt,BLACK DOUBLE POCKET FLANNEL SHIRT,2499.00,01_RAW_DATA\collections_html\TONES-COL-0082.html
TONES-COL-0082,https://www.tonesfashion.com/collections/the-satin-edit/products/blue-checks-flanel,blue-checks-flanel,Blue Checks Flannel,2999.00,01_RAW_DATA\collections_html\TONES-COL-0082.html
TONES-COL-0082,https://www.tonesfashion.com/collections/the-satin-edit/products/blue-drip-sweatshirt-copy,blue-drip-sweatshirt-copy,Blue Drip Sweatshirt,2299.00,01_RAW_DATA\collections_html\TONES-COL-0082.html
TONES-COL-0082,https://www.tonesfashion.com/collections/the-satin-edit/products/deep-sage-gauze-cotton-shirt-copy,deep-sage-gauze-cotton-shirt-copy,Blue Oxford Shirt,2499.00,01_RAW_DATA\collections_html\TONES-COL-0082.html
TONES-COL-0082,https://www.tonesfashion.com/collections/the-satin-edit/products/rustic-brown-acid-wash-t-shirt,rustic-brown-acid-wash-t-shirt,Brown Acid Wash Ringer T-Shirt,1599.00,01_RAW_DATA\collections_html\TONES-COL-0082.html
TONES-COL-0082,https://www.tonesfashion.com/collections/the-satin-edit/products/brown-checks-flanel,brown-checks-flanel,Brown Checks Flannel,2999.00,01_RAW_DATA\collections_html\TONES-COL-0082.html
TONES-COL-0082,https://www.tonesfashion.com/collections/the-satin-edit/products/brown-double-pocket-shacket,brown-double-pocket-shacket,BROWN DOUBLE POCKET FLANNEL SHACKET,3499.00,01_RAW_DATA\collections_html\TONES-COL-0082.html
TONES-COL-0083,https://www.tonesfashion.com/collections/the-understatement-collection/products/deep-sage-gauze-cotton-shirt-copy,deep-sage-gauze-cotton-shirt-copy,Blue Oxford Shirt,2499.00,01_RAW_DATA\collections_html\TONES-COL-0083.html
TONES-COL-0083,https://www.tonesfashion.com/collections/the-understatement-collection/products/yellow-oxford-shirt,yellow-oxford-shirt,Yellow Oxford Shirt,2499.00,01_RAW_DATA\collections_html\TONES-COL-0083.html
TONES-COL-0083,https://www.tonesfashion.com/collections/the-understatement-collection/products/pink-oxford-shirt,pink-oxford-shirt,Pink Oxford Shirt,2499.00,01_RAW_DATA\collections_html\TONES-COL-0083.html
TONES-COL-0083,https://www.tonesfashion.com/collections/the-understatement-collection/products/blue-oxford-shirt-copy,blue-oxford-shirt-copy,Sage Oxford Shirt,2499.00,01_RAW_DATA\collections_html\TONES-COL-0083.html
TONES-COL-0083,https://www.tonesfashion.com/collections/the-understatement-collection/products/3-t-shirt-combo,3-t-shirt-combo,3 T-shirt Combo,1999.00,01_RAW_DATA\collections_html\TONES-COL-0083.html
TONES-COL-0083,https://www.tonesfashion.com/collections/the-understatement-collection/products/acid-wash-muscle-tee,acid-wash-muscle-tee,ACID WASH MUSCLE TEE,1299.00,01_RAW_DATA\collections_html\TONES-COL-0083.html
TONES-COL-0083,https://www.tonesfashion.com/collections/the-understatement-collection/products/anti-perfect-tee-cofee-beige,anti-perfect-tee-cofee-beige,ANTI-PERFECT OVERSIZED TEE - COFEE BEIGE,1499.00,01_RAW_DATA\collections_html\TONES-COL-0083.html
TONES-COL-0083,https://www.tonesfashion.com/collections/the-understatement-collection/products/double-pocket-black-shirt,double-pocket-black-shirt,Black - Double Pocket Shirt,2000.00,01_RAW_DATA\collections_html\TONES-COL-0083.html
TONES-COL-0083,https://www.tonesfashion.com/collections/the-understatement-collection/products/black-flannel-double-pocket-shirt,black-flannel-double-pocket-shirt,BLACK DOUBLE POCKET FLANNEL SHIRT,2499.00,01_RAW_DATA\collections_html\TONES-COL-0083.html
TONES-COL-0083,https://www.tonesfashion.com/collections/the-understatement-collection/products/blue-checks-flanel,blue-checks-flanel,Blue Checks Flannel,2999.00,01_RAW_DATA\collections_html\TONES-COL-0083.html
TONES-COL-0083,https://www.tonesfashion.com/collections/the-understatement-collection/products/blue-drip-sweatshirt-copy,blue-drip-sweatshirt-copy,Blue Drip Sweatshirt,2299.00,01_RAW_DATA\collections_html\TONES-COL-0083.html
TONES-COL-0083,https://www.tonesfashion.com/collections/the-understatement-collection/products/rustic-brown-acid-wash-t-shirt,rustic-brown-acid-wash-t-shirt,Brown Acid Wash Ringer T-Shirt,1599.00,01_RAW_DATA\collections_html\TONES-COL-0083.html
TONES-COL-0083,https://www.tonesfashion.com/collections/the-understatement-collection/products/brown-checks-flanel,brown-checks-flanel,Brown Checks Flannel,2999.00,01_RAW_DATA\collections_html\TONES-COL-0083.html
TONES-COL-0083,https://www.tonesfashion.com/collections/the-understatement-collection/products/brown-double-pocket-shacket,brown-double-pocket-shacket,BROWN DOUBLE POCKET FLANNEL SHACKET,3499.00,01_RAW_DATA\collections_html\TONES-COL-0083.html
TONES-COL-0083,https://www.tonesfashion.com/collections/the-understatement-collection/products/burgundy-satin-shirt,burgundy-satin-shirt,Burgundy - Satin Shirt,2499.00,01_RAW_DATA\collections_html\TONES-COL-0083.html
TONES-COL-0084,https://www.tonesfashion.com/collections/the-wildcard/products/the-alpha-oversized-tee,the-alpha-oversized-tee,The Alpha - Oversized Tee,1599.00,01_RAW_DATA\collections_html\TONES-COL-0084.html
TONES-COL-0084,https://www.tonesfashion.com/collections/the-wildcard/products/the-alpha-oversized-tee-copy,the-alpha-oversized-tee-copy,The Final Act - Oversized Tee,1599.00,01_RAW_DATA\collections_html\TONES-COL-0084.html
TONES-COL-0084,https://www.tonesfashion.com/collections/the-wildcard/products/the-final-act-oversized-tee-copy,the-final-act-oversized-tee-copy,Created To Create - Oversized Tee,1599.00,01_RAW_DATA\collections_html\TONES-COL-0084.html
TONES-COL-0084,https://www.tonesfashion.com/collections/the-wildcard/products/3-t-shirt-combo,3-t-shirt-combo,3 T-shirt Combo,1999.00,01_RAW_DATA\collections_html\TONES-COL-0084.html
TONES-COL-0084,https://www.tonesfashion.com/collections/the-wildcard/products/acid-wash-muscle-tee,acid-wash-muscle-tee,ACID WASH MUSCLE TEE,1299.00,01_RAW_DATA\collections_html\TONES-COL-0084.html
TONES-COL-0084,https://www.tonesfashion.com/collections/the-wildcard/products/anti-perfect-tee-cofee-beige,anti-perfect-tee-cofee-beige,ANTI-PERFECT OVERSIZED TEE - COFEE BEIGE,1499.00,01_RAW_DATA\collections_html\TONES-COL-0084.html
TONES-COL-0084,https://www.tonesfashion.com/collections/the-wildcard/products/double-pocket-black-shirt,double-pocket-black-shirt,Black - Double Pocket Shirt,2000.00,01_RAW_DATA\collections_html\TONES-COL-0084.html
TONES-COL-0084,https://www.tonesfashion.com/collections/the-wildcard/products/black-flannel-double-pocket-shirt,black-flannel-double-pocket-shirt,BLACK DOUBLE POCKET FLANNEL SHIRT,2499.00,01_RAW_DATA\collections_html\TONES-COL-0084.html
TONES-COL-0084,https://www.tonesfashion.com/collections/the-wildcard/products/blue-checks-flanel,blue-checks-flanel,Blue Checks Flannel,2999.00,01_RAW_DATA\collections_html\TONES-COL-0084.html
TONES-COL-0084,https://www.tonesfashion.com/collections/the-wildcard/products/blue-drip-sweatshirt-copy,blue-drip-sweatshirt-copy,Blue Drip Sweatshirt,2299.00,01_RAW_DATA\collections_html\TONES-COL-0084.html
TONES-COL-0084,https://www.tonesfashion.com/collections/the-wildcard/products/deep-sage-gauze-cotton-shirt-copy,deep-sage-gauze-cotton-shirt-copy,Blue Oxford Shirt,2499.00,01_RAW_DATA\collections_html\TONES-COL-0084.html
TONES-COL-0084,https://www.tonesfashion.com/collections/the-wildcard/products/rustic-brown-acid-wash-t-shirt,rustic-brown-acid-wash-t-shirt,Brown Acid Wash Ringer T-Shirt,1599.00,01_RAW_DATA\collections_html\TONES-COL-0084.html
TONES-COL-0084,https://www.tonesfashion.com/collections/the-wildcard/products/brown-checks-flanel,brown-checks-flanel,Brown Checks Flannel,2999.00,01_RAW_DATA\collections_html\TONES-COL-0084.html
TONES-COL-0084,https://www.tonesfashion.com/collections/the-wildcard/products/brown-double-pocket-shacket,brown-double-pocket-shacket,BROWN DOUBLE POCKET FLANNEL SHACKET,3499.00,01_RAW_DATA\collections_html\TONES-COL-0084.html
TONES-COL-0084,https://www.tonesfashion.com/collections/the-wildcard/products/burgundy-satin-shirt,burgundy-satin-shirt,Burgundy - Satin Shirt,2499.00,01_RAW_DATA\collections_html\TONES-COL-0084.html
TONES-COL-0085,https://www.tonesfashion.com/collections/tones-luxe/products/3-t-shirt-combo,3-t-shirt-combo,3 T-shirt Combo,1999.00,01_RAW_DATA\collections_html\TONES-COL-0085.html
TONES-COL-0085,https://www.tonesfashion.com/collections/tones-luxe/products/acid-wash-muscle-tee,acid-wash-muscle-tee,ACID WASH MUSCLE TEE,1299.00,01_RAW_DATA\collections_html\TONES-COL-0085.html
TONES-COL-0085,https://www.tonesfashion.com/collections/tones-luxe/products/anti-perfect-tee-cofee-beige,anti-perfect-tee-cofee-beige,ANTI-PERFECT OVERSIZED TEE - COFEE BEIGE,1499.00,01_RAW_DATA\collections_html\TONES-COL-0085.html
TONES-COL-0085,https://www.tonesfashion.com/collections/tones-luxe/products/double-pocket-black-shirt,double-pocket-black-shirt,Black - Double Pocket Shirt,2000.00,01_RAW_DATA\collections_html\TONES-COL-0085.html
TONES-COL-0085,https://www.tonesfashion.com/collections/tones-luxe/products/black-flannel-double-pocket-shirt,black-flannel-double-pocket-shirt,BLACK DOUBLE POCKET FLANNEL SHIRT,2499.00,01_RAW_DATA\collections_html\TONES-COL-0085.html
TONES-COL-0085,https://www.tonesfashion.com/collections/tones-luxe/products/blue-checks-flanel,blue-checks-flanel,Blue Checks Flannel,2999.00,01_RAW_DATA\collections_html\TONES-COL-0085.html
TONES-COL-0085,https://www.tonesfashion.com/collections/tones-luxe/products/blue-drip-sweatshirt-copy,blue-drip-sweatshirt-copy,Blue Drip Sweatshirt,2299.00,01_RAW_DATA\collections_html\TONES-COL-0085.html
TONES-COL-0085,https://www.tonesfashion.com/collections/tones-luxe/products/deep-sage-gauze-cotton-shirt-copy,deep-sage-gauze-cotton-shirt-copy,Blue Oxford Shirt,2499.00,01_RAW_DATA\collections_html\TONES-COL-0085.html
TONES-COL-0085,https://www.tonesfashion.com/collections/tones-luxe/products/rustic-brown-acid-wash-t-shirt,rustic-brown-acid-wash-t-shirt,Brown Acid Wash Ringer T-Shirt,1599.00,01_RAW_DATA\collections_html\TONES-COL-0085.html
TONES-COL-0085,https://www.tonesfashion.com/collections/tones-luxe/products/brown-checks-flanel,brown-checks-flanel,Brown Checks Flannel,2999.00,01_RAW_DATA\collections_html\TONES-COL-0085.html
TONES-COL-0085,https://www.tonesfashion.com/collections/tones-luxe/products/brown-double-pocket-shacket,brown-double-pocket-shacket,BROWN DOUBLE POCKET FLANNEL SHACKET,3499.00,01_RAW_DATA\collections_html\TONES-COL-0085.html
TONES-COL-0085,https://www.tonesfashion.com/collections/tones-luxe/products/burgundy-satin-shirt,burgundy-satin-shirt,Burgundy - Satin Shirt,2499.00,01_RAW_DATA\collections_html\TONES-COL-0085.html
TONES-COL-0086,https://www.tonesfashion.com/collections/tones-street-wear-fashion/products/3-t-shirt-combo,3-t-shirt-combo,3 T-shirt Combo,1999.00,01_RAW_DATA\collections_html\TONES-COL-0086.html
TONES-COL-0086,https://www.tonesfashion.com/collections/tones-street-wear-fashion/products/acid-wash-muscle-tee,acid-wash-muscle-tee,ACID WASH MUSCLE TEE,1299.00,01_RAW_DATA\collections_html\TONES-COL-0086.html
TONES-COL-0086,https://www.tonesfashion.com/collections/tones-street-wear-fashion/products/anti-perfect-tee-cofee-beige,anti-perfect-tee-cofee-beige,ANTI-PERFECT OVERSIZED TEE - COFEE BEIGE,1499.00,01_RAW_DATA\collections_html\TONES-COL-0086.html
TONES-COL-0086,https://www.tonesfashion.com/collections/tones-street-wear-fashion/products/double-pocket-black-shirt,double-pocket-black-shirt,Black - Double Pocket Shirt,2000.00,01_RAW_DATA\collections_html\TONES-COL-0086.html
TONES-COL-0086,https://www.tonesfashion.com/collections/tones-street-wear-fashion/products/black-flannel-double-pocket-shirt,black-flannel-double-pocket-shirt,BLACK DOUBLE POCKET FLANNEL SHIRT,2499.00,01_RAW_DATA\collections_html\TONES-COL-0086.html
TONES-COL-0086,https://www.tonesfashion.com/collections/tones-street-wear-fashion/products/blue-checks-flanel,blue-checks-flanel,Blue Checks Flannel,2999.00,01_RAW_DATA\collections_html\TONES-COL-0086.html
TONES-COL-0086,https://www.tonesfashion.com/collections/tones-street-wear-fashion/products/blue-drip-sweatshirt-copy,blue-drip-sweatshirt-copy,Blue Drip Sweatshirt,2299.00,01_RAW_DATA\collections_html\TONES-COL-0086.html
TONES-COL-0086,https://www.tonesfashion.com/collections/tones-street-wear-fashion/products/deep-sage-gauze-cotton-shirt-copy,deep-sage-gauze-cotton-shirt-copy,Blue Oxford Shirt,2499.00,01_RAW_DATA\collections_html\TONES-COL-0086.html
TONES-COL-0086,https://www.tonesfashion.com/collections/tones-street-wear-fashion/products/rustic-brown-acid-wash-t-shirt,rustic-brown-acid-wash-t-shirt,Brown Acid Wash Ringer T-Shirt,1599.00,01_RAW_DATA\collections_html\TONES-COL-0086.html
TONES-COL-0086,https://www.tonesfashion.com/collections/tones-street-wear-fashion/products/brown-checks-flanel,brown-checks-flanel,Brown Checks Flannel,2999.00,01_RAW_DATA\collections_html\TONES-COL-0086.html
TONES-COL-0086,https://www.tonesfashion.com/collections/tones-street-wear-fashion/products/brown-double-pocket-shacket,brown-double-pocket-shacket,BROWN DOUBLE POCKET FLANNEL SHACKET,3499.00,01_RAW_DATA\collections_html\TONES-COL-0086.html
TONES-COL-0086,https://www.tonesfashion.com/collections/tones-street-wear-fashion/products/burgundy-satin-shirt,burgundy-satin-shirt,Burgundy - Satin Shirt,2499.00,01_RAW_DATA\collections_html\TONES-COL-0086.html
TONES-COL-0087,https://www.tonesfashion.com/collections/trail/products/3-t-shirt-combo,3-t-shirt-combo,3 T-shirt Combo,1999.00,01_RAW_DATA\collections_html\TONES-COL-0087.html
TONES-COL-0087,https://www.tonesfashion.com/collections/trail/products/acid-wash-muscle-tee,acid-wash-muscle-tee,ACID WASH MUSCLE TEE,1299.00,01_RAW_DATA\collections_html\TONES-COL-0087.html
TONES-COL-0087,https://www.tonesfashion.com/collections/trail/products/anti-perfect-tee-cofee-beige,anti-perfect-tee-cofee-beige,ANTI-PERFECT OVERSIZED TEE - COFEE BEIGE,1499.00,01_RAW_DATA\collections_html\TONES-COL-0087.html
TONES-COL-0087,https://www.tonesfashion.com/collections/trail/products/double-pocket-black-shirt,double-pocket-black-shirt,Black - Double Pocket Shirt,2000.00,01_RAW_DATA\collections_html\TONES-COL-0087.html
TONES-COL-0087,https://www.tonesfashion.com/collections/trail/products/black-flannel-double-pocket-shirt,black-flannel-double-pocket-shirt,BLACK DOUBLE POCKET FLANNEL SHIRT,2499.00,01_RAW_DATA\collections_html\TONES-COL-0087.html
TONES-COL-0087,https://www.tonesfashion.com/collections/trail/products/blue-checks-flanel,blue-checks-flanel,Blue Checks Flannel,2999.00,01_RAW_DATA\collections_html\TONES-COL-0087.html
TONES-COL-0087,https://www.tonesfashion.com/collections/trail/products/blue-drip-sweatshirt-copy,blue-drip-sweatshirt-copy,Blue Drip Sweatshirt,2299.00,01_RAW_DATA\collections_html\TONES-COL-0087.html
TONES-COL-0087,https://www.tonesfashion.com/collections/trail/products/deep-sage-gauze-cotton-shirt-copy,deep-sage-gauze-cotton-shirt-copy,Blue Oxford Shirt,2499.00,01_RAW_DATA\collections_html\TONES-COL-0087.html
TONES-COL-0087,https://www.tonesfashion.com/collections/trail/products/rustic-brown-acid-wash-t-shirt,rustic-brown-acid-wash-t-shirt,Brown Acid Wash Ringer T-Shirt,1599.00,01_RAW_DATA\collections_html\TONES-COL-0087.html
TONES-COL-0087,https://www.tonesfashion.com/collections/trail/products/brown-checks-flanel,brown-checks-flanel,Brown Checks Flannel,2999.00,01_RAW_DATA\collections_html\TONES-COL-0087.html
TONES-COL-0087,https://www.tonesfashion.com/collections/trail/products/brown-double-pocket-shacket,brown-double-pocket-shacket,BROWN DOUBLE POCKET FLANNEL SHACKET,3499.00,01_RAW_DATA\collections_html\TONES-COL-0087.html
TONES-COL-0087,https://www.tonesfashion.com/collections/trail/products/burgundy-satin-shirt,burgundy-satin-shirt,Burgundy - Satin Shirt,2499.00,01_RAW_DATA\collections_html\TONES-COL-0087.html
TONES-COL-0088,https://www.tonesfashion.com/collections/tribal-script/products/3-t-shirt-combo,3-t-shirt-combo,3 T-shirt Combo,1999.00,01_RAW_DATA\collections_html\TONES-COL-0088.html
TONES-COL-0088,https://www.tonesfashion.com/collections/tribal-script/products/acid-wash-muscle-tee,acid-wash-muscle-tee,ACID WASH MUSCLE TEE,1299.00,01_RAW_DATA\collections_html\TONES-COL-0088.html
TONES-COL-0088,https://www.tonesfashion.com/collections/tribal-script/products/anti-perfect-tee-cofee-beige,anti-perfect-tee-cofee-beige,ANTI-PERFECT OVERSIZED TEE - COFEE BEIGE,1499.00,01_RAW_DATA\collections_html\TONES-COL-0088.html
TONES-COL-0088,https://www.tonesfashion.com/collections/tribal-script/products/double-pocket-black-shirt,double-pocket-black-shirt,Black - Double Pocket Shirt,2000.00,01_RAW_DATA\collections_html\TONES-COL-0088.html
TONES-COL-0088,https://www.tonesfashion.com/collections/tribal-script/products/black-flannel-double-pocket-shirt,black-flannel-double-pocket-shirt,BLACK DOUBLE POCKET FLANNEL SHIRT,2499.00,01_RAW_DATA\collections_html\TONES-COL-0088.html
TONES-COL-0088,https://www.tonesfashion.com/collections/tribal-script/products/blue-checks-flanel,blue-checks-flanel,Blue Checks Flannel,2999.00,01_RAW_DATA\collections_html\TONES-COL-0088.html
TONES-COL-0088,https://www.tonesfashion.com/collections/tribal-script/products/blue-drip-sweatshirt-copy,blue-drip-sweatshirt-copy,Blue Drip Sweatshirt,2299.00,01_RAW_DATA\collections_html\TONES-COL-0088.html
TONES-COL-0088,https://www.tonesfashion.com/collections/tribal-script/products/deep-sage-gauze-cotton-shirt-copy,deep-sage-gauze-cotton-shirt-copy,Blue Oxford Shirt,2499.00,01_RAW_DATA\collections_html\TONES-COL-0088.html
TONES-COL-0088,https://www.tonesfashion.com/collections/tribal-script/products/rustic-brown-acid-wash-t-shirt,rustic-brown-acid-wash-t-shirt,Brown Acid Wash Ringer T-Shirt,1599.00,01_RAW_DATA\collections_html\TONES-COL-0088.html
TONES-COL-0088,https://www.tonesfashion.com/collections/tribal-script/products/brown-checks-flanel,brown-checks-flanel,Brown Checks Flannel,2999.00,01_RAW_DATA\collections_html\TONES-COL-0088.html
TONES-COL-0088,https://www.tonesfashion.com/collections/tribal-script/products/brown-double-pocket-shacket,brown-double-pocket-shacket,BROWN DOUBLE POCKET FLANNEL SHACKET,3499.00,01_RAW_DATA\collections_html\TONES-COL-0088.html
TONES-COL-0088,https://www.tonesfashion.com/collections/tribal-script/products/burgundy-satin-shirt,burgundy-satin-shirt,Burgundy - Satin Shirt,2499.00,01_RAW_DATA\collections_html\TONES-COL-0088.html
TONES-COL-0089,https://www.tonesfashion.com/collections/true-tones/products/3-t-shirt-combo,3-t-shirt-combo,3 T-shirt Combo,1999.00,01_RAW_DATA\collections_html\TONES-COL-0089.html
TONES-COL-0089,https://www.tonesfashion.com/collections/true-tones/products/acid-wash-muscle-tee,acid-wash-muscle-tee,ACID WASH MUSCLE TEE,1299.00,01_RAW_DATA\collections_html\TONES-COL-0089.html
TONES-COL-0089,https://www.tonesfashion.com/collections/true-tones/products/anti-perfect-tee-cofee-beige,anti-perfect-tee-cofee-beige,ANTI-PERFECT OVERSIZED TEE - COFEE BEIGE,1499.00,01_RAW_DATA\collections_html\TONES-COL-0089.html
TONES-COL-0089,https://www.tonesfashion.com/collections/true-tones/products/double-pocket-black-shirt,double-pocket-black-shirt,Black - Double Pocket Shirt,2000.00,01_RAW_DATA\collections_html\TONES-COL-0089.html
TONES-COL-0089,https://www.tonesfashion.com/collections/true-tones/products/black-flannel-double-pocket-shirt,black-flannel-double-pocket-shirt,BLACK DOUBLE POCKET FLANNEL SHIRT,2499.00,01_RAW_DATA\collections_html\TONES-COL-0089.html
TONES-COL-0089,https://www.tonesfashion.com/collections/true-tones/products/blue-checks-flanel,blue-checks-flanel,Blue Checks Flannel,2999.00,01_RAW_DATA\collections_html\TONES-COL-0089.html
TONES-COL-0089,https://www.tonesfashion.com/collections/true-tones/products/blue-drip-sweatshirt-copy,blue-drip-sweatshirt-copy,Blue Drip Sweatshirt,2299.00,01_RAW_DATA\collections_html\TONES-COL-0089.html
TONES-COL-0089,https://www.tonesfashion.com/collections/true-tones/products/deep-sage-gauze-cotton-shirt-copy,deep-sage-gauze-cotton-shirt-copy,Blue Oxford Shirt,2499.00,01_RAW_DATA\collections_html\TONES-COL-0089.html
TONES-COL-0089,https://www.tonesfashion.com/collections/true-tones/products/rustic-brown-acid-wash-t-shirt,rustic-brown-acid-wash-t-shirt,Brown Acid Wash Ringer T-Shirt,1599.00,01_RAW_DATA\collections_html\TONES-COL-0089.html
TONES-COL-0089,https://www.tonesfashion.com/collections/true-tones/products/brown-checks-flanel,brown-checks-flanel,Brown Checks Flannel,2999.00,01_RAW_DATA\collections_html\TONES-COL-0089.html
TONES-COL-0089,https://www.tonesfashion.com/collections/true-tones/products/brown-double-pocket-shacket,brown-double-pocket-shacket,BROWN DOUBLE POCKET FLANNEL SHACKET,3499.00,01_RAW_DATA\collections_html\TONES-COL-0089.html
TONES-COL-0089,https://www.tonesfashion.com/collections/true-tones/products/burgundy-satin-shirt,burgundy-satin-shirt,Burgundy - Satin Shirt,2499.00,01_RAW_DATA\collections_html\TONES-COL-0089.html
TONES-COL-0090,https://www.tonesfashion.com/collections/tshirts/products/3-t-shirt-combo,3-t-shirt-combo,3 T-shirt Combo,1999.00,01_RAW_DATA\collections_html\TONES-COL-0090.html
TONES-COL-0090,https://www.tonesfashion.com/collections/tshirts/products/round-neck-slim-fit-tee-white-copy,round-neck-slim-fit-tee-white-copy,Round Neck Slim Fit Tee – Grey,699.00,01_RAW_DATA\collections_html\TONES-COL-0090.html
TONES-COL-0090,https://www.tonesfashion.com/collections/tshirts/products/anti-perfect-tee-cofee-beige,anti-perfect-tee-cofee-beige,ANTI-PERFECT OVERSIZED TEE - COFEE BEIGE,1499.00,01_RAW_DATA\collections_html\TONES-COL-0090.html
TONES-COL-0090,https://www.tonesfashion.com/collections/tshirts/products/daily-tees-orange,daily-tees-orange,Daily Tees - orange,399.00,01_RAW_DATA\collections_html\TONES-COL-0090.html
TONES-COL-0090,https://www.tonesfashion.com/collections/tshirts/products/gods-master-piece-white-copy,gods-master-piece-white-copy,GOD'S MASTER PIECE GREEN,1200.00,01_RAW_DATA\collections_html\TONES-COL-0090.html
TONES-COL-0090,https://www.tonesfashion.com/collections/tshirts/products/predator-tee-relaxed-fit-green,predator-tee-relaxed-fit-green,PREDATOR OVERSIZED TEE - GREEN,1499.00,01_RAW_DATA\collections_html\TONES-COL-0090.html
TONES-COL-0090,https://www.tonesfashion.com/collections/tshirts/products/storm-weaver-relaxed-fit-coffee-beige,storm-weaver-relaxed-fit-coffee-beige,STORM WEAVER OVERSIZED TEE - COFEE BEIGE,1499.00,01_RAW_DATA\collections_html\TONES-COL-0090.html
TONES-COL-0090,https://www.tonesfashion.com/collections/tshirts/products/round-neck-slim-fit-tee-navy-blue-copy,round-neck-slim-fit-tee-navy-blue-copy,Round Neck Slim Fit Tee - White,699.00,01_RAW_DATA\collections_html\TONES-COL-0090.html
TONES-COL-0090,https://www.tonesfashion.com/collections/tshirts/products/daily-tees-black-copy,daily-tees-black-copy,Daily Tees - black,399.00,01_RAW_DATA\collections_html\TONES-COL-0090.html
TONES-COL-0090,https://www.tonesfashion.com/collections/tshirts/products/round-neck-slim-fit-tee-brown,round-neck-slim-fit-tee-brown,Round Neck Slim Fit Tee - Brown,1299.00,01_RAW_DATA\collections_html\TONES-COL-0090.html
TONES-COL-0090,https://www.tonesfashion.com/collections/tshirts/products/rustic-brown-acid-wash-t-shirt,rustic-brown-acid-wash-t-shirt,Brown Acid Wash Ringer T-Shirt,1599.00,01_RAW_DATA\collections_html\TONES-COL-0090.html
TONES-COL-0090,https://www.tonesfashion.com/collections/tshirts/products/round-neck-slim-fit-tee-charcoal,round-neck-slim-fit-tee-charcoal,Round Neck Slim Fit Tee - Charcoal Black,1299.00,01_RAW_DATA\collections_html\TONES-COL-0090.html
TONES-COL-0090,https://www.tonesfashion.com/collections/tshirts/products/round-neck-slim-fit-tee-charcoal-copy,round-neck-slim-fit-tee-charcoal-copy,Round Neck Slim Fit Tee - Green,1299.00,01_RAW_DATA\collections_html\TONES-COL-0090.html
TONES-COL-0090,https://www.tonesfashion.com/collections/tshirts/products/acid-wash-muscle-tee,acid-wash-muscle-tee,ACID WASH MUSCLE TEE,1299.00,01_RAW_DATA\collections_html\TONES-COL-0090.html
TONES-COL-0090,https://www.tonesfashion.com/collections/tshirts/products/double-pocket-black-shirt,double-pocket-black-shirt,Black - Double Pocket Shirt,2000.00,01_RAW_DATA\collections_html\TONES-COL-0090.html
TONES-COL-0090,https://www.tonesfashion.com/collections/tshirts/products/black-flannel-double-pocket-shirt,black-flannel-double-pocket-shirt,BLACK DOUBLE POCKET FLANNEL SHIRT,2499.00,01_RAW_DATA\collections_html\TONES-COL-0090.html
TONES-COL-0090,https://www.tonesfashion.com/collections/tshirts/products/blue-checks-flanel,blue-checks-flanel,Blue Checks Flannel,2999.00,01_RAW_DATA\collections_html\TONES-COL-0090.html
TONES-COL-0090,https://www.tonesfashion.com/collections/tshirts/products/blue-drip-sweatshirt-copy,blue-drip-sweatshirt-copy,Blue Drip Sweatshirt,2299.00,01_RAW_DATA\collections_html\TONES-COL-0090.html
TONES-COL-0090,https://www.tonesfashion.com/collections/tshirts/products/deep-sage-gauze-cotton-shirt-copy,deep-sage-gauze-cotton-shirt-copy,Blue Oxford Shirt,2499.00,01_RAW_DATA\collections_html\TONES-COL-0090.html
TONES-COL-0090,https://www.tonesfashion.com/collections/tshirts/products/brown-checks-flanel,brown-checks-flanel,Brown Checks Flannel,2999.00,01_RAW_DATA\collections_html\TONES-COL-0090.html
TONES-COL-0090,https://www.tonesfashion.com/collections/tshirts/products/brown-double-pocket-shacket,brown-double-pocket-shacket,BROWN DOUBLE POCKET FLANNEL SHACKET,3499.00,01_RAW_DATA\collections_html\TONES-COL-0090.html
TONES-COL-0090,https://www.tonesfashion.com/collections/tshirts/products/burgundy-satin-shirt,burgundy-satin-shirt,Burgundy - Satin Shirt,2499.00,01_RAW_DATA\collections_html\TONES-COL-0090.html
TONES-COL-0091,https://www.tonesfashion.com/collections/under-999/products/navy-blue-acid-wash-t-shirt-1,navy-blue-acid-wash-t-shirt-1,Red Acid Wash Ringer T-Shirt,1599.00,01_RAW_DATA\collections_html\TONES-COL-0091.html
TONES-COL-0091,https://www.tonesfashion.com/collections/under-999/products/ivory-sand-modal-shirt,ivory-sand-modal-shirt,Ivory Sand - Modal Shirt,1999.00,01_RAW_DATA\collections_html\TONES-COL-0091.html
TONES-COL-0091,https://www.tonesfashion.com/collections/under-999/products/acid-wash-muscle-tee,acid-wash-muscle-tee,ACID WASH MUSCLE TEE,1299.00,01_RAW_DATA\collections_html\TONES-COL-0091.html
TONES-COL-0091,https://www.tonesfashion.com/collections/under-999/products/navy-blue-acid-wash-t-shirt-2,navy-blue-acid-wash-t-shirt-2,Navy Blue Acid Wash Ringer T-Shirt,1599.00,01_RAW_DATA\collections_html\TONES-COL-0091.html
TONES-COL-0091,https://www.tonesfashion.com/collections/under-999/products/rustic-brown-acid-wash-t-shirt,rustic-brown-acid-wash-t-shirt,Brown Acid Wash Ringer T-Shirt,1599.00,01_RAW_DATA\collections_html\TONES-COL-0091.html
TONES-COL-0091,https://www.tonesfashion.com/collections/under-999/products/elevated-basics-oversized-copy-copy,elevated-basics-oversized-copy-copy,Elevated Basics - Relaxed - White Color,499.00,01_RAW_DATA\collections_html\TONES-COL-0091.html
TONES-COL-0091,https://www.tonesfashion.com/collections/under-999/products/round-neck-slim-fit-tee-navy-blue-copy,round-neck-slim-fit-tee-navy-blue-copy,Round Neck Slim Fit Tee - White,699.00,01_RAW_DATA\collections_html\TONES-COL-0091.html
TONES-COL-0091,https://www.tonesfashion.com/collections/under-999/products/maroon-courdry-shacket-copy,maroon-courdry-shacket-copy,Mustard Corduroy Shacket,1999.00,01_RAW_DATA\collections_html\TONES-COL-0091.html
TONES-COL-0091,https://www.tonesfashion.com/collections/under-999/products/navy-blue-courdury-shacket,navy-blue-courdury-shacket,Navy Blue Corduroy Shacket,1999.00,01_RAW_DATA\collections_html\TONES-COL-0091.html
TONES-COL-0091,https://www.tonesfashion.com/collections/under-999/products/3-t-shirt-combo,3-t-shirt-combo,3 T-shirt Combo,1999.00,01_RAW_DATA\collections_html\TONES-COL-0091.html
TONES-COL-0091,https://www.tonesfashion.com/collections/under-999/products/tropic-rayon,tropic-rayon,TROPIC CUBAN - SHIRRT,2000.00,01_RAW_DATA\collections_html\TONES-COL-0091.html
TONES-COL-0091,https://www.tonesfashion.com/collections/under-999/products/sage-rayon,sage-rayon,SAGE CUBAN - SHIRT,2000.00,01_RAW_DATA\collections_html\TONES-COL-0091.html
TONES-COL-0091,https://www.tonesfashion.com/collections/under-999/products/marine-rayon,marine-rayon,MARINE CUBAN - SHIRT,2000.00,01_RAW_DATA\collections_html\TONES-COL-0091.html
TONES-COL-0091,https://www.tonesfashion.com/collections/under-999/products/gods-master-piece-white-copy,gods-master-piece-white-copy,GOD'S MASTER PIECE GREEN,1200.00,01_RAW_DATA\collections_html\TONES-COL-0091.html
TONES-COL-0091,https://www.tonesfashion.com/collections/under-999/products/elivated-basics-oversized,elivated-basics-oversized,Elevated Basics - Relaxed - Beige Color,499.00,01_RAW_DATA\collections_html\TONES-COL-0091.html
TONES-COL-0091,https://www.tonesfashion.com/collections/under-999/products/round-neck-slim-fit-tee-brown,round-neck-slim-fit-tee-brown,Round Neck Slim Fit Tee - Brown,1299.00,01_RAW_DATA\collections_html\TONES-COL-0091.html
TONES-COL-0091,https://www.tonesfashion.com/collections/under-999/products/round-neck-slim-fit-tee-charcoal-copy,round-neck-slim-fit-tee-charcoal-copy,Round Neck Slim Fit Tee - Green,1299.00,01_RAW_DATA\collections_html\TONES-COL-0091.html
TONES-COL-0091,https://www.tonesfashion.com/collections/under-999/products/round-neck-slim-fit-tee-charcoal,round-neck-slim-fit-tee-charcoal,Round Neck Slim Fit Tee - Charcoal Black,1299.00,01_RAW_DATA\collections_html\TONES-COL-0091.html
TONES-COL-0091,https://www.tonesfashion.com/collections/under-999/products/anti-perfect-tee-cofee-beige,anti-perfect-tee-cofee-beige,ANTI-PERFECT OVERSIZED TEE - COFEE BEIGE,1499.00,01_RAW_DATA\collections_html\TONES-COL-0091.html
TONES-COL-0091,https://www.tonesfashion.com/collections/under-999/products/predator-tee-relaxed-fit-green,predator-tee-relaxed-fit-green,PREDATOR OVERSIZED TEE - GREEN,1499.00,01_RAW_DATA\collections_html\TONES-COL-0091.html
TONES-COL-0091,https://www.tonesfashion.com/collections/under-999/products/storm-weaver-relaxed-fit-coffee-beige,storm-weaver-relaxed-fit-coffee-beige,STORM WEAVER OVERSIZED TEE - COFEE BEIGE,1499.00,01_RAW_DATA\collections_html\TONES-COL-0091.html
TONES-COL-0091,https://www.tonesfashion.com/collections/under-999/products/elevated-basics-oversized-copy,elevated-basics-oversized-copy,Elevated Basics - Relaxed - Black Color,499.00,01_RAW_DATA\collections_html\TONES-COL-0091.html
TONES-COL-0091,https://www.tonesfashion.com/collections/under-999/products/round-neck-slim-fit-tee-white-copy,round-neck-slim-fit-tee-white-copy,Round Neck Slim Fit Tee – Grey,699.00,01_RAW_DATA\collections_html\TONES-COL-0091.html
TONES-COL-0091,https://www.tonesfashion.com/collections/under-999/products/white-bloom-shirt,white-bloom-shirt,WHITE - BLOOM SHIRT,2000.00,01_RAW_DATA\collections_html\TONES-COL-0091.html
TONES-COL-0091,https://www.tonesfashion.com/collections/under-999/products/double-pocket-black-shirt,double-pocket-black-shirt,Black - Double Pocket Shirt,2000.00,01_RAW_DATA\collections_html\TONES-COL-0091.html
TONES-COL-0091,https://www.tonesfashion.com/collections/under-999/products/black-flannel-double-pocket-shirt,black-flannel-double-pocket-shirt,BLACK DOUBLE POCKET FLANNEL SHIRT,2499.00,01_RAW_DATA\collections_html\TONES-COL-0091.html
TONES-COL-0091,https://www.tonesfashion.com/collections/under-999/products/blue-checks-flanel,blue-checks-flanel,Blue Checks Flannel,2999.00,01_RAW_DATA\collections_html\TONES-COL-0091.html
TONES-COL-0091,https://www.tonesfashion.com/collections/under-999/products/blue-drip-sweatshirt-copy,blue-drip-sweatshirt-copy,Blue Drip Sweatshirt,2299.00,01_RAW_DATA\collections_html\TONES-COL-0091.html
TONES-COL-0091,https://www.tonesfashion.com/collections/under-999/products/deep-sage-gauze-cotton-shirt-copy,deep-sage-gauze-cotton-shirt-copy,Blue Oxford Shirt,2499.00,01_RAW_DATA\collections_html\TONES-COL-0091.html
TONES-COL-0091,https://www.tonesfashion.com/collections/under-999/products/brown-checks-flanel,brown-checks-flanel,Brown Checks Flannel,2999.00,01_RAW_DATA\collections_html\TONES-COL-0091.html
TONES-COL-0091,https://www.tonesfashion.com/collections/under-999/products/brown-double-pocket-shacket,brown-double-pocket-shacket,BROWN DOUBLE POCKET FLANNEL SHACKET,3499.00,01_RAW_DATA\collections_html\TONES-COL-0091.html
TONES-COL-0091,https://www.tonesfashion.com/collections/under-999/products/burgundy-satin-shirt,burgundy-satin-shirt,Burgundy - Satin Shirt,2499.00,01_RAW_DATA\collections_html\TONES-COL-0091.html
TONES-COL-0092,https://www.tonesfashion.com/collections/unisex/products/chaotic-good-pink-1,chaotic-good-pink-1,Chaotic Good - Pink - C5,1999.00,01_RAW_DATA\collections_html\TONES-COL-0092.html
TONES-COL-0092,https://www.tonesfashion.com/collections/unisex/products/tones-original-black,tones-original-black,Tones Original - Black,1499.00,01_RAW_DATA\collections_html\TONES-COL-0092.html
TONES-COL-0092,https://www.tonesfashion.com/collections/unisex/products/daily-tees-orange,daily-tees-orange,Daily Tees - orange,399.00,01_RAW_DATA\collections_html\TONES-COL-0092.html
TONES-COL-0092,https://www.tonesfashion.com/collections/unisex/products/3-t-shirt-combo,3-t-shirt-combo,3 T-shirt Combo,1999.00,01_RAW_DATA\collections_html\TONES-COL-0092.html
TONES-COL-0092,https://www.tonesfashion.com/collections/unisex/products/acid-wash-muscle-tee,acid-wash-muscle-tee,ACID WASH MUSCLE TEE,1299.00,01_RAW_DATA\collections_html\TONES-COL-0092.html
TONES-COL-0092,https://www.tonesfashion.com/collections/unisex/products/anti-perfect-tee-cofee-beige,anti-perfect-tee-cofee-beige,ANTI-PERFECT OVERSIZED TEE - COFEE BEIGE,1499.00,01_RAW_DATA\collections_html\TONES-COL-0092.html
TONES-COL-0092,https://www.tonesfashion.com/collections/unisex/products/double-pocket-black-shirt,double-pocket-black-shirt,Black - Double Pocket Shirt,2000.00,01_RAW_DATA\collections_html\TONES-COL-0092.html
TONES-COL-0092,https://www.tonesfashion.com/collections/unisex/products/black-flannel-double-pocket-shirt,black-flannel-double-pocket-shirt,BLACK DOUBLE POCKET FLANNEL SHIRT,2499.00,01_RAW_DATA\collections_html\TONES-COL-0092.html
TONES-COL-0092,https://www.tonesfashion.com/collections/unisex/products/blue-checks-flanel,blue-checks-flanel,Blue Checks Flannel,2999.00,01_RAW_DATA\collections_html\TONES-COL-0092.html
TONES-COL-0092,https://www.tonesfashion.com/collections/unisex/products/blue-drip-sweatshirt-copy,blue-drip-sweatshirt-copy,Blue Drip Sweatshirt,2299.00,01_RAW_DATA\collections_html\TONES-COL-0092.html
TONES-COL-0092,https://www.tonesfashion.com/collections/unisex/products/deep-sage-gauze-cotton-shirt-copy,deep-sage-gauze-cotton-shirt-copy,Blue Oxford Shirt,2499.00,01_RAW_DATA\collections_html\TONES-COL-0092.html
TONES-COL-0092,https://www.tonesfashion.com/collections/unisex/products/rustic-brown-acid-wash-t-shirt,rustic-brown-acid-wash-t-shirt,Brown Acid Wash Ringer T-Shirt,1599.00,01_RAW_DATA\collections_html\TONES-COL-0092.html
TONES-COL-0092,https://www.tonesfashion.com/collections/unisex/products/brown-checks-flanel,brown-checks-flanel,Brown Checks Flannel,2999.00,01_RAW_DATA\collections_html\TONES-COL-0092.html
TONES-COL-0092,https://www.tonesfashion.com/collections/unisex/products/brown-double-pocket-shacket,brown-double-pocket-shacket,BROWN DOUBLE POCKET FLANNEL SHACKET,3499.00,01_RAW_DATA\collections_html\TONES-COL-0092.html
TONES-COL-0092,https://www.tonesfashion.com/collections/unisex/products/burgundy-satin-shirt,burgundy-satin-shirt,Burgundy - Satin Shirt,2499.00,01_RAW_DATA\collections_html\TONES-COL-0092.html
TONES-COL-0093,https://www.tonesfashion.com/collections/unlocking-soon/products/3-t-shirt-combo,3-t-shirt-combo,3 T-shirt Combo,1999.00,01_RAW_DATA\collections_html\TONES-COL-0093.html
TONES-COL-0093,https://www.tonesfashion.com/collections/unlocking-soon/products/acid-wash-muscle-tee,acid-wash-muscle-tee,ACID WASH MUSCLE TEE,1299.00,01_RAW_DATA\collections_html\TONES-COL-0093.html
TONES-COL-0093,https://www.tonesfashion.com/collections/unlocking-soon/products/anti-perfect-tee-cofee-beige,anti-perfect-tee-cofee-beige,ANTI-PERFECT OVERSIZED TEE - COFEE BEIGE,1499.00,01_RAW_DATA\collections_html\TONES-COL-0093.html
TONES-COL-0093,https://www.tonesfashion.com/collections/unlocking-soon/products/double-pocket-black-shirt,double-pocket-black-shirt,Black - Double Pocket Shirt,2000.00,01_RAW_DATA\collections_html\TONES-COL-0093.html
TONES-COL-0093,https://www.tonesfashion.com/collections/unlocking-soon/products/black-flannel-double-pocket-shirt,black-flannel-double-pocket-shirt,BLACK DOUBLE POCKET FLANNEL SHIRT,2499.00,01_RAW_DATA\collections_html\TONES-COL-0093.html
TONES-COL-0093,https://www.tonesfashion.com/collections/unlocking-soon/products/blue-checks-flanel,blue-checks-flanel,Blue Checks Flannel,2999.00,01_RAW_DATA\collections_html\TONES-COL-0093.html
TONES-COL-0093,https://www.tonesfashion.com/collections/unlocking-soon/products/blue-drip-sweatshirt-copy,blue-drip-sweatshirt-copy,Blue Drip Sweatshirt,2299.00,01_RAW_DATA\collections_html\TONES-COL-0093.html
TONES-COL-0093,https://www.tonesfashion.com/collections/unlocking-soon/products/deep-sage-gauze-cotton-shirt-copy,deep-sage-gauze-cotton-shirt-copy,Blue Oxford Shirt,2499.00,01_RAW_DATA\collections_html\TONES-COL-0093.html
TONES-COL-0093,https://www.tonesfashion.com/collections/unlocking-soon/products/rustic-brown-acid-wash-t-shirt,rustic-brown-acid-wash-t-shirt,Brown Acid Wash Ringer T-Shirt,1599.00,01_RAW_DATA\collections_html\TONES-COL-0093.html
TONES-COL-0093,https://www.tonesfashion.com/collections/unlocking-soon/products/brown-checks-flanel,brown-checks-flanel,Brown Checks Flannel,2999.00,01_RAW_DATA\collections_html\TONES-COL-0093.html
TONES-COL-0093,https://www.tonesfashion.com/collections/unlocking-soon/products/brown-double-pocket-shacket,brown-double-pocket-shacket,BROWN DOUBLE POCKET FLANNEL SHACKET,3499.00,01_RAW_DATA\collections_html\TONES-COL-0093.html
TONES-COL-0093,https://www.tonesfashion.com/collections/unlocking-soon/products/burgundy-satin-shirt,burgundy-satin-shirt,Burgundy - Satin Shirt,2499.00,01_RAW_DATA\collections_html\TONES-COL-0093.html
TONES-COL-0094,https://www.tonesfashion.com/collections/valentines-day-sale/products/tones-original-black,tones-original-black,Tones Original - Black,1499.00,01_RAW_DATA\collections_html\TONES-COL-0094.html
TONES-COL-0094,https://www.tonesfashion.com/collections/valentines-day-sale/products/chaotic-good-pink-1,chaotic-good-pink-1,Chaotic Good - Pink - C5,1999.00,01_RAW_DATA\collections_html\TONES-COL-0094.html
TONES-COL-0094,https://www.tonesfashion.com/collections/valentines-day-sale/products/3-t-shirt-combo,3-t-shirt-combo,3 T-shirt Combo,1999.00,01_RAW_DATA\collections_html\TONES-COL-0094.html
TONES-COL-0094,https://www.tonesfashion.com/collections/valentines-day-sale/products/acid-wash-muscle-tee,acid-wash-muscle-tee,ACID WASH MUSCLE TEE,1299.00,01_RAW_DATA\collections_html\TONES-COL-0094.html
TONES-COL-0094,https://www.tonesfashion.com/collections/valentines-day-sale/products/anti-perfect-tee-cofee-beige,anti-perfect-tee-cofee-beige,ANTI-PERFECT OVERSIZED TEE - COFEE BEIGE,1499.00,01_RAW_DATA\collections_html\TONES-COL-0094.html
TONES-COL-0094,https://www.tonesfashion.com/collections/valentines-day-sale/products/double-pocket-black-shirt,double-pocket-black-shirt,Black - Double Pocket Shirt,2000.00,01_RAW_DATA\collections_html\TONES-COL-0094.html
TONES-COL-0094,https://www.tonesfashion.com/collections/valentines-day-sale/products/black-flannel-double-pocket-shirt,black-flannel-double-pocket-shirt,BLACK DOUBLE POCKET FLANNEL SHIRT,2499.00,01_RAW_DATA\collections_html\TONES-COL-0094.html
TONES-COL-0094,https://www.tonesfashion.com/collections/valentines-day-sale/products/blue-checks-flanel,blue-checks-flanel,Blue Checks Flannel,2999.00,01_RAW_DATA\collections_html\TONES-COL-0094.html
TONES-COL-0094,https://www.tonesfashion.com/collections/valentines-day-sale/products/blue-drip-sweatshirt-copy,blue-drip-sweatshirt-copy,Blue Drip Sweatshirt,2299.00,01_RAW_DATA\collections_html\TONES-COL-0094.html
TONES-COL-0094,https://www.tonesfashion.com/collections/valentines-day-sale/products/deep-sage-gauze-cotton-shirt-copy,deep-sage-gauze-cotton-shirt-copy,Blue Oxford Shirt,2499.00,01_RAW_DATA\collections_html\TONES-COL-0094.html
TONES-COL-0094,https://www.tonesfashion.com/collections/valentines-day-sale/products/rustic-brown-acid-wash-t-shirt,rustic-brown-acid-wash-t-shirt,Brown Acid Wash Ringer T-Shirt,1599.00,01_RAW_DATA\collections_html\TONES-COL-0094.html
TONES-COL-0094,https://www.tonesfashion.com/collections/valentines-day-sale/products/brown-checks-flanel,brown-checks-flanel,Brown Checks Flannel,2999.00,01_RAW_DATA\collections_html\TONES-COL-0094.html
TONES-COL-0094,https://www.tonesfashion.com/collections/valentines-day-sale/products/brown-double-pocket-shacket,brown-double-pocket-shacket,BROWN DOUBLE POCKET FLANNEL SHACKET,3499.00,01_RAW_DATA\collections_html\TONES-COL-0094.html
TONES-COL-0094,https://www.tonesfashion.com/collections/valentines-day-sale/products/burgundy-satin-shirt,burgundy-satin-shirt,Burgundy - Satin Shirt,2499.00,01_RAW_DATA\collections_html\TONES-COL-0094.html
