collection_id,collection_url,product_handle,product_id,variant_id,collection_ids
TONES-COL-0002,https://www.tonesfashion.com/collections/accessories,tones-embroidery-cap-brown,10751687983297,49337387385025,474649919681|490862379201|293150261441|491823464641
TONES-COL-0003,https://www.tonesfashion.com/collections/acid-wash-collection,navy-blue-acid-wash-t-shirt-2,11027260997825,50427320860865,490551181505|471435739329|470701048001|293003460801|485747097793|474547093697|284518547649|491823464641|487623786689
TONES-COL-0003,https://www.tonesfashion.com/collections/acid-wash-collection,navy-blue-acid-wash-t-shirt-1,11027260408001,50427315257537,490551181505|471435739329|470701048001|293003460801|485747097793|474547093697|284518547649|491823464641|487623786689
TONES-COL-0003,https://www.tonesfashion.com/collections/acid-wash-collection,rustic-brown-acid-wash-t-shirt,11027259588801,50427312111809,490551181505|471435739329|470701048001|293003460801|485747097793|474547093697|284518547649|491823464641|489800040641|487623786689
TONES-COL-0004,https://www.tonesfashion.com/collections/anniversary-sale,chaotic-good-pink-1,10582331523265,48697839583425,479397216449|475043758273|474423492801|479542378689|491823464641|474531004609|293299388609|477701308609
TONES-COL-0004,https://www.tonesfashion.com/collections/anniversary-sale,round-neck-slim-fit-tee-white-copy,10705727258817,49201863295169,479397216449|292796661953|474547093697|284518547649|491823464641|489800040641|479232426177|487623786689|474531004609
TONES-COL-0004,https://www.tonesfashion.com/collections/anniversary-sale,round-neck-slim-fit-tee-navy-blue-copy,10705722310849,49201868865729,479397216449|292796661953|474547093697|284518547649|491823464641|489800040641|479232426177|487623786689|474531004609
TONES-COL-0004,https://www.tonesfashion.com/collections/anniversary-sale,daily-tees-orange,10481367548097,48436801831105,479397216449|471435739329|491823464641|489800040641|487623786689|474531004609|293299388609
TONES-COL-0007,https://www.tonesfashion.com/collections/best-sellers,brown-double-pocket-shacket,10852506468545,49663564611777,479128486081|486469140673|293003460801|485747097793|490862379201|288566313153|284518514881|483538763969|491823464641
TONES-COL-0007,https://www.tonesfashion.com/collections/best-sellers,grey-double-pocket-shacket,10852506435777,49663563104449,479128486081|486469140673|293003460801|485747097793|490862379201|288566313153|284518514881|483538763969|491823464641
TONES-COL-0007,https://www.tonesfashion.com/collections/best-sellers,charcoal-grey-flannel-double-pocket-shirt,10852506239169,49663562481857,479128486081|486469140673|293003460801|490862379201|288566313153|284518514881|483538763969|491823464641
TONES-COL-0007,https://www.tonesfashion.com/collections/best-sellers,black-flannel-double-pocket-shirt,10852506075329,49663559205057,479128486081|486469140673|293003460801|288566313153|284518514881|483538763969|491823464641
TONES-COL-0007,https://www.tonesfashion.com/collections/best-sellers,navy-blue-courdury-shacket,10907446378689,49963381555393,479128486081|486469140673|293003460801|485747097793|288566313153|284518514881|483538763969|491823464641|487623786689
TONES-COL-0007,https://www.tonesfashion.com/collections/best-sellers,maroon-courdry-shacket-copy,10907453161665,49963396825281,479128486081|486469140673|293003460801|485747097793|288566313153|284518514881|483538763969|491823464641|487623786689
TONES-COL-0008,https://www.tonesfashion.com/collections/black-friday-sale-deals,tones-original-black,10547296174273,48606816534721,479542378689|490862379201|473433669825|473433571521|474547093697|491823464641|474531004609|293299388609|477701308609|475876458689
TONES-COL-0009,https://www.tonesfashion.com/collections/bottom-wear,olive-green-cargos,10897643536577,49934144078017,476140306625|473433604289|293003460801|485747097793|289775419585|491823464641
TONES-COL-0009,https://www.tonesfashion.com/collections/bottom-wear,grey-cargo,10897638097089,49934133264577,476140306625|473433604289|293003460801|485747097793|289775419585|491823464641
TONES-COL-0009,https://www.tonesfashion.com/collections/bottom-wear,olive-green-chions,10818355888321,49561664684225,476140306625|289775419585|491823464641
TONES-COL-0009,https://www.tonesfashion.com/collections/bottom-wear,dark-brown-chions,10818352152769,49561659179201,476140306625|289775419585|490862379201|491823464641
TONES-COL-0009,https://www.tonesfashion.com/collections/bottom-wear,grey-chions,10818332098753,49561631097025,476140306625|289775419585|490862379201|491823464641
TONES-COL-0009,https://www.tonesfashion.com/collections/bottom-wear,cream-chinos,10770335203521,49400232050881,476140306625|491823464641
TONES-COL-0012,https://www.tonesfashion.com/collections/cargos,olive-green-cargos,10897643536577,49934144078017,476140306625|473433604289|293003460801|485747097793|289775419585|491823464641
TONES-COL-0012,https://www.tonesfashion.com/collections/cargos,grey-cargo,10897638097089,49934133264577,476140306625|473433604289|293003460801|485747097793|289775419585|491823464641
TONES-COL-0013,https://www.tonesfashion.com/collections/casuals,burgundy-satin-shirt,11040949436609,50484129530049,491790762177|293003460801|485747097793|288566313153|284518514881|483538763969|491823464641|491332731073
TONES-COL-0013,https://www.tonesfashion.com/collections/casuals,soft-white-satin-shirt,11040948256961,50484126744769,491790762177|293003460801|485747097793|288566313153|284518514881|483538763969|491823464641|491332731073
TONES-COL-0013,https://www.tonesfashion.com/collections/casuals,soft-white-satin-shirt-copy,11040948879553,50484128284865,491790762177|293003460801|485747097793|288566313153|284518514881|483538763969|491823464641|491332731073
TONES-COL-0013,https://www.tonesfashion.com/collections/casuals,navy-blue-shirt,11040950124737,50484131266753,491790762177|293003460801|485747097793|288566313153|284518514881|483538763969|491823464641|491332731073
TONES-COL-0013,https://www.tonesfashion.com/collections/casuals,jet-black-shirt,11040950452417,50484132675777,491790762177|293003460801|485747097793|288566313153|284518514881|483538763969|491823464641|491332731073
TONES-COL-0018,https://www.tonesfashion.com/collections/combo-tshirts,acid-wash-muscle-tee,10984163705025,50255244099777,492303712449|293003460801|474547093697|284518547649|491823464641|487623786689|474531004609
TONES-COL-0018,https://www.tonesfashion.com/collections/combo-tshirts,anti-perfect-tee-cofee-beige,10751466766529,49337383190721,474547093697|491823464641|489800040641|487623786689|474531004609
TONES-COL-0018,https://www.tonesfashion.com/collections/combo-tshirts,storm-weaver-relaxed-fit-coffee-beige,10751062704321,49337392464065,474547093697|491823464641|489800040641|487623786689|474531004609
TONES-COL-0018,https://www.tonesfashion.com/collections/combo-tshirts,3-t-shirt-combo,10835797606593,49616978477249,474547093697|284518547649|489800040641|487623786689|474531004609
TONES-COL-0018,https://www.tonesfashion.com/collections/combo-tshirts,round-neck-slim-fit-tee-brown,10835786858689,49616970809537,474547093697|284518547649|491823464641|489800040641|487623786689|474531004609
TONES-COL-0018,https://www.tonesfashion.com/collections/combo-tshirts,round-neck-slim-fit-tee-charcoal-copy,10835786006721,49616968548545,474547093697|284518547649|491823464641|489800040641|487623786689|474531004609
TONES-COL-0018,https://www.tonesfashion.com/collections/combo-tshirts,round-neck-slim-fit-tee-charcoal,10835785744577,49616967893185,474547093697|284518547649|491823464641|489800040641|487623786689|474531004609
TONES-COL-0018,https://www.tonesfashion.com/collections/combo-tshirts,gods-master-piece-white-copy,10814172692673,49547127521473,490862379201|474547093697|491823464641|489800040641|487623786689|474531004609
TONES-COL-0018,https://www.tonesfashion.com/collections/combo-tshirts,predator-tee-relaxed-fit-green,10751065522369,49337391513793,474547093697|491823464641|489800040641|487623786689|474531004609
TONES-COL-0018,https://www.tonesfashion.com/collections/combo-tshirts,elevated-basics-oversized-copy-copy,10746909589697,49324716523713,474547093697|284518547649|491823464641|479232426177|487623786689|474531004609
TONES-COL-0018,https://www.tonesfashion.com/collections/combo-tshirts,elevated-basics-oversized-copy,10746907852993,49324720586945,474547093697|284518547649|491823464641|479232426177|487623786689|474531004609
TONES-COL-0018,https://www.tonesfashion.com/collections/combo-tshirts,elivated-basics-oversized,10746495533249,49324723339457,474547093697|284518547649|491823464641|479232426177|487623786689|474531004609
TONES-COL-0018,https://www.tonesfashion.com/collections/combo-tshirts,round-neck-slim-fit-tee-white-copy,10705727258817,49201863295169,479397216449|292796661953|474547093697|284518547649|491823464641|489800040641|479232426177|487623786689|474531004609
TONES-COL-0018,https://www.tonesfashion.com/collections/combo-tshirts,round-neck-slim-fit-tee-navy-blue-copy,10705722310849,49201868865729,479397216449|292796661953|474547093697|284518547649|491823464641|489800040641|479232426177|487623786689|474531004609
TONES-COL-0018,https://www.tonesfashion.com/collections/combo-tshirts,chaotic-good-pink-1,10582331523265,48697839583425,479397216449|475043758273|474423492801|479542378689|491823464641|474531004609|293299388609|477701308609
TONES-COL-0018,https://www.tonesfashion.com/collections/combo-tshirts,tones-original-black,10547296174273,48606816534721,479542378689|490862379201|473433669825|473433571521|474547093697|491823464641|474531004609|293299388609|477701308609|475876458689
TONES-COL-0018,https://www.tonesfashion.com/collections/combo-tshirts,daily-tees-orange,10481367548097,48436801831105,479397216449|471435739329|491823464641|489800040641|487623786689|474531004609|293299388609
TONES-COL-0018,https://www.tonesfashion.com/collections/combo-tshirts,daily-tees-black-copy,10481366139073,48436795506881,471435739329|491823464641|489800040641|487623786689|474531004609
TONES-COL-0018,https://www.tonesfashion.com/collections/combo-tshirts,the-alpha-oversized-tee,11051699667137,50525600710849,471435739329|470701048001|483744415937|293003460801|485747097793|474547093697|284518547649|491823464641|491635343553|474531004609
TONES-COL-0018,https://www.tonesfashion.com/collections/combo-tshirts,the-alpha-oversized-tee-copy,11051705925825,50525615587521,471435739329|470701048001|483744415937|293003460801|485747097793|474547093697|284518547649|491823464641|491635343553|474531004609
TONES-COL-0018,https://www.tonesfashion.com/collections/combo-tshirts,the-final-act-oversized-tee-copy,11051711365313,50525626335425,471435739329|470701048001|483744415937|293003460801|485747097793|474547093697|284518547649|491823464641|491635343553|474531004609
TONES-COL-0023,https://www.tonesfashion.com/collections/daily-home-tees,daily-tees-orange,10481367548097,48436801831105,479397216449|471435739329|491823464641|489800040641|487623786689|474531004609|293299388609
TONES-COL-0023,https://www.tonesfashion.com/collections/daily-home-tees,the-final-act-oversized-tee-copy,11051711365313,50525626335425,471435739329|470701048001|483744415937|293003460801|485747097793|474547093697|284518547649|491823464641|491635343553|474531004609
TONES-COL-0023,https://www.tonesfashion.com/collections/daily-home-tees,daily-tees-black-copy,10481366139073,48436795506881,471435739329|491823464641|489800040641|487623786689|474531004609
TONES-COL-0023,https://www.tonesfashion.com/collections/daily-home-tees,the-alpha-oversized-tee,11051699667137,50525600710849,471435739329|470701048001|483744415937|293003460801|485747097793|474547093697|284518547649|491823464641|491635343553|474531004609
TONES-COL-0023,https://www.tonesfashion.com/collections/daily-home-tees,the-alpha-oversized-tee-copy,11051705925825,50525615587521,471435739329|470701048001|483744415937|293003460801|485747097793|474547093697|284518547649|491823464641|491635343553|474531004609
TONES-COL-0023,https://www.tonesfashion.com/collections/daily-home-tees,navy-blue-acid-wash-t-shirt-2,11027260997825,50427320860865,490551181505|471435739329|470701048001|293003460801|485747097793|474547093697|284518547649|491823464641|487623786689
TONES-COL-0023,https://www.tonesfashion.com/collections/daily-home-tees,navy-blue-acid-wash-t-shirt-1,11027260408001,50427315257537,490551181505|471435739329|470701048001|293003460801|485747097793|474547093697|284518547649|491823464641|487623786689
TONES-COL-0023,https://www.tonesfashion.com/collections/daily-home-tees,rustic-brown-acid-wash-t-shirt,11027259588801,50427312111809,490551181505|471435739329|470701048001|293003460801|485747097793|474547093697|284518547649|491823464641|489800040641|487623786689
TONES-COL-0024,https://www.tonesfashion.com/collections/daily-tees,rustic-brown-acid-wash-t-shirt,11027259588801,50427312111809,490551181505|471435739329|470701048001|293003460801|485747097793|474547093697|284518547649|491823464641|489800040641|487623786689
TONES-COL-0024,https://www.tonesfashion.com/collections/daily-tees,navy-blue-acid-wash-t-shirt-1,11027260408001,50427315257537,490551181505|471435739329|470701048001|293003460801|485747097793|474547093697|284518547649|491823464641|487623786689
TONES-COL-0024,https://www.tonesfashion.com/collections/daily-tees,navy-blue-acid-wash-t-shirt-2,11027260997825,50427320860865,490551181505|471435739329|470701048001|293003460801|485747097793|474547093697|284518547649|491823464641|487623786689
TONES-COL-0024,https://www.tonesfashion.com/collections/daily-tees,the-alpha-oversized-tee,11051699667137,50525600710849,471435739329|470701048001|483744415937|293003460801|485747097793|474547093697|284518547649|491823464641|491635343553|474531004609
TONES-COL-0024,https://www.tonesfashion.com/collections/daily-tees,the-alpha-oversized-tee-copy,11051705925825,50525615587521,471435739329|470701048001|483744415937|293003460801|485747097793|474547093697|284518547649|491823464641|491635343553|474531004609
TONES-COL-0024,https://www.tonesfashion.com/collections/daily-tees,the-final-act-oversized-tee-copy,11051711365313,50525626335425,471435739329|470701048001|483744415937|293003460801|485747097793|474547093697|284518547649|491823464641|491635343553|474531004609
TONES-COL-0027,https://www.tonesfashion.com/collections/designer-wear,scenic-still-ness-sage-green-1,10881197867201,49880939561153,483744415937|485820989633|290105786561|284518514881|284518645953|491823464641
TONES-COL-0027,https://www.tonesfashion.com/collections/designer-wear,petal-trays-charcoal-green-short-kurta,10881197572289,49880937562305,483744415937|485820989633|290105786561|284518514881|284518645953|491823464641
TONES-COL-0027,https://www.tonesfashion.com/collections/designer-wear,petal-trays-teal-blue-short-kurta,10881143406785,49880655659201,483744415937|485820989633|290105786561|284518514881|284518645953|491823464641
TONES-COL-0027,https://www.tonesfashion.com/collections/designer-wear,scenic-still-ness-butter-yellow-short-kurta,10881142653121,49880653594817,483744415937|485820989633|290105786561|284518514881|284518645953|491823464641
TONES-COL-0027,https://www.tonesfashion.com/collections/designer-wear,tusker-tails-soft-cream-short-kurta,10881142292673,49880653037761,483744415937|485820989633|290105786561|284518514881|284518645953|491823464641
TONES-COL-0027,https://www.tonesfashion.com/collections/designer-wear,cream-short-kurta-copy,10881141833921,49880652054721,483744415937|485820989633|290105786561|284518514881|284518645953|491823464641
TONES-COL-0027,https://www.tonesfashion.com/collections/designer-wear,karma-white-shirt,10829637124289,49601271922881,483744415937|293003460801|284518514881|483538763969|491823464641
TONES-COL-0027,https://www.tonesfashion.com/collections/designer-wear,karma-jet-black-shirt,10829636960449,49601271005377,483744415937|293003460801|284518514881|483538763969|491823464641
TONES-COL-0027,https://www.tonesfashion.com/collections/designer-wear,white-bloom-shirt,10826100211905,49581698482369,483744415937|293003460801|490862379201|284518514881|491823464641|487623786689
TONES-COL-0027,https://www.tonesfashion.com/collections/designer-wear,blue-drip-sweatshirt-copy,10802333286593,49513368715457,483744415937|482946384065|490862379201|491823464641
TONES-COL-0027,https://www.tonesfashion.com/collections/designer-wear,red-drip-sweatshirt,10802333221057,49513367863489,483744415937|482946384065|490862379201|491823464641
TONES-COL-0027,https://www.tonesfashion.com/collections/designer-wear,the-alpha-oversized-tee,11051699667137,50525600710849,471435739329|470701048001|483744415937|293003460801|485747097793|474547093697|284518547649|491823464641|491635343553|474531004609
TONES-COL-0027,https://www.tonesfashion.com/collections/designer-wear,the-alpha-oversized-tee-copy,11051705925825,50525615587521,471435739329|470701048001|483744415937|293003460801|485747097793|474547093697|284518547649|491823464641|491635343553|474531004609
TONES-COL-0027,https://www.tonesfashion.com/collections/designer-wear,the-final-act-oversized-tee-copy,11051711365313,50525626335425,471435739329|470701048001|483744415937|293003460801|485747097793|474547093697|284518547649|491823464641|491635343553|474531004609
TONES-COL-0028,https://www.tonesfashion.com/collections/diwali-sale,chaotic-good-pink-1,10582331523265,48697839583425,479397216449|475043758273|474423492801|479542378689|491823464641|474531004609|293299388609|477701308609
TONES-COL-0029,https://www.tonesfashion.com/collections/double-pocket-flannels,navy-blue-courdury-shacket,10907446378689,49963381555393,479128486081|486469140673|293003460801|485747097793|288566313153|284518514881|483538763969|491823464641|487623786689
TONES-COL-0029,https://www.tonesfashion.com/collections/double-pocket-flannels,maroon-courdry-shacket-copy,10907453161665,49963396825281,479128486081|486469140673|293003460801|485747097793|288566313153|284518514881|483538763969|491823464641|487623786689
TONES-COL-0029,https://www.tonesfashion.com/collections/double-pocket-flannels,blue-checks-flanel,10848594067649,49648515088577,486469140673|293003460801|490862379201|284518514881|483538763969|491823464641
TONES-COL-0029,https://www.tonesfashion.com/collections/double-pocket-flannels,dark-blue-checks-flanel,10848595542209,49648543170753,486469140673|293003460801|490862379201|284518514881|483538763969|491823464641
TONES-COL-0029,https://www.tonesfashion.com/collections/double-pocket-flannels,brown-double-pocket-shacket,10852506468545,49663564611777,479128486081|486469140673|293003460801|485747097793|490862379201|288566313153|284518514881|483538763969|491823464641
TONES-COL-0029,https://www.tonesfashion.com/collections/double-pocket-flannels,charcoal-grey-flannel-double-pocket-shirt,10852506239169,49663562481857,479128486081|486469140673|293003460801|490862379201|288566313153|284518514881|483538763969|491823464641
TONES-COL-0029,https://www.tonesfashion.com/collections/double-pocket-flannels,black-flannel-double-pocket-shirt,10852506075329,49663559205057,479128486081|486469140673|293003460801|288566313153|284518514881|483538763969|491823464641
TONES-COL-0029,https://www.tonesfashion.com/collections/double-pocket-flannels,grey-double-pocket-shacket,10852506435777,49663563104449,479128486081|486469140673|293003460801|485747097793|490862379201|288566313153|284518514881|483538763969|491823464641
TONES-COL-0030,https://www.tonesfashion.com/collections/drip-sweatshirts,red-drip-sweatshirt,10802333221057,49513367863489,483744415937|482946384065|490862379201|491823464641
TONES-COL-0030,https://www.tonesfashion.com/collections/drip-sweatshirts,blue-drip-sweatshirt-copy,10802333286593,49513368715457,483744415937|482946384065|490862379201|491823464641
TONES-COL-0032,https://www.tonesfashion.com/collections/dussehra24,chaotic-good-pink-1,10582331523265,48697839583425,479397216449|475043758273|474423492801|479542378689|491823464641|474531004609|293299388609|477701308609
TONES-COL-0034,https://www.tonesfashion.com/collections/fast-moving,round-neck-slim-fit-tee-navy-blue-copy,10705722310849,49201868865729,479397216449|292796661953|474547093697|284518547649|491823464641|489800040641|479232426177|487623786689|474531004609
TONES-COL-0034,https://www.tonesfashion.com/collections/fast-moving,round-neck-slim-fit-tee-white-copy,10705727258817,49201863295169,479397216449|292796661953|474547093697|284518547649|491823464641|489800040641|479232426177|487623786689|474531004609
TONES-COL-0036,https://www.tonesfashion.com/collections/flash-sale,chaotic-good-pink-1,10582331523265,48697839583425,479397216449|475043758273|474423492801|479542378689|491823464641|474531004609|293299388609|477701308609
TONES-COL-0036,https://www.tonesfashion.com/collections/flash-sale,tones-original-black,10547296174273,48606816534721,479542378689|490862379201|473433669825|473433571521|474547093697|491823464641|474531004609|293299388609|477701308609|475876458689
TONES-COL-0043,https://www.tonesfashion.com/collections/kurtas,petal-trays-charcoal-green-short-kurta,10881197572289,49880937562305,483744415937|485820989633|290105786561|284518514881|284518645953|491823464641
TONES-COL-0043,https://www.tonesfashion.com/collections/kurtas,scenic-still-ness-sage-green-1,10881197867201,49880939561153,483744415937|485820989633|290105786561|284518514881|284518645953|491823464641
TONES-COL-0043,https://www.tonesfashion.com/collections/kurtas,petal-trays-teal-blue-short-kurta,10881143406785,49880655659201,483744415937|485820989633|290105786561|284518514881|284518645953|491823464641
TONES-COL-0043,https://www.tonesfashion.com/collections/kurtas,scenic-still-ness-butter-yellow-short-kurta,10881142653121,49880653594817,483744415937|485820989633|290105786561|284518514881|284518645953|491823464641
TONES-COL-0043,https://www.tonesfashion.com/collections/kurtas,tusker-tails-soft-cream-short-kurta,10881142292673,49880653037761,483744415937|485820989633|290105786561|284518514881|284518645953|491823464641
TONES-COL-0043,https://www.tonesfashion.com/collections/kurtas,cream-short-kurta-copy,10881141833921,49880652054721,483744415937|485820989633|290105786561|284518514881|284518645953|491823464641
TONES-COL-0044,https://www.tonesfashion.com/collections/laidback-classics,deep-sage-gauze-cotton-shirt,11058097160385,50586274922689,491790434497|293003460801|485747097793|288566313153|284518514881|483538763969
TONES-COL-0044,https://www.tonesfashion.com/collections/laidback-classics,mustard-gauze-cotton-shirt,11058096734401,50546894307521,491790434497|293003460801|485747097793|288566313153|284518514881|483538763969
TONES-COL-0044,https://www.tonesfashion.com/collections/laidback-classics,jet-black-satin-shirt-copy,11058090246337,50546882117825,491790434497|293003460801|485747097793|288566313153|284518514881|483538763969
TONES-COL-0044,https://www.tonesfashion.com/collections/laidback-classics,muted-peach-gauze-cotton-shirt,11058096898241,50546894602433,491790434497|293003460801|485747097793|288566313153|284518514881|483538763969
TONES-COL-0051,https://www.tonesfashion.com/collections/modal-shirts,ivory-sand-modal-shirt,11012841373889,50382586740929,489879994561|293003460801|485747097793|284518514881|483538763969|491823464641|489910337729|487623786689
TONES-COL-0053,https://www.tonesfashion.com/collections/muscle-tees,acid-wash-muscle-tee,10984163705025,50255244099777,492303712449|293003460801|474547093697|284518547649|491823464641|487623786689|474531004609
TONES-COL-0054,https://www.tonesfashion.com/collections/new-launch,deep-sage-gauze-cotton-shirt,11058097160385,50586274922689,491790434497|293003460801|485747097793|288566313153|284518514881|483538763969
TONES-COL-0054,https://www.tonesfashion.com/collections/new-launch,jet-black-satin-shirt-copy,11058090246337,50546882117825,491790434497|293003460801|485747097793|288566313153|284518514881|483538763969
TONES-COL-0054,https://www.tonesfashion.com/collections/new-launch,mustard-gauze-cotton-shirt,11058096734401,50546894307521,491790434497|293003460801|485747097793|288566313153|284518514881|483538763969
TONES-COL-0054,https://www.tonesfashion.com/collections/new-launch,muted-peach-gauze-cotton-shirt,11058096898241,50546894602433,491790434497|293003460801|485747097793|288566313153|284518514881|483538763969
TONES-COL-0054,https://www.tonesfashion.com/collections/new-launch,the-alpha-oversized-tee,11051699667137,50525600710849,471435739329|470701048001|483744415937|293003460801|485747097793|474547093697|284518547649|491823464641|491635343553|474531004609
TONES-COL-0054,https://www.tonesfashion.com/collections/new-launch,the-alpha-oversized-tee-copy,11051705925825,50525615587521,471435739329|470701048001|483744415937|293003460801|485747097793|474547093697|284518547649|491823464641|491635343553|474531004609
TONES-COL-0054,https://www.tonesfashion.com/collections/new-launch,the-final-act-oversized-tee-copy,11051711365313,50525626335425,471435739329|470701048001|483744415937|293003460801|485747097793|474547093697|284518547649|491823464641|491635343553|474531004609
TONES-COL-0054,https://www.tonesfashion.com/collections/new-launch,jet-black-shirt,11040950452417,50484132675777,491790762177|293003460801|485747097793|288566313153|284518514881|483538763969|491823464641|491332731073
TONES-COL-0054,https://www.tonesfashion.com/collections/new-launch,navy-blue-shirt,11040950124737,50484131266753,491790762177|293003460801|485747097793|288566313153|284518514881|483538763969|491823464641|491332731073
TONES-COL-0054,https://www.tonesfashion.com/collections/new-launch,burgundy-satin-shirt,11040949436609,50484129530049,491790762177|293003460801|485747097793|288566313153|284518514881|483538763969|491823464641|491332731073
TONES-COL-0054,https://www.tonesfashion.com/collections/new-launch,soft-white-satin-shirt-copy,11040948879553,50484128284865,491790762177|293003460801|485747097793|288566313153|284518514881|483538763969|491823464641|491332731073
TONES-COL-0054,https://www.tonesfashion.com/collections/new-launch,soft-white-satin-shirt,11040948256961,50484126744769,491790762177|293003460801|485747097793|288566313153|284518514881|483538763969|491823464641|491332731073
TONES-COL-0054,https://www.tonesfashion.com/collections/new-launch,navy-blue-acid-wash-t-shirt-2,11027260997825,50427320860865,490551181505|471435739329|470701048001|293003460801|485747097793|474547093697|284518547649|491823464641|487623786689
TONES-COL-0054,https://www.tonesfashion.com/collections/new-launch,navy-blue-acid-wash-t-shirt-1,11027260408001,50427315257537,490551181505|471435739329|470701048001|293003460801|485747097793|474547093697|284518547649|491823464641|487623786689
TONES-COL-0054,https://www.tonesfashion.com/collections/new-launch,rustic-brown-acid-wash-t-shirt,11027259588801,50427312111809,490551181505|471435739329|470701048001|293003460801|485747097793|474547093697|284518547649|491823464641|489800040641|487623786689
TONES-COL-0054,https://www.tonesfashion.com/collections/new-launch,ivory-sand-modal-shirt,11012841373889,50382586740929,489879994561|293003460801|485747097793|284518514881|483538763969|491823464641|489910337729|487623786689
TONES-COL-0054,https://www.tonesfashion.com/collections/new-launch,acid-wash-muscle-tee,10984163705025,50255244099777,492303712449|293003460801|474547093697|284518547649|491823464641|487623786689|474531004609
TONES-COL-0054,https://www.tonesfashion.com/collections/new-launch,maroon-courdry-shacket-copy,10907453161665,49963396825281,479128486081|486469140673|293003460801|485747097793|288566313153|284518514881|483538763969|491823464641|487623786689
TONES-COL-0054,https://www.tonesfashion.com/collections/new-launch,navy-blue-courdury-shacket,10907446378689,49963381555393,479128486081|486469140673|293003460801|485747097793|288566313153|284518514881|483538763969|491823464641|487623786689
TONES-COL-0054,https://www.tonesfashion.com/collections/new-launch,olive-green-cargos,10897643536577,49934144078017,476140306625|473433604289|293003460801|485747097793|289775419585|491823464641
TONES-COL-0054,https://www.tonesfashion.com/collections/new-launch,grey-cargo,10897638097089,49934133264577,476140306625|473433604289|293003460801|485747097793|289775419585|491823464641
TONES-COL-0054,https://www.tonesfashion.com/collections/new-launch,maroon-double-pocket-shirt,10852507680961,49663569920193,293003460801|288566313153|284518514881|483538763969|491823464641
TONES-COL-0054,https://www.tonesfashion.com/collections/new-launch,brown-double-pocket-shacket,10852506468545,49663564611777,479128486081|486469140673|293003460801|485747097793|490862379201|288566313153|284518514881|483538763969|491823464641
TONES-COL-0054,https://www.tonesfashion.com/collections/new-launch,grey-double-pocket-shacket,10852506435777,49663563104449,479128486081|486469140673|293003460801|485747097793|490862379201|288566313153|284518514881|483538763969|491823464641
TONES-COL-0054,https://www.tonesfashion.com/collections/new-launch,charcoal-grey-flannel-double-pocket-shirt,10852506239169,49663562481857,479128486081|486469140673|293003460801|490862379201|288566313153|284518514881|483538763969|491823464641
TONES-COL-0054,https://www.tonesfashion.com/collections/new-launch,black-flannel-double-pocket-shirt,10852506075329,49663559205057,479128486081|486469140673|293003460801|288566313153|284518514881|483538763969|491823464641
TONES-COL-0054,https://www.tonesfashion.com/collections/new-launch,dark-blue-checks-flanel,10848595542209,49648543170753,486469140673|293003460801|490862379201|284518514881|483538763969|491823464641
TONES-COL-0054,https://www.tonesfashion.com/collections/new-launch,blue-checks-flanel,10848594067649,49648515088577,486469140673|293003460801|490862379201|284518514881|483538763969|491823464641
TONES-COL-0054,https://www.tonesfashion.com/collections/new-launch,karma-white-shirt,10829637124289,49601271922881,483744415937|293003460801|284518514881|483538763969|491823464641
TONES-COL-0054,https://www.tonesfashion.com/collections/new-launch,karma-jet-black-shirt,10829636960449,49601271005377,483744415937|293003460801|284518514881|483538763969|491823464641
TONES-COL-0054,https://www.tonesfashion.com/collections/new-launch,marine-rayon,10826103390401,49581717422273,293003460801|284518514881|483538763969|491823464641|487623786689
TONES-COL-0054,https://www.tonesfashion.com/collections/new-launch,tropic-rayon,10826102374593,49581711032513,293003460801|284518514881|483538763969|491823464641|487623786689
TONES-COL-0054,https://www.tonesfashion.com/collections/new-launch,sage-rayon,10826100539585,49581700153537,293003460801|284518514881|483538763969|491823464641|487623786689
TONES-COL-0054,https://www.tonesfashion.com/collections/new-launch,white-bloom-shirt,10826100211905,49581698482369,483744415937|293003460801|490862379201|284518514881|491823464641|487623786689
TONES-COL-0054,https://www.tonesfashion.com/collections/new-launch,deep-sage-gauze-cotton-shirt-copy,11079219511489,50606631518401,293003460801|485747097793|288566313153|284518514881|483538763969|492225069249
TONES-COL-0054,https://www.tonesfashion.com/collections/new-launch,blue-oxford-shirt-copy,11079247167681,50606710227137,293003460801|485747097793|288566313153|284518514881|483538763969|492225069249
TONES-COL-0054,https://www.tonesfashion.com/collections/new-launch,yellow-oxford-shirt,11079248609473,50606712094913,293003460801|485747097793|288566313153|284518514881|483538763969|492225069249
TONES-COL-0054,https://www.tonesfashion.com/collections/new-launch,pink-oxford-shirt,11079248969921,50606712914113,293003460801|485747097793|288566313153|284518514881|483538763969|492225069249
TONES-COL-0055,https://www.tonesfashion.com/collections/new-launches,rustic-brown-acid-wash-t-shirt,11027259588801,50427312111809,490551181505|471435739329|470701048001|293003460801|485747097793|474547093697|284518547649|491823464641|489800040641|487623786689
TONES-COL-0055,https://www.tonesfashion.com/collections/new-launches,navy-blue-acid-wash-t-shirt-1,11027260408001,50427315257537,490551181505|471435739329|470701048001|293003460801|485747097793|474547093697|284518547649|491823464641|487623786689
TONES-COL-0055,https://www.tonesfashion.com/collections/new-launches,navy-blue-acid-wash-t-shirt-2,11027260997825,50427320860865,490551181505|471435739329|470701048001|293003460801|485747097793|474547093697|284518547649|491823464641|487623786689
TONES-COL-0055,https://www.tonesfashion.com/collections/new-launches,brown-double-pocket-shacket,10852506468545,49663564611777,479128486081|486469140673|293003460801|485747097793|490862379201|288566313153|284518514881|483538763969|491823464641
TONES-COL-0055,https://www.tonesfashion.com/collections/new-launches,grey-double-pocket-shacket,10852506435777,49663563104449,479128486081|486469140673|293003460801|485747097793|490862379201|288566313153|284518514881|483538763969|491823464641
TONES-COL-0055,https://www.tonesfashion.com/collections/new-launches,grey-cargo,10897638097089,49934133264577,476140306625|473433604289|293003460801|485747097793|289775419585|491823464641
TONES-COL-0055,https://www.tonesfashion.com/collections/new-launches,olive-green-cargos,10897643536577,49934144078017,476140306625|473433604289|293003460801|485747097793|289775419585|491823464641
TONES-COL-0055,https://www.tonesfashion.com/collections/new-launches,navy-blue-courdury-shacket,10907446378689,49963381555393,479128486081|486469140673|293003460801|485747097793|288566313153|284518514881|483538763969|491823464641|487623786689
TONES-COL-0055,https://www.tonesfashion.com/collections/new-launches,maroon-courdry-shacket-copy,10907453161665,49963396825281,479128486081|486469140673|293003460801|485747097793|288566313153|284518514881|483538763969|491823464641|487623786689
TONES-COL-0055,https://www.tonesfashion.com/collections/new-launches,soft-white-satin-shirt,11040948256961,50484126744769,491790762177|293003460801|485747097793|288566313153|284518514881|483538763969|491823464641|491332731073
TONES-COL-0055,https://www.tonesfashion.com/collections/new-launches,soft-white-satin-shirt-copy,11040948879553,50484128284865,491790762177|293003460801|485747097793|288566313153|284518514881|483538763969|491823464641|491332731073
TONES-COL-0055,https://www.tonesfashion.com/collections/new-launches,burgundy-satin-shirt,11040949436609,50484129530049,491790762177|293003460801|485747097793|288566313153|284518514881|483538763969|491823464641|491332731073
TONES-COL-0055,https://www.tonesfashion.com/collections/new-launches,navy-blue-shirt,11040950124737,50484131266753,491790762177|293003460801|485747097793|288566313153|284518514881|483538763969|491823464641|491332731073
TONES-COL-0055,https://www.tonesfashion.com/collections/new-launches,jet-black-shirt,11040950452417,50484132675777,491790762177|293003460801|485747097793|288566313153|284518514881|483538763969|491823464641|491332731073
TONES-COL-0055,https://www.tonesfashion.com/collections/new-launches,ivory-sand-modal-shirt,11012841373889,50382586740929,489879994561|293003460801|485747097793|284518514881|483538763969|491823464641|489910337729|487623786689
TONES-COL-0055,https://www.tonesfashion.com/collections/new-launches,the-alpha-oversized-tee,11051699667137,50525600710849,471435739329|470701048001|483744415937|293003460801|485747097793|474547093697|284518547649|491823464641|491635343553|474531004609
TONES-COL-0055,https://www.tonesfashion.com/collections/new-launches,the-alpha-oversized-tee-copy,11051705925825,50525615587521,471435739329|470701048001|483744415937|293003460801|485747097793|474547093697|284518547649|491823464641|491635343553|474531004609
TONES-COL-0055,https://www.tonesfashion.com/collections/new-launches,the-final-act-oversized-tee-copy,11051711365313,50525626335425,471435739329|470701048001|483744415937|293003460801|485747097793|474547093697|284518547649|491823464641|491635343553|474531004609
TONES-COL-0055,https://www.tonesfashion.com/collections/new-launches,jet-black-satin-shirt-copy,11058090246337,50546882117825,491790434497|293003460801|485747097793|288566313153|284518514881|483538763969
TONES-COL-0055,https://www.tonesfashion.com/collections/new-launches,mustard-gauze-cotton-shirt,11058096734401,50546894307521,491790434497|293003460801|485747097793|288566313153|284518514881|483538763969
TONES-COL-0055,https://www.tonesfashion.com/collections/new-launches,muted-peach-gauze-cotton-shirt,11058096898241,50546894602433,491790434497|293003460801|485747097793|288566313153|284518514881|483538763969
TONES-COL-0055,https://www.tonesfashion.com/collections/new-launches,deep-sage-gauze-cotton-shirt,11058097160385,50586274922689,491790434497|293003460801|485747097793|288566313153|284518514881|483538763969
TONES-COL-0055,https://www.tonesfashion.com/collections/new-launches,deep-sage-gauze-cotton-shirt-copy,11079219511489,50606631518401,293003460801|485747097793|288566313153|284518514881|483538763969|492225069249
TONES-COL-0055,https://www.tonesfashion.com/collections/new-launches,blue-oxford-shirt-copy,11079247167681,50606710227137,293003460801|485747097793|288566313153|284518514881|483538763969|492225069249
TONES-COL-0055,https://www.tonesfashion.com/collections/new-launches,yellow-oxford-shirt,11079248609473,50606712094913,293003460801|485747097793|288566313153|284518514881|483538763969|492225069249
TONES-COL-0055,https://www.tonesfashion.com/collections/new-launches,pink-oxford-shirt,11079248969921,50606712914113,293003460801|485747097793|288566313153|284518514881|483538763969|492225069249
TONES-COL-0056,https://www.tonesfashion.com/collections/offers,gods-master-piece-white-copy,10814172692673,49547127521473,490862379201|474547093697|491823464641|489800040641|487623786689|474531004609
TONES-COL-0056,https://www.tonesfashion.com/collections/offers,tones-embroidery-cap-brown,10751687983297,49337387385025,474649919681|490862379201|293150261441|491823464641
TONES-COL-0056,https://www.tonesfashion.com/collections/offers,maroon-satin-shirt,10763722424513,49378837659841,490862379201|284518514881|483538763969|491823464641
TONES-COL-0056,https://www.tonesfashion.com/collections/offers,white-bloom-shirt,10826100211905,49581698482369,483744415937|293003460801|490862379201|284518514881|491823464641|487623786689
TONES-COL-0056,https://www.tonesfashion.com/collections/offers,red-drip-sweatshirt,10802333221057,49513367863489,483744415937|482946384065|490862379201|491823464641
TONES-COL-0056,https://www.tonesfashion.com/collections/offers,electric-blue-satin-shirt,10763723374785,49378839331009,490862379201|284518514881|483538763969|491823464641
TONES-COL-0056,https://www.tonesfashion.com/collections/offers,grey-chions,10818332098753,49561631097025,476140306625|289775419585|490862379201|491823464641
TONES-COL-0056,https://www.tonesfashion.com/collections/offers,tones-original-black,10547296174273,48606816534721,479542378689|490862379201|473433669825|473433571521|474547093697|491823464641|474531004609|293299388609|477701308609|475876458689
TONES-COL-0056,https://www.tonesfashion.com/collections/offers,dark-brown-chions,10818352152769,49561659179201,476140306625|289775419585|490862379201|491823464641
TONES-COL-0056,https://www.tonesfashion.com/collections/offers,blue-checks-flanel,10848594067649,49648515088577,486469140673|293003460801|490862379201|284518514881|483538763969|491823464641
TONES-COL-0056,https://www.tonesfashion.com/collections/offers,blue-drip-sweatshirt-copy,10802333286593,49513368715457,483744415937|482946384065|490862379201|491823464641
TONES-COL-0056,https://www.tonesfashion.com/collections/offers,brown-double-pocket-shacket,10852506468545,49663564611777,479128486081|486469140673|293003460801|485747097793|490862379201|288566313153|284518514881|483538763969|491823464641
TONES-COL-0056,https://www.tonesfashion.com/collections/offers,dark-blue-checks-flanel,10848595542209,49648543170753,486469140673|293003460801|490862379201|284518514881|483538763969|491823464641
TONES-COL-0056,https://www.tonesfashion.com/collections/offers,grey-checks-flanel,10848605995201,49648585900225,490862379201|284518514881|483538763969|491823464641
TONES-COL-0056,https://www.tonesfashion.com/collections/offers,charcoal-grey-flannel-double-pocket-shirt,10852506239169,49663562481857,479128486081|486469140673|293003460801|490862379201|288566313153|284518514881|483538763969|491823464641
TONES-COL-0056,https://www.tonesfashion.com/collections/offers,dobby-burnt-orange-shirt,10820070703297,49565835624641,490862379201|284518514881|483538763969|491823464641
TONES-COL-0056,https://www.tonesfashion.com/collections/offers,grey-double-pocket-shacket,10852506435777,49663563104449,479128486081|486469140673|293003460801|485747097793|490862379201|288566313153|284518514881|483538763969|491823464641
TONES-COL-0056,https://www.tonesfashion.com/collections/offers,double-pocket-black-shirt,10820022599873,49565735747777,490862379201|284518514881|491823464641
TONES-COL-0056,https://www.tonesfashion.com/collections/offers,brown-checks-flanel,10848593543361,49648509157569,490862379201|284518514881|483538763969|491823464641
TONES-COL-0057,https://www.tonesfashion.com/collections/pants,grey-chions,10818332098753,49561631097025,476140306625|289775419585|490862379201|491823464641
TONES-COL-0057,https://www.tonesfashion.com/collections/pants,dark-brown-chions,10818352152769,49561659179201,476140306625|289775419585|490862379201|491823464641
TONES-COL-0057,https://www.tonesfashion.com/collections/pants,olive-green-chions,10818355888321,49561664684225,476140306625|289775419585|491823464641
TONES-COL-0057,https://www.tonesfashion.com/collections/pants,grey-cargo,10897638097089,49934133264577,476140306625|473433604289|293003460801|485747097793|289775419585|491823464641
TONES-COL-0057,https://www.tonesfashion.com/collections/pants,olive-green-cargos,10897643536577,49934144078017,476140306625|473433604289|293003460801|485747097793|289775419585|491823464641
TONES-COL-0064,https://www.tonesfashion.com/collections/selling-fast,tones-embroidery-cap-brown,10751687983297,49337387385025,474649919681|490862379201|293150261441|491823464641
TONES-COL-0065,https://www.tonesfashion.com/collections/shirtee,pink-oxford-shirt,11079248969921,50606712914113,293003460801|485747097793|288566313153|284518514881|483538763969|492225069249
TONES-COL-0065,https://www.tonesfashion.com/collections/shirtee,yellow-oxford-shirt,11079248609473,50606712094913,293003460801|485747097793|288566313153|284518514881|483538763969|492225069249
TONES-COL-0065,https://www.tonesfashion.com/collections/shirtee,blue-oxford-shirt-copy,11079247167681,50606710227137,293003460801|485747097793|288566313153|284518514881|483538763969|492225069249
TONES-COL-0065,https://www.tonesfashion.com/collections/shirtee,deep-sage-gauze-cotton-shirt-copy,11079219511489,50606631518401,293003460801|485747097793|288566313153|284518514881|483538763969|492225069249
TONES-COL-0065,https://www.tonesfashion.com/collections/shirtee,deep-sage-gauze-cotton-shirt,11058097160385,50586274922689,491790434497|293003460801|485747097793|288566313153|284518514881|483538763969
TONES-COL-0065,https://www.tonesfashion.com/collections/shirtee,muted-peach-gauze-cotton-shirt,11058096898241,50546894602433,491790434497|293003460801|485747097793|288566313153|284518514881|483538763969
TONES-COL-0065,https://www.tonesfashion.com/collections/shirtee,mustard-gauze-cotton-shirt,11058096734401,50546894307521,491790434497|293003460801|485747097793|288566313153|284518514881|483538763969
TONES-COL-0065,https://www.tonesfashion.com/collections/shirtee,jet-black-satin-shirt-copy,11058090246337,50546882117825,491790434497|293003460801|485747097793|288566313153|284518514881|483538763969
TONES-COL-0065,https://www.tonesfashion.com/collections/shirtee,jet-black-shirt,11040950452417,50484132675777,491790762177|293003460801|485747097793|288566313153|284518514881|483538763969|491823464641|491332731073
TONES-COL-0065,https://www.tonesfashion.com/collections/shirtee,navy-blue-shirt,11040950124737,50484131266753,491790762177|293003460801|485747097793|288566313153|284518514881|483538763969|491823464641|491332731073
TONES-COL-0065,https://www.tonesfashion.com/collections/shirtee,burgundy-satin-shirt,11040949436609,50484129530049,491790762177|293003460801|485747097793|288566313153|284518514881|483538763969|491823464641|491332731073
TONES-COL-0065,https://www.tonesfashion.com/collections/shirtee,soft-white-satin-shirt-copy,11040948879553,50484128284865,491790762177|293003460801|485747097793|288566313153|284518514881|483538763969|491823464641|491332731073
TONES-COL-0065,https://www.tonesfashion.com/collections/shirtee,soft-white-satin-shirt,11040948256961,50484126744769,491790762177|293003460801|485747097793|288566313153|284518514881|483538763969|491823464641|491332731073
TONES-COL-0065,https://www.tonesfashion.com/collections/shirtee,maroon-courdry-shacket-copy,10907453161665,49963396825281,479128486081|486469140673|293003460801|485747097793|288566313153|284518514881|483538763969|491823464641|487623786689
TONES-COL-0065,https://www.tonesfashion.com/collections/shirtee,navy-blue-courdury-shacket,10907446378689,49963381555393,479128486081|486469140673|293003460801|485747097793|288566313153|284518514881|483538763969|491823464641|487623786689
TONES-COL-0065,https://www.tonesfashion.com/collections/shirtee,maroon-double-pocket-shirt,10852507680961,49663569920193,293003460801|288566313153|284518514881|483538763969|491823464641
TONES-COL-0065,https://www.tonesfashion.com/collections/shirtee,brown-double-pocket-shacket,10852506468545,49663564611777,479128486081|486469140673|293003460801|485747097793|490862379201|288566313153|284518514881|483538763969|491823464641
TONES-COL-0065,https://www.tonesfashion.com/collections/shirtee,grey-double-pocket-shacket,10852506435777,49663563104449,479128486081|486469140673|293003460801|485747097793|490862379201|288566313153|284518514881|483538763969|491823464641
TONES-COL-0065,https://www.tonesfashion.com/collections/shirtee,charcoal-grey-flannel-double-pocket-shirt,10852506239169,49663562481857,479128486081|486469140673|293003460801|490862379201|288566313153|284518514881|483538763969|491823464641
TONES-COL-0065,https://www.tonesfashion.com/collections/shirtee,black-flannel-double-pocket-shirt,10852506075329,49663559205057,479128486081|486469140673|293003460801|288566313153|284518514881|483538763969|491823464641
TONES-COL-0065,https://www.tonesfashion.com/collections/shirtee,textured-brown-shirt,10819286991041,49563563753665,288566313153|284518514881|491823464641
TONES-COL-0065,https://www.tonesfashion.com/collections/shirtee,jute-light-blue-shirt,10819253240001,49563525087425,288566313153|284518514881|491823464641
TONES-COL-0066,https://www.tonesfashion.com/collections/shirts,jet-black-shirt,11040950452417,50484132675777,491790762177|293003460801|485747097793|288566313153|284518514881|483538763969|491823464641|491332731073
TONES-COL-0066,https://www.tonesfashion.com/collections/shirts,navy-blue-shirt,11040950124737,50484131266753,491790762177|293003460801|485747097793|288566313153|284518514881|483538763969|491823464641|491332731073
TONES-COL-0066,https://www.tonesfashion.com/collections/shirts,burgundy-satin-shirt,11040949436609,50484129530049,491790762177|293003460801|485747097793|288566313153|284518514881|483538763969|491823464641|491332731073
TONES-COL-0066,https://www.tonesfashion.com/collections/shirts,soft-white-satin-shirt-copy,11040948879553,50484128284865,491790762177|293003460801|485747097793|288566313153|284518514881|483538763969|491823464641|491332731073
TONES-COL-0066,https://www.tonesfashion.com/collections/shirts,soft-white-satin-shirt,11040948256961,50484126744769,491790762177|293003460801|485747097793|288566313153|284518514881|483538763969|491823464641|491332731073
TONES-COL-0066,https://www.tonesfashion.com/collections/shirts,ivory-sand-modal-shirt,11012841373889,50382586740929,489879994561|293003460801|485747097793|284518514881|483538763969|491823464641|489910337729|487623786689
TONES-COL-0066,https://www.tonesfashion.com/collections/shirts,maroon-courdry-shacket-copy,10907453161665,49963396825281,479128486081|486469140673|293003460801|485747097793|288566313153|284518514881|483538763969|491823464641|487623786689
TONES-COL-0066,https://www.tonesfashion.com/collections/shirts,navy-blue-courdury-shacket,10907446378689,49963381555393,479128486081|486469140673|293003460801|485747097793|288566313153|284518514881|483538763969|491823464641|487623786689
TONES-COL-0066,https://www.tonesfashion.com/collections/shirts,scenic-still-ness-sage-green-1,10881197867201,49880939561153,483744415937|485820989633|290105786561|284518514881|284518645953|491823464641
TONES-COL-0066,https://www.tonesfashion.com/collections/shirts,petal-trays-charcoal-green-short-kurta,10881197572289,49880937562305,483744415937|485820989633|290105786561|284518514881|284518645953|491823464641
TONES-COL-0066,https://www.tonesfashion.com/collections/shirts,petal-trays-teal-blue-short-kurta,10881143406785,49880655659201,483744415937|485820989633|290105786561|284518514881|284518645953|491823464641
TONES-COL-0066,https://www.tonesfashion.com/collections/shirts,scenic-still-ness-butter-yellow-short-kurta,10881142653121,49880653594817,483744415937|485820989633|290105786561|284518514881|284518645953|491823464641
TONES-COL-0066,https://www.tonesfashion.com/collections/shirts,tusker-tails-soft-cream-short-kurta,10881142292673,49880653037761,483744415937|485820989633|290105786561|284518514881|284518645953|491823464641
TONES-COL-0066,https://www.tonesfashion.com/collections/shirts,cream-short-kurta-copy,10881141833921,49880652054721,483744415937|485820989633|290105786561|284518514881|284518645953|491823464641
TONES-COL-0066,https://www.tonesfashion.com/collections/shirts,maroon-double-pocket-shirt,10852507680961,49663569920193,293003460801|288566313153|284518514881|483538763969|491823464641
TONES-COL-0066,https://www.tonesfashion.com/collections/shirts,brown-double-pocket-shacket,10852506468545,49663564611777,479128486081|486469140673|293003460801|485747097793|490862379201|288566313153|284518514881|483538763969|491823464641
TONES-COL-0066,https://www.tonesfashion.com/collections/shirts,grey-double-pocket-shacket,10852506435777,49663563104449,479128486081|486469140673|293003460801|485747097793|490862379201|288566313153|284518514881|483538763969|491823464641
TONES-COL-0066,https://www.tonesfashion.com/collections/shirts,charcoal-grey-flannel-double-pocket-shirt,10852506239169,49663562481857,479128486081|486469140673|293003460801|490862379201|288566313153|284518514881|483538763969|491823464641
TONES-COL-0066,https://www.tonesfashion.com/collections/shirts,black-flannel-double-pocket-shirt,10852506075329,49663559205057,479128486081|486469140673|293003460801|288566313153|284518514881|483538763969|491823464641
TONES-COL-0066,https://www.tonesfashion.com/collections/shirts,grey-checks-flanel,10848605995201,49648585900225,490862379201|284518514881|483538763969|491823464641
TONES-COL-0066,https://www.tonesfashion.com/collections/shirts,dark-blue-checks-flanel,10848595542209,49648543170753,486469140673|293003460801|490862379201|284518514881|483538763969|491823464641
TONES-COL-0066,https://www.tonesfashion.com/collections/shirts,blue-checks-flanel,10848594067649,49648515088577,486469140673|293003460801|490862379201|284518514881|483538763969|491823464641
TONES-COL-0066,https://www.tonesfashion.com/collections/shirts,brown-checks-flanel,10848593543361,49648509157569,490862379201|284518514881|483538763969|491823464641
TONES-COL-0066,https://www.tonesfashion.com/collections/shirts,karma-white-shirt,10829637124289,49601271922881,483744415937|293003460801|284518514881|483538763969|491823464641
TONES-COL-0066,https://www.tonesfashion.com/collections/shirts,karma-jet-black-shirt,10829636960449,49601271005377,483744415937|293003460801|284518514881|483538763969|491823464641
TONES-COL-0066,https://www.tonesfashion.com/collections/shirts,marine-rayon,10826103390401,49581717422273,293003460801|284518514881|483538763969|491823464641|487623786689
TONES-COL-0066,https://www.tonesfashion.com/collections/shirts,tropic-rayon,10826102374593,49581711032513,293003460801|284518514881|483538763969|491823464641|487623786689
TONES-COL-0066,https://www.tonesfashion.com/collections/shirts,sage-rayon,10826100539585,49581700153537,293003460801|284518514881|483538763969|491823464641|487623786689
TONES-COL-0066,https://www.tonesfashion.com/collections/shirts,white-bloom-shirt,10826100211905,49581698482369,483744415937|293003460801|490862379201|284518514881|491823464641|487623786689
TONES-COL-0066,https://www.tonesfashion.com/collections/shirts,dobby-burnt-orange-shirt,10820070703297,49565835624641,490862379201|284518514881|483538763969|491823464641
TONES-COL-0066,https://www.tonesfashion.com/collections/shirts,double-pocket-black-shirt,10820022599873,49565735747777,490862379201|284518514881|491823464641
TONES-COL-0066,https://www.tonesfashion.com/collections/shirts,textured-brown-shirt,10819286991041,49563563753665,288566313153|284518514881|491823464641
TONES-COL-0066,https://www.tonesfashion.com/collections/shirts,jute-grey-shirt,10819253895361,49563526299841,284518514881|491823464641
TONES-COL-0066,https://www.tonesfashion.com/collections/shirts,jute-light-blue-shirt,10819253240001,49563525087425,288566313153|284518514881|491823464641
TONES-COL-0066,https://www.tonesfashion.com/collections/shirts,electric-blue-satin-shirt,10763723374785,49378839331009,490862379201|284518514881|483538763969|491823464641
TONES-COL-0066,https://www.tonesfashion.com/collections/shirts,maroon-satin-shirt,10763722424513,49378837659841,490862379201|284518514881|483538763969|491823464641
TONES-COL-0066,https://www.tonesfashion.com/collections/shirts,jet-black-satin-shirt-copy,11058090246337,50546882117825,491790434497|293003460801|485747097793|288566313153|284518514881|483538763969
TONES-COL-0066,https://www.tonesfashion.com/collections/shirts,mustard-gauze-cotton-shirt,11058096734401,50546894307521,491790434497|293003460801|485747097793|288566313153|284518514881|483538763969
TONES-COL-0066,https://www.tonesfashion.com/collections/shirts,muted-peach-gauze-cotton-shirt,11058096898241,50546894602433,491790434497|293003460801|485747097793|288566313153|284518514881|483538763969
TONES-COL-0066,https://www.tonesfashion.com/collections/shirts,deep-sage-gauze-cotton-shirt,11058097160385,50586274922689,491790434497|293003460801|485747097793|288566313153|284518514881|483538763969
TONES-COL-0066,https://www.tonesfashion.com/collections/shirts,deep-sage-gauze-cotton-shirt-copy,11079219511489,50606631518401,293003460801|485747097793|288566313153|284518514881|483538763969|492225069249
TONES-COL-0066,https://www.tonesfashion.com/collections/shirts,blue-oxford-shirt-copy,11079247167681,50606710227137,293003460801|485747097793|288566313153|284518514881|483538763969|492225069249
TONES-COL-0066,https://www.tonesfashion.com/collections/shirts,yellow-oxford-shirt,11079248609473,50606712094913,293003460801|485747097793|288566313153|284518514881|483538763969|492225069249
TONES-COL-0066,https://www.tonesfashion.com/collections/shirts,pink-oxford-shirt,11079248969921,50606712914113,293003460801|485747097793|288566313153|284518514881|483538763969|492225069249
TONES-COL-0067,https://www.tonesfashion.com/collections/shirts-1,jet-black-satin-shirt-copy,11058090246337,50546882117825,491790434497|293003460801|485747097793|288566313153|284518514881|483538763969
TONES-COL-0067,https://www.tonesfashion.com/collections/shirts-1,mustard-gauze-cotton-shirt,11058096734401,50546894307521,491790434497|293003460801|485747097793|288566313153|284518514881|483538763969
TONES-COL-0067,https://www.tonesfashion.com/collections/shirts-1,muted-peach-gauze-cotton-shirt,11058096898241,50546894602433,491790434497|293003460801|485747097793|288566313153|284518514881|483538763969
TONES-COL-0067,https://www.tonesfashion.com/collections/shirts-1,deep-sage-gauze-cotton-shirt,11058097160385,50586274922689,491790434497|293003460801|485747097793|288566313153|284518514881|483538763969
TONES-COL-0067,https://www.tonesfashion.com/collections/shirts-1,jet-black-shirt,11040950452417,50484132675777,491790762177|293003460801|485747097793|288566313153|284518514881|483538763969|491823464641|491332731073
TONES-COL-0067,https://www.tonesfashion.com/collections/shirts-1,navy-blue-shirt,11040950124737,50484131266753,491790762177|293003460801|485747097793|288566313153|284518514881|483538763969|491823464641|491332731073
TONES-COL-0067,https://www.tonesfashion.com/collections/shirts-1,burgundy-satin-shirt,11040949436609,50484129530049,491790762177|293003460801|485747097793|288566313153|284518514881|483538763969|491823464641|491332731073
TONES-COL-0067,https://www.tonesfashion.com/collections/shirts-1,soft-white-satin-shirt-copy,11040948879553,50484128284865,491790762177|293003460801|485747097793|288566313153|284518514881|483538763969|491823464641|491332731073
TONES-COL-0067,https://www.tonesfashion.com/collections/shirts-1,soft-white-satin-shirt,11040948256961,50484126744769,491790762177|293003460801|485747097793|288566313153|284518514881|483538763969|491823464641|491332731073
TONES-COL-0067,https://www.tonesfashion.com/collections/shirts-1,ivory-sand-modal-shirt,11012841373889,50382586740929,489879994561|293003460801|485747097793|284518514881|483538763969|491823464641|489910337729|487623786689
TONES-COL-0067,https://www.tonesfashion.com/collections/shirts-1,maroon-courdry-shacket-copy,10907453161665,49963396825281,479128486081|486469140673|293003460801|485747097793|288566313153|284518514881|483538763969|491823464641|487623786689
TONES-COL-0067,https://www.tonesfashion.com/collections/shirts-1,navy-blue-courdury-shacket,10907446378689,49963381555393,479128486081|486469140673|293003460801|485747097793|288566313153|284518514881|483538763969|491823464641|487623786689
TONES-COL-0067,https://www.tonesfashion.com/collections/shirts-1,maroon-double-pocket-shirt,10852507680961,49663569920193,293003460801|288566313153|284518514881|483538763969|491823464641
TONES-COL-0067,https://www.tonesfashion.com/collections/shirts-1,brown-double-pocket-shacket,10852506468545,49663564611777,479128486081|486469140673|293003460801|485747097793|490862379201|288566313153|284518514881|483538763969|491823464641
TONES-COL-0067,https://www.tonesfashion.com/collections/shirts-1,grey-double-pocket-shacket,10852506435777,49663563104449,479128486081|486469140673|293003460801|485747097793|490862379201|288566313153|284518514881|483538763969|491823464641
TONES-COL-0067,https://www.tonesfashion.com/collections/shirts-1,charcoal-grey-flannel-double-pocket-shirt,10852506239169,49663562481857,479128486081|486469140673|293003460801|490862379201|288566313153|284518514881|483538763969|491823464641
TONES-COL-0067,https://www.tonesfashion.com/collections/shirts-1,black-flannel-double-pocket-shirt,10852506075329,49663559205057,479128486081|486469140673|293003460801|288566313153|284518514881|483538763969|491823464641
TONES-COL-0067,https://www.tonesfashion.com/collections/shirts-1,grey-checks-flanel,10848605995201,49648585900225,490862379201|284518514881|483538763969|491823464641
TONES-COL-0067,https://www.tonesfashion.com/collections/shirts-1,dark-blue-checks-flanel,10848595542209,49648543170753,486469140673|293003460801|490862379201|284518514881|483538763969|491823464641
TONES-COL-0067,https://www.tonesfashion.com/collections/shirts-1,blue-checks-flanel,10848594067649,49648515088577,486469140673|293003460801|490862379201|284518514881|483538763969|491823464641
TONES-COL-0067,https://www.tonesfashion.com/collections/shirts-1,brown-checks-flanel,10848593543361,49648509157569,490862379201|284518514881|483538763969|491823464641
TONES-COL-0067,https://www.tonesfashion.com/collections/shirts-1,karma-white-shirt,10829637124289,49601271922881,483744415937|293003460801|284518514881|483538763969|491823464641
TONES-COL-0067,https://www.tonesfashion.com/collections/shirts-1,karma-jet-black-shirt,10829636960449,49601271005377,483744415937|293003460801|284518514881|483538763969|491823464641
TONES-COL-0067,https://www.tonesfashion.com/collections/shirts-1,marine-rayon,10826103390401,49581717422273,293003460801|284518514881|483538763969|491823464641|487623786689
TONES-COL-0067,https://www.tonesfashion.com/collections/shirts-1,tropic-rayon,10826102374593,49581711032513,293003460801|284518514881|483538763969|491823464641|487623786689
TONES-COL-0067,https://www.tonesfashion.com/collections/shirts-1,sage-rayon,10826100539585,49581700153537,293003460801|284518514881|483538763969|491823464641|487623786689
TONES-COL-0067,https://www.tonesfashion.com/collections/shirts-1,dobby-burnt-orange-shirt,10820070703297,49565835624641,490862379201|284518514881|483538763969|491823464641
TONES-COL-0067,https://www.tonesfashion.com/collections/shirts-1,electric-blue-satin-shirt,10763723374785,49378839331009,490862379201|284518514881|483538763969|491823464641
TONES-COL-0067,https://www.tonesfashion.com/collections/shirts-1,maroon-satin-shirt,10763722424513,49378837659841,490862379201|284518514881|483538763969|491823464641
TONES-COL-0067,https://www.tonesfashion.com/collections/shirts-1,deep-sage-gauze-cotton-shirt-copy,11079219511489,50606631518401,293003460801|485747097793|288566313153|284518514881|483538763969|492225069249
TONES-COL-0067,https://www.tonesfashion.com/collections/shirts-1,blue-oxford-shirt-copy,11079247167681,50606710227137,293003460801|485747097793|288566313153|284518514881|483538763969|492225069249
TONES-COL-0067,https://www.tonesfashion.com/collections/shirts-1,yellow-oxford-shirt,11079248609473,50606712094913,293003460801|485747097793|288566313153|284518514881|483538763969|492225069249
TONES-COL-0067,https://www.tonesfashion.com/collections/shirts-1,pink-oxford-shirt,11079248969921,50606712914113,293003460801|485747097793|288566313153|284518514881|483538763969|492225069249
TONES-COL-0068,https://www.tonesfashion.com/collections/short-kurtas,petal-trays-teal-blue-short-kurta,10881143406785,49880655659201,483744415937|485820989633|290105786561|284518514881|284518645953|491823464641
TONES-COL-0068,https://www.tonesfashion.com/collections/short-kurtas,tusker-tails-soft-cream-short-kurta,10881142292673,49880653037761,483744415937|485820989633|290105786561|284518514881|284518645953|491823464641
TONES-COL-0068,https://www.tonesfashion.com/collections/short-kurtas,petal-trays-charcoal-green-short-kurta,10881197572289,49880937562305,483744415937|485820989633|290105786561|284518514881|284518645953|491823464641
TONES-COL-0068,https://www.tonesfashion.com/collections/short-kurtas,scenic-still-ness-butter-yellow-short-kurta,10881142653121,49880653594817,483744415937|485820989633|290105786561|284518514881|284518645953|491823464641
TONES-COL-0068,https://www.tonesfashion.com/collections/short-kurtas,cream-short-kurta-copy,10881141833921,49880652054721,483744415937|485820989633|290105786561|284518514881|284518645953|491823464641
TONES-COL-0068,https://www.tonesfashion.com/collections/short-kurtas,scenic-still-ness-sage-green-1,10881197867201,49880939561153,483744415937|485820989633|290105786561|284518514881|284518645953|491823464641
TONES-COL-0069,https://www.tonesfashion.com/collections/special-edition,scenic-still-ness-sage-green-1,10881197867201,49880939561153,483744415937|485820989633|290105786561|284518514881|284518645953|491823464641
TONES-COL-0069,https://www.tonesfashion.com/collections/special-edition,petal-trays-charcoal-green-short-kurta,10881197572289,49880937562305,483744415937|485820989633|290105786561|284518514881|284518645953|491823464641
TONES-COL-0069,https://www.tonesfashion.com/collections/special-edition,petal-trays-teal-blue-short-kurta,10881143406785,49880655659201,483744415937|485820989633|290105786561|284518514881|284518645953|491823464641
TONES-COL-0069,https://www.tonesfashion.com/collections/special-edition,scenic-still-ness-butter-yellow-short-kurta,10881142653121,49880653594817,483744415937|485820989633|290105786561|284518514881|284518645953|491823464641
TONES-COL-0069,https://www.tonesfashion.com/collections/special-edition,tusker-tails-soft-cream-short-kurta,10881142292673,49880653037761,483744415937|485820989633|290105786561|284518514881|284518645953|491823464641
TONES-COL-0069,https://www.tonesfashion.com/collections/special-edition,cream-short-kurta-copy,10881141833921,49880652054721,483744415937|485820989633|290105786561|284518514881|284518645953|491823464641
TONES-COL-0070,https://www.tonesfashion.com/collections/street-muse,tones-original-black,10547296174273,48606816534721,479542378689|490862379201|473433669825|473433571521|474547093697|491823464641|474531004609|293299388609|477701308609|475876458689
TONES-COL-0071,https://www.tonesfashion.com/collections/summer-casuals,elivated-basics-oversized,10746495533249,49324723339457,474547093697|284518547649|491823464641|479232426177|487623786689|474531004609
TONES-COL-0071,https://www.tonesfashion.com/collections/summer-casuals,elevated-basics-oversized-copy,10746907852993,49324720586945,474547093697|284518547649|491823464641|479232426177|487623786689|474531004609
TONES-COL-0071,https://www.tonesfashion.com/collections/summer-casuals,elevated-basics-oversized-copy-copy,10746909589697,49324716523713,474547093697|284518547649|491823464641|479232426177|487623786689|474531004609
TONES-COL-0071,https://www.tonesfashion.com/collections/summer-casuals,round-neck-slim-fit-tee-white-copy,10705727258817,49201863295169,479397216449|292796661953|474547093697|284518547649|491823464641|489800040641|479232426177|487623786689|474531004609
TONES-COL-0071,https://www.tonesfashion.com/collections/summer-casuals,round-neck-slim-fit-tee-navy-blue-copy,10705722310849,49201868865729,479397216449|292796661953|474547093697|284518547649|491823464641|489800040641|479232426177|487623786689|474531004609
TONES-COL-0074,https://www.tonesfashion.com/collections/sweat-shirts,acid-wash-muscle-tee,10984163705025,50255244099777,492303712449|293003460801|474547093697|284518547649|491823464641|487623786689|474531004609
TONES-COL-0074,https://www.tonesfashion.com/collections/sweat-shirts,elivated-basics-oversized,10746495533249,49324723339457,474547093697|284518547649|491823464641|479232426177|487623786689|474531004609
TONES-COL-0074,https://www.tonesfashion.com/collections/sweat-shirts,navy-blue-acid-wash-t-shirt-1,11027260408001,50427315257537,490551181505|471435739329|470701048001|293003460801|485747097793|474547093697|284518547649|491823464641|487623786689
TONES-COL-0074,https://www.tonesfashion.com/collections/sweat-shirts,elevated-basics-oversized-copy,10746907852993,49324720586945,474547093697|284518547649|491823464641|479232426177|487623786689|474531004609
TONES-COL-0074,https://www.tonesfashion.com/collections/sweat-shirts,anti-perfect-tee-cofee-beige,10751466766529,49337383190721,474547093697|491823464641|489800040641|487623786689|474531004609
TONES-COL-0074,https://www.tonesfashion.com/collections/sweat-shirts,storm-weaver-relaxed-fit-coffee-beige,10751062704321,49337392464065,474547093697|491823464641|489800040641|487623786689|474531004609
TONES-COL-0074,https://www.tonesfashion.com/collections/sweat-shirts,3-t-shirt-combo,10835797606593,49616978477249,474547093697|284518547649|489800040641|487623786689|474531004609
TONES-COL-0074,https://www.tonesfashion.com/collections/sweat-shirts,round-neck-slim-fit-tee-brown,10835786858689,49616970809537,474547093697|284518547649|491823464641|489800040641|487623786689|474531004609
TONES-COL-0074,https://www.tonesfashion.com/collections/sweat-shirts,round-neck-slim-fit-tee-charcoal-copy,10835786006721,49616968548545,474547093697|284518547649|491823464641|489800040641|487623786689|474531004609
TONES-COL-0074,https://www.tonesfashion.com/collections/sweat-shirts,round-neck-slim-fit-tee-charcoal,10835785744577,49616967893185,474547093697|284518547649|491823464641|489800040641|487623786689|474531004609
TONES-COL-0074,https://www.tonesfashion.com/collections/sweat-shirts,gods-master-piece-white-copy,10814172692673,49547127521473,490862379201|474547093697|491823464641|489800040641|487623786689|474531004609
TONES-COL-0074,https://www.tonesfashion.com/collections/sweat-shirts,predator-tee-relaxed-fit-green,10751065522369,49337391513793,474547093697|491823464641|489800040641|487623786689|474531004609
TONES-COL-0074,https://www.tonesfashion.com/collections/sweat-shirts,elevated-basics-oversized-copy-copy,10746909589697,49324716523713,474547093697|284518547649|491823464641|479232426177|487623786689|474531004609
TONES-COL-0074,https://www.tonesfashion.com/collections/sweat-shirts,round-neck-slim-fit-tee-white-copy,10705727258817,49201863295169,479397216449|292796661953|474547093697|284518547649|491823464641|489800040641|479232426177|487623786689|474531004609
TONES-COL-0074,https://www.tonesfashion.com/collections/sweat-shirts,round-neck-slim-fit-tee-navy-blue-copy,10705722310849,49201868865729,479397216449|292796661953|474547093697|284518547649|491823464641|489800040641|479232426177|487623786689|474531004609
TONES-COL-0074,https://www.tonesfashion.com/collections/sweat-shirts,tones-original-black,10547296174273,48606816534721,479542378689|490862379201|473433669825|473433571521|474547093697|491823464641|474531004609|293299388609|477701308609|475876458689
TONES-COL-0074,https://www.tonesfashion.com/collections/sweat-shirts,rustic-brown-acid-wash-t-shirt,11027259588801,50427312111809,490551181505|471435739329|470701048001|293003460801|485747097793|474547093697|284518547649|491823464641|489800040641|487623786689
TONES-COL-0074,https://www.tonesfashion.com/collections/sweat-shirts,navy-blue-acid-wash-t-shirt-2,11027260997825,50427320860865,490551181505|471435739329|470701048001|293003460801|485747097793|474547093697|284518547649|491823464641|487623786689
TONES-COL-0074,https://www.tonesfashion.com/collections/sweat-shirts,the-alpha-oversized-tee,11051699667137,50525600710849,471435739329|470701048001|483744415937|293003460801|485747097793|474547093697|284518547649|491823464641|491635343553|474531004609
TONES-COL-0074,https://www.tonesfashion.com/collections/sweat-shirts,the-alpha-oversized-tee-copy,11051705925825,50525615587521,471435739329|470701048001|483744415937|293003460801|485747097793|474547093697|284518547649|491823464641|491635343553|474531004609
TONES-COL-0074,https://www.tonesfashion.com/collections/sweat-shirts,the-final-act-oversized-tee-copy,11051711365313,50525626335425,471435739329|470701048001|483744415937|293003460801|485747097793|474547093697|284518547649|491823464641|491635343553|474531004609
TONES-COL-0075,https://www.tonesfashion.com/collections/sweatshirt,tones-original-black,10547296174273,48606816534721,479542378689|490862379201|473433669825|473433571521|474547093697|491823464641|474531004609|293299388609|477701308609|475876458689
TONES-COL-0076,https://www.tonesfashion.com/collections/t-shirts,the-final-act-oversized-tee-copy,11051711365313,50525626335425,471435739329|470701048001|483744415937|293003460801|485747097793|474547093697|284518547649|491823464641|491635343553|474531004609
TONES-COL-0076,https://www.tonesfashion.com/collections/t-shirts,the-alpha-oversized-tee-copy,11051705925825,50525615587521,471435739329|470701048001|483744415937|293003460801|485747097793|474547093697|284518547649|491823464641|491635343553|474531004609
TONES-COL-0076,https://www.tonesfashion.com/collections/t-shirts,the-alpha-oversized-tee,11051699667137,50525600710849,471435739329|470701048001|483744415937|293003460801|485747097793|474547093697|284518547649|491823464641|491635343553|474531004609
TONES-COL-0076,https://www.tonesfashion.com/collections/t-shirts,navy-blue-acid-wash-t-shirt-2,11027260997825,50427320860865,490551181505|471435739329|470701048001|293003460801|485747097793|474547093697|284518547649|491823464641|487623786689
TONES-COL-0076,https://www.tonesfashion.com/collections/t-shirts,navy-blue-acid-wash-t-shirt-1,11027260408001,50427315257537,490551181505|471435739329|470701048001|293003460801|485747097793|474547093697|284518547649|491823464641|487623786689
TONES-COL-0076,https://www.tonesfashion.com/collections/t-shirts,rustic-brown-acid-wash-t-shirt,11027259588801,50427312111809,490551181505|471435739329|470701048001|293003460801|485747097793|474547093697|284518547649|491823464641|489800040641|487623786689
TONES-COL-0076,https://www.tonesfashion.com/collections/t-shirts,acid-wash-muscle-tee,10984163705025,50255244099777,492303712449|293003460801|474547093697|284518547649|491823464641|487623786689|474531004609
TONES-COL-0076,https://www.tonesfashion.com/collections/t-shirts,3-t-shirt-combo,10835797606593,49616978477249,474547093697|284518547649|489800040641|487623786689|474531004609
TONES-COL-0076,https://www.tonesfashion.com/collections/t-shirts,round-neck-slim-fit-tee-brown,10835786858689,49616970809537,474547093697|284518547649|491823464641|489800040641|487623786689|474531004609
TONES-COL-0076,https://www.tonesfashion.com/collections/t-shirts,round-neck-slim-fit-tee-charcoal-copy,10835786006721,49616968548545,474547093697|284518547649|491823464641|489800040641|487623786689|474531004609
TONES-COL-0076,https://www.tonesfashion.com/collections/t-shirts,round-neck-slim-fit-tee-charcoal,10835785744577,49616967893185,474547093697|284518547649|491823464641|489800040641|487623786689|474531004609
TONES-COL-0076,https://www.tonesfashion.com/collections/t-shirts,elevated-basics-oversized-copy-copy,10746909589697,49324716523713,474547093697|284518547649|491823464641|479232426177|487623786689|474531004609
TONES-COL-0076,https://www.tonesfashion.com/collections/t-shirts,elevated-basics-oversized-copy,10746907852993,49324720586945,474547093697|284518547649|491823464641|479232426177|487623786689|474531004609
TONES-COL-0076,https://www.tonesfashion.com/collections/t-shirts,elivated-basics-oversized,10746495533249,49324723339457,474547093697|284518547649|491823464641|479232426177|487623786689|474531004609
TONES-COL-0076,https://www.tonesfashion.com/collections/t-shirts,round-neck-slim-fit-tee-white-copy,10705727258817,49201863295169,479397216449|292796661953|474547093697|284518547649|491823464641|489800040641|479232426177|487623786689|474531004609
TONES-COL-0076,https://www.tonesfashion.com/collections/t-shirts,round-neck-slim-fit-tee-navy-blue-copy,10705722310849,49201868865729,479397216449|292796661953|474547093697|284518547649|491823464641|489800040641|479232426177|487623786689|474531004609
TONES-COL-0080,https://www.tonesfashion.com/collections/the-one,tones-original-black,10547296174273,48606816534721,479542378689|490862379201|473433669825|473433571521|474547093697|491823464641|474531004609|293299388609|477701308609|475876458689
TONES-COL-0080,https://www.tonesfashion.com/collections/the-one,chaotic-good-pink-1,10582331523265,48697839583425,479397216449|475043758273|474423492801|479542378689|491823464641|474531004609|293299388609|477701308609
TONES-COL-0080,https://www.tonesfashion.com/collections/the-one,round-neck-slim-fit-tee-white-copy,10705727258817,49201863295169,479397216449|292796661953|474547093697|284518547649|491823464641|489800040641|479232426177|487623786689|474531004609
TONES-COL-0080,https://www.tonesfashion.com/collections/the-one,anti-perfect-tee-cofee-beige,10751466766529,49337383190721,474547093697|491823464641|489800040641|487623786689|474531004609
TONES-COL-0080,https://www.tonesfashion.com/collections/the-one,daily-tees-orange,10481367548097,48436801831105,479397216449|471435739329|491823464641|489800040641|487623786689|474531004609|293299388609
TONES-COL-0080,https://www.tonesfashion.com/collections/the-one,gods-master-piece-white-copy,10814172692673,49547127521473,490862379201|474547093697|491823464641|489800040641|487623786689|474531004609
TONES-COL-0080,https://www.tonesfashion.com/collections/the-one,tones-embroidery-cap-brown,10751687983297,49337387385025,474649919681|490862379201|293150261441|491823464641
TONES-COL-0080,https://www.tonesfashion.com/collections/the-one,predator-tee-relaxed-fit-green,10751065522369,49337391513793,474547093697|491823464641|489800040641|487623786689|474531004609
TONES-COL-0080,https://www.tonesfashion.com/collections/the-one,storm-weaver-relaxed-fit-coffee-beige,10751062704321,49337392464065,474547093697|491823464641|489800040641|487623786689|474531004609
TONES-COL-0080,https://www.tonesfashion.com/collections/the-one,navy-blue-courdury-shacket,10907446378689,49963381555393,479128486081|486469140673|293003460801|485747097793|288566313153|284518514881|483538763969|491823464641|487623786689
TONES-COL-0080,https://www.tonesfashion.com/collections/the-one,white-bloom-shirt,10826100211905,49581698482369,483744415937|293003460801|490862379201|284518514881|491823464641|487623786689
TONES-COL-0080,https://www.tonesfashion.com/collections/the-one,maroon-courdry-shacket-copy,10907453161665,49963396825281,479128486081|486469140673|293003460801|485747097793|288566313153|284518514881|483538763969|491823464641|487623786689
TONES-COL-0080,https://www.tonesfashion.com/collections/the-one,navy-blue-shirt,11040950124737,50484131266753,491790762177|293003460801|485747097793|288566313153|284518514881|483538763969|491823464641|491332731073
TONES-COL-0080,https://www.tonesfashion.com/collections/the-one,round-neck-slim-fit-tee-navy-blue-copy,10705722310849,49201868865729,479397216449|292796661953|474547093697|284518547649|491823464641|489800040641|479232426177|487623786689|474531004609
TONES-COL-0080,https://www.tonesfashion.com/collections/the-one,burgundy-satin-shirt,11040949436609,50484129530049,491790762177|293003460801|485747097793|288566313153|284518514881|483538763969|491823464641|491332731073
TONES-COL-0080,https://www.tonesfashion.com/collections/the-one,the-final-act-oversized-tee-copy,11051711365313,50525626335425,471435739329|470701048001|483744415937|293003460801|485747097793|474547093697|284518547649|491823464641|491635343553|474531004609
TONES-COL-0080,https://www.tonesfashion.com/collections/the-one,jet-black-shirt,11040950452417,50484132675777,491790762177|293003460801|485747097793|288566313153|284518514881|483538763969|491823464641|491332731073
TONES-COL-0080,https://www.tonesfashion.com/collections/the-one,soft-white-satin-shirt,11040948256961,50484126744769,491790762177|293003460801|485747097793|288566313153|284518514881|483538763969|491823464641|491332731073
TONES-COL-0080,https://www.tonesfashion.com/collections/the-one,textured-brown-shirt,10819286991041,49563563753665,288566313153|284518514881|491823464641
TONES-COL-0080,https://www.tonesfashion.com/collections/the-one,maroon-satin-shirt,10763722424513,49378837659841,490862379201|284518514881|483538763969|491823464641
TONES-COL-0080,https://www.tonesfashion.com/collections/the-one,daily-tees-black-copy,10481366139073,48436795506881,471435739329|491823464641|489800040641|487623786689|474531004609
TONES-COL-0080,https://www.tonesfashion.com/collections/the-one,the-alpha-oversized-tee,11051699667137,50525600710849,471435739329|470701048001|483744415937|293003460801|485747097793|474547093697|284518547649|491823464641|491635343553|474531004609
TONES-COL-0080,https://www.tonesfashion.com/collections/the-one,jute-grey-shirt,10819253895361,49563526299841,284518514881|491823464641
TONES-COL-0080,https://www.tonesfashion.com/collections/the-one,red-drip-sweatshirt,10802333221057,49513367863489,483744415937|482946384065|490862379201|491823464641
TONES-COL-0080,https://www.tonesfashion.com/collections/the-one,blue-checks-flanel,10848594067649,49648515088577,486469140673|293003460801|490862379201|284518514881|483538763969|491823464641
TONES-COL-0080,https://www.tonesfashion.com/collections/the-one,electric-blue-satin-shirt,10763723374785,49378839331009,490862379201|284518514881|483538763969|491823464641
TONES-COL-0080,https://www.tonesfashion.com/collections/the-one,blue-drip-sweatshirt-copy,10802333286593,49513368715457,483744415937|482946384065|490862379201|491823464641
TONES-COL-0080,https://www.tonesfashion.com/collections/the-one,jute-light-blue-shirt,10819253240001,49563525087425,288566313153|284518514881|491823464641
TONES-COL-0080,https://www.tonesfashion.com/collections/the-one,elevated-basics-oversized-copy-copy,10746909589697,49324716523713,474547093697|284518547649|491823464641|479232426177|487623786689|474531004609
TONES-COL-0080,https://www.tonesfashion.com/collections/the-one,brown-double-pocket-shacket,10852506468545,49663564611777,479128486081|486469140673|293003460801|485747097793|490862379201|288566313153|284518514881|483538763969|491823464641
TONES-COL-0080,https://www.tonesfashion.com/collections/the-one,dark-blue-checks-flanel,10848595542209,49648543170753,486469140673|293003460801|490862379201|284518514881|483538763969|491823464641
TONES-COL-0080,https://www.tonesfashion.com/collections/the-one,the-alpha-oversized-tee-copy,11051705925825,50525615587521,471435739329|470701048001|483744415937|293003460801|485747097793|474547093697|284518547649|491823464641|491635343553|474531004609
TONES-COL-0080,https://www.tonesfashion.com/collections/the-one,grey-chions,10818332098753,49561631097025,476140306625|289775419585|490862379201|491823464641
TONES-COL-0080,https://www.tonesfashion.com/collections/the-one,scenic-still-ness-sage-green-1,10881197867201,49880939561153,483744415937|485820989633|290105786561|284518514881|284518645953|491823464641
TONES-COL-0080,https://www.tonesfashion.com/collections/the-one,charcoal-grey-flannel-double-pocket-shirt,10852506239169,49663562481857,479128486081|486469140673|293003460801|490862379201|288566313153|284518514881|483538763969|491823464641
TONES-COL-0080,https://www.tonesfashion.com/collections/the-one,double-pocket-black-shirt,10820022599873,49565735747777,490862379201|284518514881|491823464641
TONES-COL-0080,https://www.tonesfashion.com/collections/the-one,grey-checks-flanel,10848605995201,49648585900225,490862379201|284518514881|483538763969|491823464641
TONES-COL-0080,https://www.tonesfashion.com/collections/the-one,brown-checks-flanel,10848593543361,49648509157569,490862379201|284518514881|483538763969|491823464641
TONES-COL-0080,https://www.tonesfashion.com/collections/the-one,black-flannel-double-pocket-shirt,10852506075329,49663559205057,479128486081|486469140673|293003460801|288566313153|284518514881|483538763969|491823464641
TONES-COL-0080,https://www.tonesfashion.com/collections/the-one,dobby-burnt-orange-shirt,10820070703297,49565835624641,490862379201|284518514881|483538763969|491823464641
TONES-COL-0080,https://www.tonesfashion.com/collections/the-one,petal-trays-teal-blue-short-kurta,10881143406785,49880655659201,483744415937|485820989633|290105786561|284518514881|284518645953|491823464641
TONES-COL-0080,https://www.tonesfashion.com/collections/the-one,olive-green-chions,10818355888321,49561664684225,476140306625|289775419585|491823464641
TONES-COL-0080,https://www.tonesfashion.com/collections/the-one,karma-jet-black-shirt,10829636960449,49601271005377,483744415937|293003460801|284518514881|483538763969|491823464641
TONES-COL-0080,https://www.tonesfashion.com/collections/the-one,elivated-basics-oversized,10746495533249,49324723339457,474547093697|284518547649|491823464641|479232426177|487623786689|474531004609
TONES-COL-0080,https://www.tonesfashion.com/collections/the-one,soft-white-satin-shirt-copy,11040948879553,50484128284865,491790762177|293003460801|485747097793|288566313153|284518514881|483538763969|491823464641|491332731073
TONES-COL-0080,https://www.tonesfashion.com/collections/the-one,marine-rayon,10826103390401,49581717422273,293003460801|284518514881|483538763969|491823464641|487623786689
TONES-COL-0080,https://www.tonesfashion.com/collections/the-one,navy-blue-acid-wash-t-shirt-2,11027260997825,50427320860865,490551181505|471435739329|470701048001|293003460801|485747097793|474547093697|284518547649|491823464641|487623786689
TONES-COL-0080,https://www.tonesfashion.com/collections/the-one,dark-brown-chions,10818352152769,49561659179201,476140306625|289775419585|490862379201|491823464641
TONES-COL-0080,https://www.tonesfashion.com/collections/the-one,olive-green-cargos,10897643536577,49934144078017,476140306625|473433604289|293003460801|485747097793|289775419585|491823464641
TONES-COL-0080,https://www.tonesfashion.com/collections/the-one,round-neck-slim-fit-tee-brown,10835786858689,49616970809537,474547093697|284518547649|491823464641|489800040641|487623786689|474531004609
TONES-COL-0080,https://www.tonesfashion.com/collections/the-one,petal-trays-charcoal-green-short-kurta,10881197572289,49880937562305,483744415937|485820989633|290105786561|284518514881|284518645953|491823464641
TONES-COL-0080,https://www.tonesfashion.com/collections/the-one,elevated-basics-oversized-copy,10746907852993,49324720586945,474547093697|284518547649|491823464641|479232426177|487623786689|474531004609
TONES-COL-0080,https://www.tonesfashion.com/collections/the-one,navy-blue-acid-wash-t-shirt-1,11027260408001,50427315257537,490551181505|471435739329|470701048001|293003460801|485747097793|474547093697|284518547649|491823464641|487623786689
TONES-COL-0080,https://www.tonesfashion.com/collections/the-one,grey-double-pocket-shacket,10852506435777,49663563104449,479128486081|486469140673|293003460801|485747097793|490862379201|288566313153|284518514881|483538763969|491823464641
TONES-COL-0080,https://www.tonesfashion.com/collections/the-one,scenic-still-ness-butter-yellow-short-kurta,10881142653121,49880653594817,483744415937|485820989633|290105786561|284518514881|284518645953|491823464641
TONES-COL-0080,https://www.tonesfashion.com/collections/the-one,rustic-brown-acid-wash-t-shirt,11027259588801,50427312111809,490551181505|471435739329|470701048001|293003460801|485747097793|474547093697|284518547649|491823464641|489800040641|487623786689
TONES-COL-0080,https://www.tonesfashion.com/collections/the-one,acid-wash-muscle-tee,10984163705025,50255244099777,492303712449|293003460801|474547093697|284518547649|491823464641|487623786689|474531004609
TONES-COL-0080,https://www.tonesfashion.com/collections/the-one,maroon-double-pocket-shirt,10852507680961,49663569920193,293003460801|288566313153|284518514881|483538763969|491823464641
TONES-COL-0080,https://www.tonesfashion.com/collections/the-one,ivory-sand-modal-shirt,11012841373889,50382586740929,489879994561|293003460801|485747097793|284518514881|483538763969|491823464641|489910337729|487623786689
TONES-COL-0080,https://www.tonesfashion.com/collections/the-one,cream-chinos,10770335203521,49400232050881,476140306625|491823464641
TONES-COL-0080,https://www.tonesfashion.com/collections/the-one,cream-short-kurta-copy,10881141833921,49880652054721,483744415937|485820989633|290105786561|284518514881|284518645953|491823464641
TONES-COL-0080,https://www.tonesfashion.com/collections/the-one,tusker-tails-soft-cream-short-kurta,10881142292673,49880653037761,483744415937|485820989633|290105786561|284518514881|284518645953|491823464641
TONES-COL-0080,https://www.tonesfashion.com/collections/the-one,tropic-rayon,10826102374593,49581711032513,293003460801|284518514881|483538763969|491823464641|487623786689
TONES-COL-0080,https://www.tonesfashion.com/collections/the-one,karma-white-shirt,10829637124289,49601271922881,483744415937|293003460801|284518514881|483538763969|491823464641
TONES-COL-0080,https://www.tonesfashion.com/collections/the-one,sage-rayon,10826100539585,49581700153537,293003460801|284518514881|483538763969|491823464641|487623786689
TONES-COL-0080,https://www.tonesfashion.com/collections/the-one,round-neck-slim-fit-tee-charcoal,10835785744577,49616967893185,474547093697|284518547649|491823464641|489800040641|487623786689|474531004609
TONES-COL-0080,https://www.tonesfashion.com/collections/the-one,grey-cargo,10897638097089,49934133264577,476140306625|473433604289|293003460801|485747097793|289775419585|491823464641
TONES-COL-0080,https://www.tonesfashion.com/collections/the-one,round-neck-slim-fit-tee-charcoal-copy,10835786006721,49616968548545,474547093697|284518547649|491823464641|489800040641|487623786689|474531004609
TONES-COL-0081,https://www.tonesfashion.com/collections/the-refined-classics-1,ivory-sand-modal-shirt,11012841373889,50382586740929,489879994561|293003460801|485747097793|284518514881|483538763969|491823464641|489910337729|487623786689
TONES-COL-0082,https://www.tonesfashion.com/collections/the-satin-edit,jet-black-shirt,11040950452417,50484132675777,491790762177|293003460801|485747097793|288566313153|284518514881|483538763969|491823464641|491332731073
TONES-COL-0082,https://www.tonesfashion.com/collections/the-satin-edit,navy-blue-shirt,11040950124737,50484131266753,491790762177|293003460801|485747097793|288566313153|284518514881|483538763969|491823464641|491332731073
TONES-COL-0082,https://www.tonesfashion.com/collections/the-satin-edit,soft-white-satin-shirt,11040948256961,50484126744769,491790762177|293003460801|485747097793|288566313153|284518514881|483538763969|491823464641|491332731073
TONES-COL-0082,https://www.tonesfashion.com/collections/the-satin-edit,soft-white-satin-shirt-copy,11040948879553,50484128284865,491790762177|293003460801|485747097793|288566313153|284518514881|483538763969|491823464641|491332731073
TONES-COL-0082,https://www.tonesfashion.com/collections/the-satin-edit,burgundy-satin-shirt,11040949436609,50484129530049,491790762177|293003460801|485747097793|288566313153|284518514881|483538763969|491823464641|491332731073
TONES-COL-0083,https://www.tonesfashion.com/collections/the-understatement-collection,deep-sage-gauze-cotton-shirt-copy,11079219511489,50606631518401,293003460801|485747097793|288566313153|284518514881|483538763969|492225069249
TONES-COL-0083,https://www.tonesfashion.com/collections/the-understatement-collection,yellow-oxford-shirt,11079248609473,50606712094913,293003460801|485747097793|288566313153|284518514881|483538763969|492225069249
TONES-COL-0083,https://www.tonesfashion.com/collections/the-understatement-collection,pink-oxford-shirt,11079248969921,50606712914113,293003460801|485747097793|288566313153|284518514881|483538763969|492225069249
TONES-COL-0083,https://www.tonesfashion.com/collections/the-understatement-collection,blue-oxford-shirt-copy,11079247167681,50606710227137,293003460801|485747097793|288566313153|284518514881|483538763969|492225069249
TONES-COL-0084,https://www.tonesfashion.com/collections/the-wildcard,the-alpha-oversized-tee,11051699667137,50525600710849,471435739329|470701048001|483744415937|293003460801|485747097793|474547093697|284518547649|491823464641|491635343553|474531004609
TONES-COL-0084,https://www.tonesfashion.com/collections/the-wildcard,the-alpha-oversized-tee-copy,11051705925825,50525615587521,471435739329|470701048001|483744415937|293003460801|485747097793|474547093697|284518547649|491823464641|491635343553|474531004609
TONES-COL-0084,https://www.tonesfashion.com/collections/the-wildcard,the-final-act-oversized-tee-copy,11051711365313,50525626335425,471435739329|470701048001|483744415937|293003460801|485747097793|474547093697|284518547649|491823464641|491635343553|474531004609
TONES-COL-0090,https://www.tonesfashion.com/collections/tshirts,3-t-shirt-combo,10835797606593,49616978477249,474547093697|284518547649|489800040641|487623786689|474531004609
TONES-COL-0090,https://www.tonesfashion.com/collections/tshirts,round-neck-slim-fit-tee-white-copy,10705727258817,49201863295169,479397216449|292796661953|474547093697|284518547649|491823464641|489800040641|479232426177|487623786689|474531004609
TONES-COL-0090,https://www.tonesfashion.com/collections/tshirts,anti-perfect-tee-cofee-beige,10751466766529,49337383190721,474547093697|491823464641|489800040641|487623786689|474531004609
TONES-COL-0090,https://www.tonesfashion.com/collections/tshirts,daily-tees-orange,10481367548097,48436801831105,479397216449|471435739329|491823464641|489800040641|487623786689|474531004609|293299388609
TONES-COL-0090,https://www.tonesfashion.com/collections/tshirts,gods-master-piece-white-copy,10814172692673,49547127521473,490862379201|474547093697|491823464641|489800040641|487623786689|474531004609
TONES-COL-0090,https://www.tonesfashion.com/collections/tshirts,predator-tee-relaxed-fit-green,10751065522369,49337391513793,474547093697|491823464641|489800040641|487623786689|474531004609
TONES-COL-0090,https://www.tonesfashion.com/collections/tshirts,storm-weaver-relaxed-fit-coffee-beige,10751062704321,49337392464065,474547093697|491823464641|489800040641|487623786689|474531004609
TONES-COL-0090,https://www.tonesfashion.com/collections/tshirts,round-neck-slim-fit-tee-navy-blue-copy,10705722310849,49201868865729,479397216449|292796661953|474547093697|284518547649|491823464641|489800040641|479232426177|487623786689|474531004609
TONES-COL-0090,https://www.tonesfashion.com/collections/tshirts,daily-tees-black-copy,10481366139073,48436795506881,471435739329|491823464641|489800040641|487623786689|474531004609
TONES-COL-0090,https://www.tonesfashion.com/collections/tshirts,round-neck-slim-fit-tee-brown,10835786858689,49616970809537,474547093697|284518547649|491823464641|489800040641|487623786689|474531004609
TONES-COL-0090,https://www.tonesfashion.com/collections/tshirts,rustic-brown-acid-wash-t-shirt,11027259588801,50427312111809,490551181505|471435739329|470701048001|293003460801|485747097793|474547093697|284518547649|491823464641|489800040641|487623786689
TONES-COL-0090,https://www.tonesfashion.com/collections/tshirts,round-neck-slim-fit-tee-charcoal,10835785744577,49616967893185,474547093697|284518547649|491823464641|489800040641|487623786689|474531004609
TONES-COL-0090,https://www.tonesfashion.com/collections/tshirts,round-neck-slim-fit-tee-charcoal-copy,10835786006721,49616968548545,474547093697|284518547649|491823464641|489800040641|487623786689|474531004609
TONES-COL-0091,https://www.tonesfashion.com/collections/under-999,navy-blue-acid-wash-t-shirt-1,11027260408001,50427315257537,490551181505|471435739329|470701048001|293003460801|485747097793|474547093697|284518547649|491823464641|487623786689
TONES-COL-0091,https://www.tonesfashion.com/collections/under-999,ivory-sand-modal-shirt,11012841373889,50382586740929,489879994561|293003460801|485747097793|284518514881|483538763969|491823464641|489910337729|487623786689
TONES-COL-0091,https://www.tonesfashion.com/collections/under-999,acid-wash-muscle-tee,10984163705025,50255244099777,492303712449|293003460801|474547093697|284518547649|491823464641|487623786689|474531004609
TONES-COL-0091,https://www.tonesfashion.com/collections/under-999,navy-blue-acid-wash-t-shirt-2,11027260997825,50427320860865,490551181505|471435739329|470701048001|293003460801|485747097793|474547093697|284518547649|491823464641|487623786689
TONES-COL-0091,https://www.tonesfashion.com/collections/under-999,rustic-brown-acid-wash-t-shirt,11027259588801,50427312111809,490551181505|471435739329|470701048001|293003460801|485747097793|474547093697|284518547649|491823464641|489800040641|487623786689
TONES-COL-0091,https://www.tonesfashion.com/collections/under-999,elevated-basics-oversized-copy-copy,10746909589697,49324716523713,474547093697|284518547649|491823464641|479232426177|487623786689|474531004609
TONES-COL-0091,https://www.tonesfashion.com/collections/under-999,round-neck-slim-fit-tee-navy-blue-copy,10705722310849,49201868865729,479397216449|292796661953|474547093697|284518547649|491823464641|489800040641|479232426177|487623786689|474531004609
TONES-COL-0091,https://www.tonesfashion.com/collections/under-999,maroon-courdry-shacket-copy,10907453161665,49963396825281,479128486081|486469140673|293003460801|485747097793|288566313153|284518514881|483538763969|491823464641|487623786689
TONES-COL-0091,https://www.tonesfashion.com/collections/under-999,navy-blue-courdury-shacket,10907446378689,49963381555393,479128486081|486469140673|293003460801|485747097793|288566313153|284518514881|483538763969|491823464641|487623786689
TONES-COL-0091,https://www.tonesfashion.com/collections/under-999,3-t-shirt-combo,10835797606593,49616978477249,474547093697|284518547649|489800040641|487623786689|474531004609
TONES-COL-0091,https://www.tonesfashion.com/collections/under-999,tropic-rayon,10826102374593,49581711032513,293003460801|284518514881|483538763969|491823464641|487623786689
TONES-COL-0091,https://www.tonesfashion.com/collections/under-999,sage-rayon,10826100539585,49581700153537,293003460801|284518514881|483538763969|491823464641|487623786689
TONES-COL-0091,https://www.tonesfashion.com/collections/under-999,marine-rayon,10826103390401,49581717422273,293003460801|284518514881|483538763969|491823464641|487623786689
TONES-COL-0091,https://www.tonesfashion.com/collections/under-999,gods-master-piece-white-copy,10814172692673,49547127521473,490862379201|474547093697|491823464641|489800040641|487623786689|474531004609
TONES-COL-0091,https://www.tonesfashion.com/collections/under-999,elivated-basics-oversized,10746495533249,49324723339457,474547093697|284518547649|491823464641|479232426177|487623786689|474531004609
TONES-COL-0091,https://www.tonesfashion.com/collections/under-999,round-neck-slim-fit-tee-brown,10835786858689,49616970809537,474547093697|284518547649|491823464641|489800040641|487623786689|474531004609
TONES-COL-0091,https://www.tonesfashion.com/collections/under-999,round-neck-slim-fit-tee-charcoal-copy,10835786006721,49616968548545,474547093697|284518547649|491823464641|489800040641|487623786689|474531004609
TONES-COL-0091,https://www.tonesfashion.com/collections/under-999,round-neck-slim-fit-tee-charcoal,10835785744577,49616967893185,474547093697|284518547649|491823464641|489800040641|487623786689|474531004609
TONES-COL-0091,https://www.tonesfashion.com/collections/under-999,anti-perfect-tee-cofee-beige,10751466766529,49337383190721,474547093697|491823464641|489800040641|487623786689|474531004609
TONES-COL-0091,https://www.tonesfashion.com/collections/under-999,predator-tee-relaxed-fit-green,10751065522369,49337391513793,474547093697|491823464641|489800040641|487623786689|474531004609
TONES-COL-0091,https://www.tonesfashion.com/collections/under-999,storm-weaver-relaxed-fit-coffee-beige,10751062704321,49337392464065,474547093697|491823464641|489800040641|487623786689|474531004609
TONES-COL-0091,https://www.tonesfashion.com/collections/under-999,elevated-basics-oversized-copy,10746907852993,49324720586945,474547093697|284518547649|491823464641|479232426177|487623786689|474531004609
TONES-COL-0091,https://www.tonesfashion.com/collections/under-999,round-neck-slim-fit-tee-white-copy,10705727258817,49201863295169,479397216449|292796661953|474547093697|284518547649|491823464641|489800040641|479232426177|487623786689|474531004609
TONES-COL-0091,https://www.tonesfashion.com/collections/under-999,white-bloom-shirt,10826100211905,49581698482369,483744415937|293003460801|490862379201|284518514881|491823464641|487623786689
TONES-COL-0091,https://www.tonesfashion.com/collections/under-999,daily-tees-black-copy,10481366139073,48436795506881,471435739329|491823464641|489800040641|487623786689|474531004609
TONES-COL-0091,https://www.tonesfashion.com/collections/under-999,daily-tees-orange,10481367548097,48436801831105,479397216449|471435739329|491823464641|489800040641|487623786689|474531004609|293299388609
TONES-COL-0092,https://www.tonesfashion.com/collections/unisex,chaotic-good-pink-1,10582331523265,48697839583425,479397216449|475043758273|474423492801|479542378689|491823464641|474531004609|293299388609|477701308609
TONES-COL-0092,https://www.tonesfashion.com/collections/unisex,tones-original-black,10547296174273,48606816534721,479542378689|490862379201|473433669825|473433571521|474547093697|491823464641|474531004609|293299388609|477701308609|475876458689
TONES-COL-0092,https://www.tonesfashion.com/collections/unisex,daily-tees-orange,10481367548097,48436801831105,479397216449|471435739329|491823464641|489800040641|487623786689|474531004609|293299388609
TONES-COL-0094,https://www.tonesfashion.com/collections/valentines-day-sale,tones-original-black,10547296174273,48606816534721,479542378689|490862379201|473433669825|473433571521|474547093697|491823464641|474531004609|293299388609|477701308609|475876458689
TONES-COL-0094,https://www.tonesfashion.com/collections/valentines-day-sale,chaotic-good-pink-1,10582331523265,48697839583425,479397216449|475043758273|474423492801|479542378689|491823464641|474531004609|293299388609|477701308609
